[2026-02-08 06:11:11] Текст ошибки: Возникла ошибка | Файл: C:\OSPanel\domains\new-ishop2\public\index.php | Строка: 12
==========
[2026-02-08 06:11:12] Текст ошибки: Возникла ошибка | Файл: C:\OSPanel\domains\new-ishop2\public\index.php | Строка: 12
==========
[2026-02-08 06:14:59] Текст ошибки: Undefined variable $test | Файл: C:\OSPanel\domains\new-ishop2\public\index.php | Строка: 13
==========
[2026-02-08 06:16:24] Текст ошибки: Undefined variable $test | Файл: C:\OSPanel\domains\new-ishop2\public\index.php | Строка: 13
==========
[2026-02-08 06:16:29] Текст ошибки: Undefined variable $test | Файл: C:\OSPanel\domains\new-ishop2\public\index.php | Строка: 13
==========
[2026-02-08 06:16:38] Текст ошибки: Undefined variable $test | Файл: C:\OSPanel\domains\new-ishop2\public\index.php | Строка: 13
==========
[2026-02-08 06:18:25] Текст ошибки: Undefined variable $test | Файл: C:\OSPanel\domains\new-ishop2\public\index.php | Строка: 13
==========
[2026-02-08 06:19:05] Текст ошибки: Возникла ошибка | Файл: C:\OSPanel\domains\new-ishop2\public\index.php | Строка: 12
==========
[2026-02-08 06:19:29] Текст ошибки: Возникла ошибка | Файл: C:\OSPanel\domains\new-ishop2\public\index.php | Строка: 12
==========
[2026-02-10 04:28:01] Текст ошибки: Возникла ошибка | Файл: C:\OSPanel\domains\new-ishop2\public\index.php | Строка: 12
==========
[2026-02-10 08:08:28] Текст ошибки: Undefined variable $routes | Файл: C:\OSPanel\domains\new-ishop2\public\index.php | Строка: 17
==========
[2026-02-10 08:08:48] Текст ошибки: Undefined variable $routes | Файл: C:\OSPanel\domains\new-ishop2\public\index.php | Строка: 17
==========
[2026-02-13 10:58:32] Текст ошибки: Undefined array key "admin_prefix" | Файл: C:\OSPanel\domains\new-ishop2\vendor\wfm\Router.php | Строка: 39
==========
[2026-02-13 10:58:47] Текст ошибки: Undefined array key "" | Файл: C:\OSPanel\domains\new-ishop2\vendor\wfm\Router.php | Строка: 39
==========
[2026-02-13 10:58:50] Текст ошибки: Undefined array key "" | Файл: C:\OSPanel\domains\new-ishop2\vendor\wfm\Router.php | Строка: 39
==========
[2026-02-13 11:00:35] Текст ошибки: Undefined array key "admin_prefix" | Файл: C:\OSPanel\domains\new-ishop2\vendor\wfm\Router.php | Строка: 39
==========
[2026-02-13 11:00:37] Текст ошибки: Undefined array key "admin_prefix" | Файл: C:\OSPanel\domains\new-ishop2\vendor\wfm\Router.php | Строка: 39
==========
[2026-02-13 11:03:06] Текст ошибки: Undefined array key "admin_prefix" | Файл: C:\OSPanel\domains\new-ishop2\vendor\wfm\Router.php | Строка: 42
==========
[2026-02-13 11:06:49] Текст ошибки: Undefined array key "admin_prefix" | Файл: C:\OSPanel\domains\new-ishop2\vendor\wfm\Router.php | Строка: 42
==========
[2026-02-13 11:06:51] Текст ошибки: Undefined array key "admin_prefix" | Файл: C:\OSPanel\domains\new-ishop2\vendor\wfm\Router.php | Строка: 42
==========
[2026-02-13 11:28:45] Текст ошибки: Undefined array key "action" | Файл: C:\OSPanel\domains\new-ishop2\vendor\wfm\Router.php | Строка: 35
==========
[2026-02-13 11:29:01] Текст ошибки: Undefined array key "action" | Файл: C:\OSPanel\domains\new-ishop2\vendor\wfm\Router.php | Строка: 35
==========
[2026-02-13 11:33:54] Текст ошибки: Cannot access offset of type string on string | Файл: C:\OSPanel\domains\new-ishop2\vendor\wfm\Router.php | Строка: 34
==========
[2026-02-15 05:44:08] Текст ошибки: Страница не найдена | Файл: C:\OSPanel\domains\new-ishop2\vendor\wfm\Router.php | Строка: 31
==========
[2026-02-15 05:44:37] Текст ошибки: Страница не найдена | Файл: C:\OSPanel\domains\new-ishop2\vendor\wfm\Router.php | Строка: 31
==========
[2026-02-15 05:44:48] Текст ошибки: Страница не найдена | Файл: C:\OSPanel\domains\new-ishop2\vendor\wfm\Router.php | Строка: 31
==========
[2026-02-15 06:11:41] Текст ошибки: Страница не найдена | Файл: C:\OSPanel\domains\new-ishop2\vendor\wfm\Router.php | Строка: 31
==========
[2026-02-15 06:13:12] Текст ошибки: Страница не найдена | Файл: C:\OSPanel\domains\new-ishop2\vendor\wfm\Router.php | Строка: 31
==========
[2026-02-15 06:13:13] Текст ошибки: Страница не найдена | Файл: C:\OSPanel\domains\new-ishop2\vendor\wfm\Router.php | Строка: 31
==========
[2026-02-15 06:13:14] Текст ошибки: Страница не найдена | Файл: C:\OSPanel\domains\new-ishop2\vendor\wfm\Router.php | Строка: 31
==========
[2026-02-15 06:13:14] Текст ошибки: Страница не найдена | Файл: C:\OSPanel\domains\new-ishop2\vendor\wfm\Router.php | Строка: 31
==========
[2026-02-15 06:14:14] Текст ошибки: Страница не найдена | Файл: C:\OSPanel\domains\new-ishop2\vendor\wfm\Router.php | Строка: 32
==========
[2026-02-15 06:14:16] Текст ошибки: Страница не найдена | Файл: C:\OSPanel\domains\new-ishop2\vendor\wfm\Router.php | Строка: 32
==========
[2026-02-15 06:14:16] Текст ошибки: Страница не найдена | Файл: C:\OSPanel\domains\new-ishop2\vendor\wfm\Router.php | Строка: 32
==========
[2026-02-15 06:14:44] Текст ошибки: Страница не найдена | Файл: C:\OSPanel\domains\new-ishop2\vendor\wfm\Router.php | Строка: 31
==========
[2026-02-15 06:14:48] Текст ошибки: Страница не найдена | Файл: C:\OSPanel\domains\new-ishop2\vendor\wfm\Router.php | Строка: 31
==========
[2026-02-15 06:25:22] Текст ошибки: Страница не найдена | Файл: C:\OSPanel\domains\new-ishop2\vendor\wfm\Router.php | Строка: 36
==========
[2026-02-15 06:25:57] Текст ошибки: Страница не найдена | Файл: C:\OSPanel\domains\new-ishop2\vendor\wfm\Router.php | Строка: 36
==========
[2026-02-15 06:26:45] Текст ошибки: Страница не найдена | Файл: C:\OSPanel\domains\new-ishop2\vendor\wfm\Router.php | Строка: 36
==========
[2026-02-15 06:27:26] Текст ошибки: Страница не найдена | Файл: C:\OSPanel\domains\new-ishop2\vendor\wfm\Router.php | Строка: 36
==========
[2026-02-15 07:12:29] Текст ошибки: Контроллер app\controllers\MainController не найден | Файл: C:\OSPanel\domains\new-ishop2\vendor\wfm\Router.php | Строка: 35
==========
[2026-02-15 07:13:24] Текст ошибки: Контроллер app\controllers\MainController не найден | Файл: C:\OSPanel\domains\new-ishop2\vendor\wfm\Router.php | Строка: 35
==========
[2026-02-15 07:13:47] Текст ошибки: Контроллер app\controllers\MainController не найден | Файл: C:\OSPanel\domains\new-ishop2\vendor\wfm\Router.php | Строка: 35
==========
[2026-02-15 07:13:47] Текст ошибки: Контроллер app\controllers\MainController не найден | Файл: C:\OSPanel\domains\new-ishop2\vendor\wfm\Router.php | Строка: 35
==========
[2026-02-15 07:13:48] Текст ошибки: Контроллер app\controllers\MainController не найден | Файл: C:\OSPanel\domains\new-ishop2\vendor\wfm\Router.php | Строка: 35
==========
[2026-02-15 07:21:37] Текст ошибки: Страница не найдена | Файл: C:\OSPanel\domains\new-ishop2\vendor\wfm\Router.php | Строка: 40
==========
[2026-02-15 07:21:48] Текст ошибки: Контроллер app\controllers\PageController не найден | Файл: C:\OSPanel\domains\new-ishop2\vendor\wfm\Router.php | Строка: 37
==========
[2026-02-15 07:21:53] Текст ошибки: Контроллер app\controllers\admin\MainController не найден | Файл: C:\OSPanel\domains\new-ishop2\vendor\wfm\Router.php | Строка: 37
==========
[2026-02-15 07:22:05] Текст ошибки: Контроллер app\controllers\ProductController не найден | Файл: C:\OSPanel\domains\new-ishop2\vendor\wfm\Router.php | Строка: 37
==========
[2026-02-15 07:22:11] Текст ошибки: Контроллер app\controllers\ProductController не найден | Файл: C:\OSPanel\domains\new-ishop2\vendor\wfm\Router.php | Строка: 37
==========
[2026-02-15 07:24:03] Текст ошибки: Контроллер app\controllers\PageController не найден | Файл: C:\OSPanel\domains\new-ishop2\vendor\wfm\Router.php | Строка: 37
==========
[2026-02-15 07:30:32] Текст ошибки: Метод app\controllers\MainController::viewAction не найден | Файл: C:\OSPanel\domains\new-ishop2\vendor\wfm\Router.php | Строка: 36
==========
[2026-02-15 07:31:23] Текст ошибки: Метод app\controllers\MainController::viewAction не найден | Файл: C:\OSPanel\domains\new-ishop2\vendor\wfm\Router.php | Строка: 36
==========
[2026-02-15 08:03:44] Текст ошибки: Метод app\controllers\MainController::indexAction не найден | Файл: C:\OSPanel\domains\new-ishop2\vendor\wfm\Router.php | Строка: 36
==========
[2026-02-15 08:03:44] Текст ошибки: Метод app\controllers\MainController::indexAction не найден | Файл: C:\OSPanel\domains\new-ishop2\vendor\wfm\Router.php | Строка: 36
==========
[2026-02-15 08:04:05] Текст ошибки: Метод app\controllers\MainController::indexAction не найден | Файл: C:\OSPanel\domains\new-ishop2\vendor\wfm\Router.php | Строка: 36
==========
[2026-02-15 08:04:37] Текст ошибки: Метод app\controllers\MainController::indexAction не найден | Файл: C:\OSPanel\domains\new-ishop2\vendor\wfm\Router.php | Строка: 36
==========
[2026-02-15 08:05:07] Текст ошибки: Метод app\controllers\MainController::indexAction не найден | Файл: C:\OSPanel\domains\new-ishop2\vendor\wfm\Router.php | Строка: 36
==========
[2026-02-15 08:05:08] Текст ошибки: Метод app\controllers\MainController::indexAction не найден | Файл: C:\OSPanel\domains\new-ishop2\vendor\wfm\Router.php | Строка: 36
==========
[2026-02-15 08:05:09] Текст ошибки: Метод app\controllers\MainController::indexAction не найден | Файл: C:\OSPanel\domains\new-ishop2\vendor\wfm\Router.php | Строка: 36
==========
[2026-02-15 08:05:09] Текст ошибки: Страница не найдена | Файл: C:\OSPanel\domains\new-ishop2\vendor\wfm\Router.php | Строка: 43
==========
[2026-02-15 08:06:00] Текст ошибки: Метод app\controllers\MainController::indexAction не найден | Файл: C:\OSPanel\domains\new-ishop2\vendor\wfm\Router.php | Строка: 36
==========
[2026-02-15 08:06:02] Текст ошибки: Метод app\controllers\MainController::indexAction не найден | Файл: C:\OSPanel\domains\new-ishop2\vendor\wfm\Router.php | Строка: 36
==========
[2026-02-15 08:06:02] Текст ошибки: Страница не найдена | Файл: C:\OSPanel\domains\new-ishop2\vendor\wfm\Router.php | Строка: 43
==========
[2026-02-15 08:07:07] Текст ошибки: Метод app\controllers\MainController::indexAction не найден | Файл: C:\OSPanel\domains\new-ishop2\vendor\wfm\Router.php | Строка: 37
==========
[2026-02-15 08:07:45] Текст ошибки: Метод app\controllers\MainController::indexAction не найден | Файл: C:\OSPanel\domains\new-ishop2\vendor\wfm\Router.php | Строка: 37
==========
[2026-02-15 08:07:46] Текст ошибки: Метод app\controllers\MainController::indexAction не найден | Файл: C:\OSPanel\domains\new-ishop2\vendor\wfm\Router.php | Строка: 37
==========
[2026-02-15 08:07:46] Текст ошибки: Страница не найдена | Файл: C:\OSPanel\domains\new-ishop2\vendor\wfm\Router.php | Строка: 44
==========
[2026-02-15 08:08:45] Текст ошибки: Метод app\controllers\MainController::indexAction не найден | Файл: C:\OSPanel\domains\new-ishop2\vendor\wfm\Router.php | Строка: 37
==========
[2026-02-15 08:08:45] Текст ошибки: Метод app\controllers\MainController::indexAction не найден | Файл: C:\OSPanel\domains\new-ishop2\vendor\wfm\Router.php | Строка: 37
==========
[2026-02-15 08:08:45] Текст ошибки: Метод app\controllers\MainController::indexAction не найден | Файл: C:\OSPanel\domains\new-ishop2\vendor\wfm\Router.php | Строка: 37
==========
[2026-02-15 08:08:47] Текст ошибки: Метод app\controllers\MainController::indexAction не найден | Файл: C:\OSPanel\domains\new-ishop2\vendor\wfm\Router.php | Строка: 37
==========
[2026-02-15 08:08:47] Текст ошибки: Страница не найдена | Файл: C:\OSPanel\domains\new-ishop2\vendor\wfm\Router.php | Строка: 44
==========
[2026-02-15 08:10:00] Текст ошибки: Страница не найдена | Файл: C:\OSPanel\domains\new-ishop2\vendor\wfm\Router.php | Строка: 44
==========
[2026-02-15 08:10:24] Текст ошибки: Контроллер app\controllers\PageController не найден | Файл: C:\OSPanel\domains\new-ishop2\vendor\wfm\Router.php | Строка: 41
==========
[2026-02-15 08:11:27] Текст ошибки: Контроллер app\controllers\PageController не найден | Файл: C:\OSPanel\domains\new-ishop2\vendor\wfm\Router.php | Строка: 41
==========
[2026-02-15 08:12:40] Текст ошибки: Страница не найдена | Файл: C:\OSPanel\domains\new-ishop2\vendor\wfm\Router.php | Строка: 44
==========
[2026-02-15 08:12:51] Текст ошибки: Контроллер app\controllers\PageController не найден | Файл: C:\OSPanel\domains\new-ishop2\vendor\wfm\Router.php | Строка: 41
==========
[2026-02-15 08:13:50] Текст ошибки: Контроллер app\controllers\PageController не найден | Файл: C:\OSPanel\domains\new-ishop2\vendor\wfm\Router.php | Строка: 41
==========
[2026-02-15 08:22:55] Текст ошибки: Страница не найдена | Файл: C:\OSPanel\domains\new-ishop2\vendor\wfm\Router.php | Строка: 44
==========
[2026-02-15 08:23:37] Текст ошибки: Страница не найдена | Файл: C:\OSPanel\domains\new-ishop2\vendor\wfm\Router.php | Строка: 44
==========
[2026-02-15 08:23:38] Текст ошибки: Страница не найдена | Файл: C:\OSPanel\domains\new-ishop2\vendor\wfm\Router.php | Строка: 44
==========
[2026-02-15 08:23:38] Текст ошибки: Страница не найдена | Файл: C:\OSPanel\domains\new-ishop2\vendor\wfm\Router.php | Строка: 44
==========
[2026-02-15 08:23:47] Текст ошибки: Контроллер app\controllers\PageController не найден | Файл: C:\OSPanel\domains\new-ishop2\vendor\wfm\Router.php | Строка: 41
==========
[2026-02-15 08:24:18] Текст ошибки: Метод app\controllers\PageController::viewAction не найден | Файл: C:\OSPanel\domains\new-ishop2\vendor\wfm\Router.php | Строка: 37
==========
[2026-02-15 08:24:34] Текст ошибки: Метод app\controllers\PageController::viewAction не найден | Файл: C:\OSPanel\domains\new-ishop2\vendor\wfm\Router.php | Строка: 37
==========
[2026-02-18 04:21:04] Текст ошибки: Страница не найдена | Файл: C:\OSPanel\domains\new-ishop2\vendor\wfm\Router.php | Строка: 43
==========
[2026-02-18 04:40:02] Текст ошибки: Страница не найдена | Файл: C:\OSPanel\domains\new-ishop2\vendor\wfm\Router.php | Строка: 43
==========
[2026-02-18 05:00:15] Текст ошибки: Call to protected method app\controllers\MainController::indexAction() from scope wfm\Router | Файл: C:\OSPanel\domains\new-ishop2\vendor\wfm\Router.php | Строка: 34
==========
[2026-02-18 05:00:28] Текст ошибки: Контроллер app\controllers\NewProductController не найден | Файл: C:\OSPanel\domains\new-ishop2\vendor\wfm\Router.php | Строка: 40
==========
[2026-02-18 05:00:32] Текст ошибки: Контроллер app\controllers\NewProductController не найден | Файл: C:\OSPanel\domains\new-ishop2\vendor\wfm\Router.php | Строка: 40
==========
[2026-02-18 05:02:27] Текст ошибки: Контроллер app\controllers\admin\ProductController не найден | Файл: C:\OSPanel\domains\new-ishop2\vendor\wfm\Router.php | Строка: 40
==========
[2026-02-18 05:02:28] Текст ошибки: Контроллер app\controllers\admin\ProductController не найден | Файл: C:\OSPanel\domains\new-ishop2\vendor\wfm\Router.php | Строка: 40
==========
[2026-02-18 05:03:22] Текст ошибки: Контроллер app\controllers\admin\ProductController не найден | Файл: C:\OSPanel\domains\new-ishop2\vendor\wfm\Router.php | Строка: 40
==========
[2026-02-18 05:04:40] Текст ошибки: Контроллер app\controllers\admin\ProductController не найден | Файл: C:\OSPanel\domains\new-ishop2\vendor\wfm\Router.php | Строка: 40
==========
[2026-02-18 05:05:51] Текст ошибки: Контроллер app\controllers\admin\MainController не найден | Файл: C:\OSPanel\domains\new-ishop2\vendor\wfm\Router.php | Строка: 40
==========
[2026-02-18 05:06:13] Текст ошибки: Контроллер app\controllers\admin\MainController не найден | Файл: C:\OSPanel\domains\new-ishop2\vendor\wfm\Router.php | Строка: 40
==========
[2026-02-18 05:06:26] Текст ошибки: Контроллер app\controllers\admin\NewproductController не найден | Файл: C:\OSPanel\domains\new-ishop2\vendor\wfm\Router.php | Строка: 40
==========
[2026-02-18 05:06:44] Текст ошибки: Контроллер app\controllers\admin\MainController не найден | Файл: C:\OSPanel\domains\new-ishop2\vendor\wfm\Router.php | Строка: 40
==========
[2026-02-18 05:07:09] Текст ошибки: Контроллер app\controllers\admin\MainController не найден | Файл: C:\OSPanel\domains\new-ishop2\vendor\wfm\Router.php | Строка: 40
==========
[2026-02-18 05:07:13] Текст ошибки: Контроллер app\controllers\admin\MainController не найден | Файл: C:\OSPanel\domains\new-ishop2\vendor\wfm\Router.php | Строка: 40
==========
[2026-02-18 05:07:13] Текст ошибки: Контроллер app\controllers\admin\MainController не найден | Файл: C:\OSPanel\domains\new-ishop2\vendor\wfm\Router.php | Строка: 40
==========
[2026-02-18 05:07:14] Текст ошибки: Контроллер app\controllers\admin\MainController не найден | Файл: C:\OSPanel\domains\new-ishop2\vendor\wfm\Router.php | Строка: 40
==========
[2026-02-18 05:08:15] Текст ошибки: Контроллер app\controllers\admin\MainController не найден | Файл: C:\OSPanel\domains\new-ishop2\vendor\wfm\Router.php | Строка: 40
==========
[2026-02-18 05:09:43] Текст ошибки: Контроллер app\controllers\admin\MainController не найден | Файл: C:\OSPanel\domains\new-ishop2\vendor\wfm\Router.php | Строка: 41
==========
[2026-02-18 05:09:44] Текст ошибки: Контроллер app\controllers\admin\MainController не найден | Файл: C:\OSPanel\domains\new-ishop2\vendor\wfm\Router.php | Строка: 41
==========
[2026-02-18 05:09:44] Текст ошибки: Контроллер app\controllers\admin\MainController не найден | Файл: C:\OSPanel\domains\new-ishop2\vendor\wfm\Router.php | Строка: 41
==========
[2026-02-18 05:09:44] Текст ошибки: Контроллер app\controllers\admin\MainController не найден | Файл: C:\OSPanel\domains\new-ishop2\vendor\wfm\Router.php | Строка: 41
==========
[2026-02-18 05:09:44] Текст ошибки: Контроллер app\controllers\admin\MainController не найден | Файл: C:\OSPanel\domains\new-ishop2\vendor\wfm\Router.php | Строка: 41
==========
[2026-02-18 05:09:59] Текст ошибки: Контроллер app\controllers\admin\MainController не найден | Файл: C:\OSPanel\domains\new-ishop2\vendor\wfm\Router.php | Строка: 41
==========
[2026-02-18 05:12:51] Текст ошибки: Контроллер app\controllers\admin\MainController не найден | Файл: C:\OSPanel\domains\new-ishop2\vendor\wfm\Router.php | Строка: 41
==========
[2026-02-18 05:13:00] Текст ошибки: Контроллер app\controllers\admin\MainController не найден | Файл: C:\OSPanel\domains\new-ishop2\vendor\wfm\Router.php | Строка: 41
==========
[2026-02-18 05:13:00] Текст ошибки: Контроллер app\controllers\admin\MainController не найден | Файл: C:\OSPanel\domains\new-ishop2\vendor\wfm\Router.php | Строка: 41
==========
[2026-02-18 05:13:00] Текст ошибки: Контроллер app\controllers\admin\MainController не найден | Файл: C:\OSPanel\domains\new-ishop2\vendor\wfm\Router.php | Строка: 41
==========
[2026-02-18 05:13:04] Текст ошибки: Контроллер app\controllers\admin\MainController не найден | Файл: C:\OSPanel\domains\new-ishop2\vendor\wfm\Router.php | Строка: 41
==========
[2026-02-18 05:14:04] Текст ошибки: Метод app\controllers\admin\MainController::indexAction не найден | Файл: C:\OSPanel\domains\new-ishop2\vendor\wfm\Router.php | Строка: 37
==========
[2026-02-18 05:33:50] Текст ошибки: Контроллер app\controllers\FotosController не найден | Файл: C:\OSPanel\domains\new-ishop2\vendor\wfm\Router.php | Строка: 40
==========
[2026-02-18 05:34:55] Текст ошибки: Контроллер app\controllers\FotosController не найден | Файл: C:\OSPanel\domains\new-ishop2\vendor\wfm\Router.php | Строка: 40
==========
[2026-02-18 05:36:22] Текст ошибки: Метод app\controllers\FotosController::viewAction не найден | Файл: C:\OSPanel\domains\new-ishop2\vendor\wfm\Router.php | Строка: 36
==========
[2026-02-18 05:38:06] Текст ошибки: Страница не найдена | Файл: C:\OSPanel\domains\new-ishop2\vendor\wfm\Router.php | Строка: 43
==========
[2026-02-18 05:41:37] Текст ошибки: Контроллер app\controllers\FotosController не найден | Файл: C:\OSPanel\domains\new-ishop2\vendor\wfm\Router.php | Строка: 40
==========
[2026-02-18 05:58:41] Текст ошибки: Страница не найдена | Файл: C:\OSPanel\domains\new-ishop2\vendor\wfm\Router.php | Строка: 43
==========
[2026-02-18 05:59:09] Текст ошибки: Страница не найдена | Файл: C:\OSPanel\domains\new-ishop2\vendor\wfm\Router.php | Строка: 44
==========
[2026-02-18 05:59:10] Текст ошибки: Страница не найдена | Файл: C:\OSPanel\domains\new-ishop2\vendor\wfm\Router.php | Строка: 44
==========
[2026-02-18 05:59:10] Текст ошибки: Страница не найдена | Файл: C:\OSPanel\domains\new-ishop2\vendor\wfm\Router.php | Строка: 44
==========
[2026-02-18 05:59:11] Текст ошибки: Страница не найдена | Файл: C:\OSPanel\domains\new-ishop2\vendor\wfm\Router.php | Строка: 44
==========
[2026-02-18 06:09:34] Текст ошибки: Страница не найдена | Файл: C:\OSPanel\domains\new-ishop2\vendor\wfm\Router.php | Строка: 44
==========
[2026-02-18 06:13:13] Текст ошибки: Страница не найдена | Файл: C:\OSPanel\domains\new-ishop2\vendor\wfm\Router.php | Строка: 45
==========
[2026-02-18 06:16:51] Текст ошибки: Страница не найдена | Файл: C:\OSPanel\domains\new-ishop2\vendor\wfm\Router.php | Строка: 48
==========
[2026-02-18 06:23:46] Текст ошибки: Array to string conversion | Файл: C:\OSPanel\domains\new-ishop2\vendor\wfm\Router.php | Строка: 29
==========
[2026-02-18 06:24:42] Текст ошибки: Array to string conversion | Файл: C:\OSPanel\domains\new-ishop2\vendor\wfm\Router.php | Строка: 29
==========
[2026-02-18 06:26:40] Текст ошибки: Array to string conversion | Файл: C:\OSPanel\domains\new-ishop2\vendor\wfm\Router.php | Строка: 29
==========
[2026-02-18 06:27:29] Текст ошибки: preg_match(): Argument #2 ($subject) must be of type string, array given | Файл: C:\OSPanel\domains\new-ishop2\vendor\wfm\Router.php | Строка: 60
==========
[2026-02-18 06:28:53] Текст ошибки: preg_match(): Argument #2 ($subject) must be of type string, array given | Файл: C:\OSPanel\domains\new-ishop2\vendor\wfm\Router.php | Строка: 59
==========
[2026-02-18 06:28:54] Текст ошибки: preg_match(): Argument #2 ($subject) must be of type string, array given | Файл: C:\OSPanel\domains\new-ishop2\vendor\wfm\Router.php | Строка: 59
==========
[2026-02-18 06:28:54] Текст ошибки: preg_match(): Argument #2 ($subject) must be of type string, array given | Файл: C:\OSPanel\domains\new-ishop2\vendor\wfm\Router.php | Строка: 59
==========
[2026-02-18 06:28:56] Текст ошибки: preg_match(): Argument #2 ($subject) must be of type string, array given | Файл: C:\OSPanel\domains\new-ishop2\vendor\wfm\Router.php | Строка: 59
==========
[2026-02-18 06:28:56] Текст ошибки: preg_match(): Argument #2 ($subject) must be of type string, array given | Файл: C:\OSPanel\domains\new-ishop2\vendor\wfm\Router.php | Строка: 59
==========
[2026-02-18 06:31:38] Текст ошибки: preg_match(): Argument #2 ($subject) must be of type string, array given | Файл: C:\OSPanel\domains\new-ishop2\vendor\wfm\Router.php | Строка: 59
==========
[2026-02-18 06:31:58] Текст ошибки: preg_match(): Argument #2 ($subject) must be of type string, array given | Файл: C:\OSPanel\domains\new-ishop2\vendor\wfm\Router.php | Строка: 59
==========
[2026-02-18 06:34:31] Текст ошибки: Call to undefined function wfm\debugI() | Файл: C:\OSPanel\domains\new-ishop2\vendor\wfm\Router.php | Строка: 29
==========
[2026-02-18 06:34:48] Текст ошибки: preg_match(): Argument #2 ($subject) must be of type string, array given | Файл: C:\OSPanel\domains\new-ishop2\vendor\wfm\Router.php | Строка: 60
==========
[2026-02-18 06:40:13] Текст ошибки: preg_match(): Argument #2 ($subject) must be of type string, array given | Файл: C:\OSPanel\domains\new-ishop2\vendor\wfm\Router.php | Строка: 60
==========
[2026-02-18 06:40:22] Текст ошибки: preg_match(): Argument #2 ($subject) must be of type string, array given | Файл: C:\OSPanel\domains\new-ishop2\vendor\wfm\Router.php | Строка: 60
==========
[2026-02-18 06:56:13] Текст ошибки: preg_match(): Argument #2 ($subject) must be of type string, array given | Файл: C:\OSPanel\domains\new-ishop2\vendor\wfm\Router.php | Строка: 60
==========
[2026-02-18 07:03:55] Текст ошибки: Undefined variable $params | Файл: C:\OSPanel\domains\new-ishop2\vendor\wfm\Router.php | Строка: 32
==========
[2026-02-18 07:04:05] Текст ошибки: Undefined variable $params | Файл: C:\OSPanel\domains\new-ishop2\vendor\wfm\Router.php | Строка: 33
==========
[2026-02-18 07:04:05] Текст ошибки: Undefined variable $params | Файл: C:\OSPanel\domains\new-ishop2\vendor\wfm\Router.php | Строка: 33
==========
[2026-02-18 07:04:06] Текст ошибки: Undefined variable $params | Файл: C:\OSPanel\domains\new-ishop2\vendor\wfm\Router.php | Строка: 33
==========
[2026-02-18 07:07:34] Текст ошибки: preg_match(): Argument #2 ($subject) must be of type string, array given | Файл: C:\OSPanel\domains\new-ishop2\vendor\wfm\Router.php | Строка: 63
==========
[2026-02-18 07:08:18] Текст ошибки: preg_match(): Argument #2 ($subject) must be of type string, array given | Файл: C:\OSPanel\domains\new-ishop2\vendor\wfm\Router.php | Строка: 63
==========
[2026-02-18 07:09:42] Текст ошибки: preg_match(): Argument #2 ($subject) must be of type string, array given | Файл: C:\OSPanel\domains\new-ishop2\vendor\wfm\Router.php | Строка: 63
==========
[2026-02-18 07:09:58] Текст ошибки: preg_match(): Argument #2 ($subject) must be of type string, array given | Файл: C:\OSPanel\domains\new-ishop2\vendor\wfm\Router.php | Строка: 63
==========
[2026-02-18 07:10:07] Текст ошибки: preg_match(): Argument #2 ($subject) must be of type string, array given | Файл: C:\OSPanel\domains\new-ishop2\vendor\wfm\Router.php | Строка: 63
==========
[2026-02-18 10:47:05] Текст ошибки: Контроллер app\controllers\FotosController не найден | Файл: C:\OSPanel\domains\new-ishop2\vendor\wfm\Router.php | Строка: 53
==========
[2026-02-18 10:47:25] Текст ошибки: Контроллер app\controllers\ProductController не найден | Файл: C:\OSPanel\domains\new-ishop2\vendor\wfm\Router.php | Строка: 53
==========
[2026-02-18 11:20:22] Текст ошибки: Страница не найдена | Файл: C:\OSPanel\domains\new-ishop2\vendor\wfm\Router.php | Строка: 56
==========
[2026-02-18 14:03:13] Текст ошибки: Undefined property: app\controllers\MainController::$route | Файл: C:\OSPanel\domains\new-ishop2\app\controllers\MainController.php | Строка: 16
==========
[2026-02-18 14:03:29] Текст ошибки: Undefined property: app\controllers\MainController::$route | Файл: C:\OSPanel\domains\new-ishop2\app\controllers\MainController.php | Строка: 16
==========
[2026-02-18 14:03:30] Текст ошибки: Undefined property: app\controllers\MainController::$route | Файл: C:\OSPanel\domains\new-ishop2\app\controllers\MainController.php | Строка: 16
==========
[2026-02-18 14:03:31] Текст ошибки: Undefined property: app\controllers\MainController::$route | Файл: C:\OSPanel\domains\new-ishop2\app\controllers\MainController.php | Строка: 16
==========
[2026-02-18 14:03:31] Текст ошибки: Страница не найдена | Файл: C:\OSPanel\domains\new-ishop2\vendor\wfm\Router.php | Строка: 56
==========
[2026-02-20 05:27:11] Текст ошибки: Страница не найдена | Файл: C:\OSPanel\domains\new-ishop2\vendor\wfm\Router.php | Строка: 55
==========
[2026-02-20 06:27:37] Текст ошибки: syntax error, unexpected token "}" | Файл: C:\OSPanel\domains\new-ishop2\vendor\wfm\Controller.php | Строка: 27
==========
[2026-02-20 06:27:58] Текст ошибки: Typed property wfm\Controller::$model must not be accessed before initialization | Файл: C:\OSPanel\domains\new-ishop2\app\controllers\MainController.php | Строка: 16
==========
[2026-02-20 06:31:31] Текст ошибки: Typed property wfm\Controller::$model must not be accessed before initialization | Файл: C:\OSPanel\domains\new-ishop2\app\controllers\MainController.php | Строка: 16
==========
[2026-02-20 06:32:26] Текст ошибки: Typed property wfm\Controller::$model must not be accessed before initialization | Файл: C:\OSPanel\domains\new-ishop2\app\controllers\MainController.php | Строка: 16
==========
[2026-02-20 06:32:30] Текст ошибки: Typed property wfm\Controller::$model must not be accessed before initialization | Файл: C:\OSPanel\domains\new-ishop2\app\controllers\MainController.php | Строка: 16
==========
[2026-02-20 06:32:50] Текст ошибки: Typed property wfm\Controller::$model must not be accessed before initialization | Файл: C:\OSPanel\domains\new-ishop2\app\controllers\MainController.php | Строка: 16
==========
[2026-02-20 06:34:48] Текст ошибки: Typed property wfm\Controller::$model must not be accessed before initialization | Файл: C:\OSPanel\domains\new-ishop2\app\controllers\MainController.php | Строка: 16
==========
[2026-02-20 11:56:21] Текст ошибки: Страница не найдена | Файл: C:\OSPanel\domains\new-ishop2\vendor\wfm\Router.php | Строка: 58
==========
[2026-02-22 04:26:16] Текст ошибки: Страница не найдена | Файл: C:\OSPanel\domains\new-ishop2\vendor\wfm\Router.php | Строка: 58
==========
[2026-02-22 05:39:53] Текст ошибки: Страница не найдена | Файл: C:\OSPanel\domains\new-ishop2\vendor\wfm\Router.php | Строка: 58
==========
[2026-02-22 05:44:55] Текст ошибки: Class "wfm\View" not found | Файл: C:\OSPanel\domains\new-ishop2\vendor\wfm\Controller.php | Строка: 27
==========
[2026-02-22 05:50:15] Текст ошибки: Class "wfm\View" not found | Файл: C:\OSPanel\domains\new-ishop2\vendor\wfm\Controller.php | Строка: 27
==========
[2026-02-22 05:50:18] Текст ошибки: Class "wfm\View" not found | Файл: C:\OSPanel\domains\new-ishop2\vendor\wfm\Controller.php | Строка: 27
==========
[2026-02-22 05:50:18] Текст ошибки: Страница не найдена | Файл: C:\OSPanel\domains\new-ishop2\vendor\wfm\Router.php | Строка: 58
==========
[2026-02-22 05:53:31] Текст ошибки: Class "wfm\View" not found | Файл: C:\OSPanel\domains\new-ishop2\vendor\wfm\Controller.php | Строка: 27
==========
[2026-02-22 05:53:32] Текст ошибки: Class "wfm\View" not found | Файл: C:\OSPanel\domains\new-ishop2\vendor\wfm\Controller.php | Строка: 27
==========
[2026-02-22 05:53:32] Текст ошибки: Class "wfm\View" not found | Файл: C:\OSPanel\domains\new-ishop2\vendor\wfm\Controller.php | Строка: 27
==========
[2026-02-22 05:53:34] Текст ошибки: Class "wfm\View" not found | Файл: C:\OSPanel\domains\new-ishop2\vendor\wfm\Controller.php | Строка: 27
==========
[2026-02-22 05:53:34] Текст ошибки: Страница не найдена | Файл: C:\OSPanel\domains\new-ishop2\vendor\wfm\Router.php | Строка: 58
==========
[2026-02-22 06:06:25] Текст ошибки: Class "wfm\View" not found | Файл: C:\OSPanel\domains\new-ishop2\vendor\wfm\Controller.php | Строка: 27
==========
[2026-02-22 06:11:53] Текст ошибки: Страница не найдена | Файл: C:\OSPanel\domains\new-ishop2\vendor\wfm\Router.php | Строка: 58
==========
[2026-02-22 06:15:01] Текст ошибки: Контроллер app\controllers\admin\NewproductController не найден | Файл: C:\OSPanel\domains\new-ishop2\vendor\wfm\Router.php | Строка: 55
==========
[2026-02-22 06:15:23] Текст ошибки: Call to undefined method app\controllers\admin\MainController::getModel() | Файл: C:\OSPanel\domains\new-ishop2\vendor\wfm\Router.php | Строка: 45
==========
[2026-02-22 06:16:13] Текст ошибки: Контроллер app\controllers\admin\ProductController не найден | Файл: C:\OSPanel\domains\new-ishop2\vendor\wfm\Router.php | Строка: 55
==========
[2026-02-22 06:16:27] Текст ошибки: Контроллер app\controllers\admin\NewProductController не найден | Файл: C:\OSPanel\domains\new-ishop2\vendor\wfm\Router.php | Строка: 55
==========
[2026-02-22 06:17:28] Текст ошибки: Контроллер app\controllers\admin\NewProductController не найден | Файл: C:\OSPanel\domains\new-ishop2\vendor\wfm\Router.php | Строка: 55
==========
[2026-02-22 09:05:37] Текст ошибки: non | Файл: C:\OSPanel\domains\new-ishop2\vendor\wfm\View.php | Строка: 32
==========
[2026-02-22 09:08:07] Текст ошибки: Страница не найдена | Файл: C:\OSPanel\domains\new-ishop2\vendor\wfm\Router.php | Строка: 58
==========
[2026-02-22 09:08:40] Текст ошибки: non | Файл: C:\OSPanel\domains\new-ishop2\vendor\wfm\View.php | Строка: 33
==========
[2026-02-22 09:09:52] Текст ошибки: non | Файл: C:\OSPanel\domains\new-ishop2\vendor\wfm\View.php | Строка: 33
==========
[2026-02-22 09:11:56] Текст ошибки: Не найден вид index | Файл: C:\OSPanel\domains\new-ishop2\vendor\wfm\View.php | Строка: 33
==========
[2026-02-22 09:19:15] Текст ошибки: Не найден вид C:\OSPanel\domains\new-ishop2/app/views/Main/index.php | Файл: C:\OSPanel\domains\new-ishop2\vendor\wfm\View.php | Строка: 33
==========
[2026-02-22 09:46:26] Текст ошибки: Страница не найдена | Файл: C:\OSPanel\domains\new-ishop2\vendor\wfm\Router.php | Строка: 57
==========
[2026-02-22 09:47:47] Текст ошибки: Страница не найдена | Файл: C:\OSPanel\domains\new-ishop2\vendor\wfm\Router.php | Строка: 57
==========
[2026-02-22 09:48:45] Текст ошибки:  | Файл: C:\OSPanel\domains\new-ishop2\vendor\wfm\View.php | Строка: 42
==========
[2026-02-22 09:50:39] Текст ошибки: Не найден шаблон C:\OSPanel\domains\new-ishop2/app/views/layout/ishop.php | Файл: C:\OSPanel\domains\new-ishop2\vendor\wfm\View.php | Строка: 42
==========
[2026-02-24 04:22:48] Текст ошибки: Страница не найдена | Файл: C:\OSPanel\domains\new-ishop2\vendor\wfm\Router.php | Строка: 57
==========
[2026-02-24 04:39:45] Текст ошибки: Не найден шаблон C:\OSPanel\domains\new-ishop2/app/views/layout/test.php | Файл: C:\OSPanel\domains\new-ishop2\vendor\wfm\View.php | Строка: 42
==========
[2026-02-24 04:44:11] Текст ошибки: Type of app\controllers\MainController::$layout must be string|false (as in class wfm\Controller) | Файл: C:\OSPanel\domains\new-ishop2\app\controllers\MainController.php | Строка: 7
==========
[2026-02-24 04:44:43] Текст ошибки: Type of app\controllers\MainController::$layout must be string|false (as in class wfm\Controller) | Файл: C:\OSPanel\domains\new-ishop2\app\controllers\MainController.php | Строка: 7
==========
[2026-02-24 04:44:44] Текст ошибки: Type of app\controllers\MainController::$layout must be string|false (as in class wfm\Controller) | Файл: C:\OSPanel\domains\new-ishop2\app\controllers\MainController.php | Строка: 7
==========
[2026-02-24 04:44:46] Текст ошибки: Type of app\controllers\MainController::$layout must be string|false (as in class wfm\Controller) | Файл: C:\OSPanel\domains\new-ishop2\app\controllers\MainController.php | Строка: 7
==========
[2026-02-24 04:44:46] Текст ошибки: Страница не найдена | Файл: C:\OSPanel\domains\new-ishop2\vendor\wfm\Router.php | Строка: 57
==========
[2026-02-24 05:22:31] Текст ошибки: Undefined variable $thi | Файл: C:\OSPanel\domains\new-ishop2\app\views\layout\ishop.php | Строка: 13
==========
[2026-02-24 05:23:09] Текст ошибки: Страница не найдена | Файл: C:\OSPanel\domains\new-ishop2\vendor\wfm\Router.php | Строка: 57
==========
[2026-02-24 05:23:34] Текст ошибки: Страница не найдена | Файл: C:\OSPanel\domains\new-ishop2\vendor\wfm\Router.php | Строка: 57
==========
[2026-02-24 05:24:00] Текст ошибки: Страница не найдена | Файл: C:\OSPanel\domains\new-ishop2\vendor\wfm\Router.php | Строка: 57
==========
[2026-02-24 05:24:27] Текст ошибки: Страница не найдена | Файл: C:\OSPanel\domains\new-ishop2\vendor\wfm\Router.php | Строка: 57
==========
[2026-02-24 05:24:39] Текст ошибки: Страница не найдена | Файл: C:\OSPanel\domains\new-ishop2\vendor\wfm\Router.php | Строка: 57
==========
[2026-02-24 05:37:17] Текст ошибки: Страница не найдена | Файл: C:\OSPanel\domains\new-ishop2\vendor\wfm\Router.php | Строка: 57
==========
[2026-02-24 13:32:54] Текст ошибки: Страница не найдена | Файл: C:\OSPanel\domains\new-ishop2\vendor\wfm\Router.php | Строка: 57
==========
[2026-02-24 13:42:16] Текст ошибки: Не найден шаблон C:\OSPanel\domains\new-ishop2/app/views/layout/test.php | Файл: C:\OSPanel\domains\new-ishop2\vendor\wfm\View.php | Строка: 42
==========
[2026-02-24 13:55:22] Текст ошибки: Не найден шаблон C:\OSPanel\domains\new-ishop2/app/views/layout/test.php | Файл: C:\OSPanel\domains\new-ishop2\vendor\wfm\View.php | Строка: 42
==========
[2026-02-27 04:10:18] Текст ошибки: Страница не найдена | Файл: C:\OSPanel\domains\new-ishop2\vendor\wfm\Router.php | Строка: 57
==========
[2026-02-27 04:20:19] Текст ошибки: Страница не найдена | Файл: C:\OSPanel\domains\new-ishop2\vendor\wfm\Router.php | Строка: 57
==========
[2026-02-27 04:57:25] Текст ошибки: syntax error, unexpected token "}", expecting "," or ";" | Файл: C:\OSPanel\domains\new-ishop2\app\controllers\MainController.php | Строка: 16
==========
[2026-02-27 04:57:48] Текст ошибки: Страница не найдена | Файл: C:\OSPanel\domains\new-ishop2\vendor\wfm\Router.php | Строка: 57
==========
[2026-02-27 04:58:02] Текст ошибки: Не найден вид C:\OSPanel\domains\new-ishop2/app/views/Page/view.php | Файл: C:\OSPanel\domains\new-ishop2\vendor\wfm\View.php | Строка: 34
==========
[2026-02-27 04:58:37] Текст ошибки: Не найден вид C:\OSPanel\domains\new-ishop2/app/views/Page/view.php | Файл: C:\OSPanel\domains\new-ishop2\vendor\wfm\View.php | Строка: 34
==========
[2026-02-27 05:23:11] Текст ошибки: Undefined property: wfm\View::$title | Файл: C:\OSPanel\domains\new-ishop2\app\views\layout\ishop.php | Строка: 9
==========
[2026-02-27 06:16:37] Текст ошибки: Страница не найдена | Файл: C:\OSPanel\domains\new-ishop2\vendor\wfm\Router.php | Строка: 57
==========
[2026-02-27 06:30:16] Текст ошибки: Страница не найдена | Файл: C:\OSPanel\domains\new-ishop2\vendor\wfm\Router.php | Строка: 57
==========
[2026-02-27 06:32:04] Текст ошибки: Страница не найдена | Файл: C:\OSPanel\domains\new-ishop2\vendor\wfm\Router.php | Строка: 57
==========
[2026-02-27 06:32:16] Текст ошибки: Страница не найдена | Файл: C:\OSPanel\domains\new-ishop2\vendor\wfm\Router.php | Строка: 57
==========
[2026-02-27 06:32:21] Текст ошибки: Страница не найдена | Файл: C:\OSPanel\domains\new-ishop2\vendor\wfm\Router.php | Строка: 57
==========
[2026-02-27 06:32:30] Текст ошибки: Страница не найдена | Файл: C:\OSPanel\domains\new-ishop2\vendor\wfm\Router.php | Строка: 57
==========
[2026-02-27 06:35:40] Текст ошибки: Страница не найдена | Файл: C:\OSPanel\domains\new-ishop2\vendor\wfm\Router.php | Строка: 57
==========
[2026-02-27 06:41:59] Текст ошибки: Страница не найдена | Файл: C:\OSPanel\domains\new-ishop2\vendor\wfm\Router.php | Строка: 57
==========
[2026-02-27 06:47:33] Текст ошибки: Страница не найдена | Файл: C:\OSPanel\domains\new-ishop2\vendor\wfm\Router.php | Строка: 57
==========
[2026-02-27 07:18:09] Текст ошибки: Страница не найдена | Файл: C:\OSPanel\domains\new-ishop2\vendor\wfm\Router.php | Строка: 57
==========
[2026-02-27 07:18:39] Текст ошибки: Страница не найдена | Файл: C:\OSPanel\domains\new-ishop2\vendor\wfm\Router.php | Строка: 57
==========
[2026-02-27 11:03:16] Текст ошибки: Страница не найдена | Файл: C:\OSPanel\domains\new-ishop2\vendor\wfm\Router.php | Строка: 57
==========
[2026-02-27 11:03:19] Текст ошибки: Страница не найдена | Файл: C:\OSPanel\domains\new-ishop2\vendor\wfm\Router.php | Строка: 57
==========
[2026-02-27 11:09:09] Текст ошибки: Call to undefined function wfm\debag() | Файл: C:\OSPanel\domains\new-ishop2\vendor\wfm\Controller.php | Строка: 28
==========
[2026-02-27 11:24:49] Текст ошибки: Undefined property: wfm\View::$test | Файл: C:\OSPanel\domains\new-ishop2\app\views\layout\ishop.php | Строка: 13
==========
[2026-02-27 11:26:14] Текст ошибки: Undefined variable $test | Файл: C:\OSPanel\domains\new-ishop2\app\views\layout\ishop.php | Строка: 13
==========
[2026-02-27 11:26:14] Текст ошибки: Страница не найдена | Файл: C:\OSPanel\domains\new-ishop2\vendor\wfm\Router.php | Строка: 57
==========
[2026-02-27 11:38:10] Текст ошибки: Array to string conversion | Файл: C:\OSPanel\domains\new-ishop2\app\views\layout\ishop.php | Строка: 14
==========
[2026-02-27 11:47:47] Текст ошибки: Cannot assign int to property wfm\Controller::$data of type array | Файл: C:\OSPanel\domains\new-ishop2\vendor\wfm\Controller.php | Строка: 31
==========
[2026-02-27 11:48:02] Текст ошибки: Cannot assign int to property wfm\Controller::$data of type array | Файл: C:\OSPanel\domains\new-ishop2\vendor\wfm\Controller.php | Строка: 31
==========
[2026-02-27 11:48:02] Текст ошибки: Cannot assign int to property wfm\Controller::$data of type array | Файл: C:\OSPanel\domains\new-ishop2\vendor\wfm\Controller.php | Строка: 31
==========
[2026-02-27 11:48:02] Текст ошибки: Cannot assign int to property wfm\Controller::$data of type array | Файл: C:\OSPanel\domains\new-ishop2\vendor\wfm\Controller.php | Строка: 31
==========
[2026-02-27 11:48:30] Текст ошибки: compact(): Undefined variable $lexa | Файл: C:\OSPanel\domains\new-ishop2\app\controllers\MainController.php | Строка: 17
==========
[2026-02-27 11:49:23] Текст ошибки: compact(): Undefined variable $lexa | Файл: C:\OSPanel\domains\new-ishop2\app\controllers\MainController.php | Строка: 17
==========
[2026-02-27 11:49:24] Текст ошибки: compact(): Undefined variable $lexa | Файл: C:\OSPanel\domains\new-ishop2\app\controllers\MainController.php | Строка: 17
==========
[2026-02-27 11:49:24] Текст ошибки: compact(): Undefined variable $lexa | Файл: C:\OSPanel\domains\new-ishop2\app\controllers\MainController.php | Строка: 17
==========
[2026-02-27 11:49:33] Текст ошибки: compact(): Undefined variable $lexa | Файл: C:\OSPanel\domains\new-ishop2\app\controllers\MainController.php | Строка: 17
==========
[2026-02-27 11:49:33] Текст ошибки: Страница не найдена | Файл: C:\OSPanel\domains\new-ishop2\vendor\wfm\Router.php | Строка: 57
==========
[2026-02-27 11:51:09] Текст ошибки: Undefined variable $test | Файл: C:\OSPanel\domains\new-ishop2\app\views\layout\ishop.php | Строка: 13
==========
[2026-02-27 11:51:45] Текст ошибки: Undefined variable $test | Файл: C:\OSPanel\domains\new-ishop2\app\views\layout\ishop.php | Строка: 13
==========
[2026-02-27 11:51:45] Текст ошибки: Undefined variable $test | Файл: C:\OSPanel\domains\new-ishop2\app\views\layout\ishop.php | Строка: 13
==========
[2026-02-27 11:51:46] Текст ошибки: Undefined variable $test | Файл: C:\OSPanel\domains\new-ishop2\app\views\layout\ishop.php | Строка: 13
==========
[2026-02-27 11:51:46] Текст ошибки: Undefined variable $test | Файл: C:\OSPanel\domains\new-ishop2\app\views\layout\ishop.php | Строка: 13
==========
[2026-02-27 11:51:46] Текст ошибки: Undefined variable $test | Файл: C:\OSPanel\domains\new-ishop2\app\views\layout\ishop.php | Строка: 13
==========
[2026-02-27 11:51:46] Текст ошибки: Undefined variable $test | Файл: C:\OSPanel\domains\new-ishop2\app\views\layout\ishop.php | Строка: 13
==========
[2026-02-27 11:51:59] Текст ошибки: Array to string conversion | Файл: C:\OSPanel\domains\new-ishop2\app\views\layout\ishop.php | Строка: 14
==========
[2026-02-27 11:55:10] Текст ошибки: compact(): Undefined variable $lexa | Файл: C:\OSPanel\domains\new-ishop2\app\controllers\MainController.php | Строка: 17
==========
[2026-02-27 11:55:22] Текст ошибки: compact(): Undefined variable $lexa | Файл: C:\OSPanel\domains\new-ishop2\app\controllers\MainController.php | Строка: 17
==========
[2026-02-27 11:55:23] Текст ошибки: compact(): Undefined variable $lexa | Файл: C:\OSPanel\domains\new-ishop2\app\controllers\MainController.php | Строка: 17
==========
[2026-03-01 04:32:01] Текст ошибки: Страница не найдена | Файл: C:\OSPanel\domains\new-ishop2\vendor\wfm\Router.php | Строка: 57
==========
[2026-03-01 04:41:18] Текст ошибки: Undefined variable $name | Файл: C:\OSPanel\domains\new-ishop2\app\views\layout\ishop.php | Строка: 14
==========
[2026-03-01 04:41:40] Текст ошибки: syntax error, unexpected token ";" | Файл: C:\OSPanel\domains\new-ishop2\app\views\layout\ishop.php | Строка: 14
==========
[2026-03-01 08:15:53] Текст ошибки: Страница не найдена | Файл: C:\OSPanel\domains\new-ishop2\vendor\wfm\Router.php | Строка: 59
==========
[2026-03-01 13:08:13] Текст ошибки: Call to a member function find() on null | Файл: C:\OSPanel\domains\new-ishop2\vendor\gabordemooij\redbean\RedBeanPHP\Facade.php | Строка: 1054
==========
[2026-03-01 13:46:54] Текст ошибки: Страница не найдена | Файл: C:\OSPanel\domains\new-ishop2\vendor\wfm\Router.php | Строка: 59
==========
[2026-03-01 13:59:01] Текст ошибки: Страница не найдена | Файл: C:\OSPanel\domains\new-ishop2\vendor\wfm\Router.php | Строка: 59
==========
[2026-03-01 14:03:35] Текст ошибки: Страница не найдена | Файл: C:\OSPanel\domains\new-ishop2\vendor\wfm\Router.php | Строка: 59
==========
[2026-03-01 14:05:28] Текст ошибки: Undefined variable $names | Файл: C:\OSPanel\domains\new-ishop2\app\views\Main\index.php | Строка: 3
==========
[2026-03-01 14:05:28] Текст ошибки: Страница не найдена | Файл: C:\OSPanel\domains\new-ishop2\vendor\wfm\Router.php | Строка: 59
==========
[2026-03-01 14:10:16] Текст ошибки: Call to undefined method app\models\Main::getModel() | Файл: C:\OSPanel\domains\new-ishop2\app\controllers\MainController.php | Строка: 13
==========
[2026-03-01 14:19:50] Текст ошибки: Страница не найдена | Файл: C:\OSPanel\domains\new-ishop2\vendor\wfm\Router.php | Строка: 59
==========
[2026-03-03 04:20:11] Текст ошибки: Страница не найдена | Файл: C:\OSPanel\domains\new-ishop2\vendor\wfm\Router.php | Строка: 59
==========
[2026-03-03 04:25:28] Текст ошибки: Undefined variable $names | Файл: C:\OSPanel\domains\new-ishop2\app\views\Main\index.php | Строка: 3
==========
[2026-03-03 04:27:17] Текст ошибки: Страница не найдена | Файл: C:\OSPanel\domains\new-ishop2\vendor\wfm\Router.php | Строка: 59
==========
[2026-03-03 04:30:31] Текст ошибки: Undefined property: wfm\View::$names | Файл: C:\OSPanel\domains\new-ishop2\app\views\layout\ishop.php | Строка: 13
==========
[2026-03-03 04:43:52] Текст ошибки: Call to undefined method wfm\View::lexa() | Файл: C:\OSPanel\domains\new-ishop2\app\views\layout\ishop.php | Строка: 13
==========
[2026-03-03 04:44:28] Текст ошибки: Call to undefined method wfm\View::lexa() | Файл: C:\OSPanel\domains\new-ishop2\app\views\Main\index.php | Строка: 3
==========
[2026-03-03 04:45:27] Текст ошибки: Страница не найдена | Файл: C:\OSPanel\domains\new-ishop2\vendor\wfm\Router.php | Строка: 59
==========
[2026-03-03 04:45:40] Текст ошибки: Call to undefined method wfm\View::lexa() | Файл: C:\OSPanel\domains\new-ishop2\app\views\Page\view.php | Строка: 2
==========
[2026-03-03 04:52:45] Текст ошибки: Attempt to read property "name" on string | Файл: C:\OSPanel\domains\new-ishop2\app\views\Main\index.php | Строка: 5
==========
[2026-03-03 04:55:12] Текст ошибки: foreach() argument must be of type array|object, string given | Файл: C:\OSPanel\domains\new-ishop2\app\views\Main\index.php | Строка: 4
==========
[2026-03-03 04:55:26] Текст ошибки: Attempt to read property "name" on string | Файл: C:\OSPanel\domains\new-ishop2\app\views\Main\index.php | Строка: 5
==========
[2026-03-03 04:59:54] Текст ошибки: Undefined variable $names | Файл: C:\OSPanel\domains\new-ishop2\app\views\Main\index.php | Строка: 3
==========
[2026-03-03 04:59:55] Текст ошибки: Undefined variable $names | Файл: C:\OSPanel\domains\new-ishop2\app\views\Main\index.php | Строка: 3
==========
[2026-03-03 05:00:32] Текст ошибки: Undefined variable $names | Файл: C:\OSPanel\domains\new-ishop2\app\views\Main\index.php | Строка: 3
==========
[2026-03-03 05:00:32] Текст ошибки: Undefined variable $names | Файл: C:\OSPanel\domains\new-ishop2\app\views\Main\index.php | Строка: 3
==========
[2026-03-03 05:00:33] Текст ошибки: Undefined variable $names | Файл: C:\OSPanel\domains\new-ishop2\app\views\Main\index.php | Строка: 3
==========
[2026-03-03 05:00:33] Текст ошибки: Undefined variable $names | Файл: C:\OSPanel\domains\new-ishop2\app\views\Main\index.php | Строка: 3
==========
[2026-03-03 05:03:02] Текст ошибки: Undefined variable $names | Файл: C:\OSPanel\domains\new-ishop2\app\views\layout\ishop.php | Строка: 13
==========
[2026-03-03 05:03:16] Текст ошибки: Undefined variable $names | Файл: C:\OSPanel\domains\new-ishop2\app\views\layout\ishop.php | Строка: 13
==========
[2026-03-03 05:03:44] Текст ошибки: Undefined variable $names | Файл: C:\OSPanel\domains\new-ishop2\app\views\Main\index.php | Строка: 3
==========
[2026-03-03 06:55:06] Текст ошибки: Attempt to read property "name" on string | Файл: C:\OSPanel\domains\new-ishop2\app\views\Main\index.php | Строка: 6
==========
[2026-03-03 06:56:15] Текст ошибки: syntax error, unexpected token ";" | Файл: C:\OSPanel\domains\new-ishop2\app\views\Main\index.php | Строка: 6
==========
[2026-03-03 06:56:33] Текст ошибки: syntax error, unexpected token ";" | Файл: C:\OSPanel\domains\new-ishop2\app\views\Main\index.php | Строка: 6
==========
[2026-03-03 06:58:41] Текст ошибки: Attempt to read property "name" on string | Файл: C:\OSPanel\domains\new-ishop2\app\views\Main\index.php | Строка: 6
==========
[2026-03-03 06:58:42] Текст ошибки: Attempt to read property "name" on string | Файл: C:\OSPanel\domains\new-ishop2\app\views\Main\index.php | Строка: 6
==========
[2026-03-03 07:10:30] Текст ошибки: Страница не найдена | Файл: C:\OSPanel\domains\new-ishop2\vendor\wfm\Router.php | Строка: 59
==========
[2026-03-03 07:10:31] Текст ошибки: Страница не найдена | Файл: C:\OSPanel\domains\new-ishop2\vendor\wfm\Router.php | Строка: 59
==========
[2026-03-03 07:10:31] Текст ошибки: Страница не найдена | Файл: C:\OSPanel\domains\new-ishop2\vendor\wfm\Router.php | Строка: 59
==========
[2026-03-03 07:10:31] Текст ошибки: Страница не найдена | Файл: C:\OSPanel\domains\new-ishop2\vendor\wfm\Router.php | Строка: 59
==========
[2026-03-03 07:10:32] Текст ошибки: Страница не найдена | Файл: C:\OSPanel\domains\new-ishop2\vendor\wfm\Router.php | Строка: 59
==========
[2026-03-03 07:10:32] Текст ошибки: Страница не найдена | Файл: C:\OSPanel\domains\new-ishop2\vendor\wfm\Router.php | Строка: 59
==========
[2026-03-03 07:10:32] Текст ошибки: Страница не найдена | Файл: C:\OSPanel\domains\new-ishop2\vendor\wfm\Router.php | Строка: 59
==========
[2026-03-03 07:13:09] Текст ошибки: Страница не найдена | Файл: C:\OSPanel\domains\new-ishop2\vendor\wfm\Router.php | Строка: 59
==========
[2026-03-03 07:22:22] Текст ошибки: Страница не найдена | Файл: C:\OSPanel\domains\new-ishop2\vendor\wfm\Router.php | Строка: 59
==========
[2026-03-03 07:22:22] Текст ошибки: Страница не найдена | Файл: C:\OSPanel\domains\new-ishop2\vendor\wfm\Router.php | Строка: 59
==========
[2026-03-03 07:22:39] Текст ошибки: Call to a member function find() on null | Файл: C:\OSPanel\domains\new-ishop2\vendor\gabordemooij\redbean\RedBeanPHP\Facade.php | Строка: 1054
==========
[2026-03-03 07:26:41] Текст ошибки: Страница не найдена | Файл: C:\OSPanel\domains\new-ishop2\vendor\wfm\Router.php | Строка: 59
==========
[2026-03-03 07:26:41] Текст ошибки: Страница не найдена | Файл: C:\OSPanel\domains\new-ishop2\vendor\wfm\Router.php | Строка: 59
==========
[2026-03-03 07:26:42] Текст ошибки: Страница не найдена | Файл: C:\OSPanel\domains\new-ishop2\vendor\wfm\Router.php | Строка: 59
==========
[2026-03-03 09:27:21] Текст ошибки: No connection to DB | Файл: C:\OSPanel\domains\new-ishop2\vendor\wfm\Db.php | Строка: 15
==========
[2026-03-03 09:27:21] Текст ошибки: Страница не найдена | Файл: C:\OSPanel\domains\new-ishop2\vendor\wfm\Router.php | Строка: 59
==========
[2026-03-03 10:13:23] Текст ошибки: Path cannot be empty | Файл: C:\OSPanel\domains\new-ishop2\vendor\wfm\View.php | Строка: 70
==========
[2026-03-03 10:14:54] Текст ошибки: Path cannot be empty | Файл: C:\OSPanel\domains\new-ishop2\vendor\wfm\View.php | Строка: 70
==========
[2026-03-03 10:14:54] Текст ошибки: Path cannot be empty | Файл: C:\OSPanel\domains\new-ishop2\vendor\wfm\View.php | Строка: 70
==========
[2026-03-03 10:14:55] Текст ошибки: Path cannot be empty | Файл: C:\OSPanel\domains\new-ishop2\vendor\wfm\View.php | Строка: 70
==========
[2026-03-03 10:17:22] Текст ошибки: Path cannot be empty | Файл: C:\OSPanel\domains\new-ishop2\vendor\wfm\View.php | Строка: 70
==========
[2026-03-05 13:15:04] Текст ошибки: Страница не найдена | Файл: C:\OSPanel\domains\new-ishop2\vendor\wfm\Router.php | Строка: 59
==========
[2026-03-11 04:29:15] Текст ошибки: Страница не найдена | Файл: C:\OSPanel\domains\new-ishop2\vendor\wfm\Router.php | Строка: 59
==========
[2026-03-17 06:39:36] Текст ошибки: Страница не найдена | Файл: C:\OSPanel\domains\new-ishop2\vendor\wfm\Router.php | Строка: 59
==========
[2026-03-17 07:23:04] Текст ошибки: Страница не найдена | Файл: C:\OSPanel\domains\new-ishop2\vendor\wfm\Router.php | Строка: 59
==========
[2026-03-17 07:23:04] Текст ошибки: Страница не найдена | Файл: C:\OSPanel\domains\new-ishop2\vendor\wfm\Router.php | Строка: 59
==========
[2026-03-17 07:23:04] Текст ошибки: Страница не найдена | Файл: C:\OSPanel\domains\new-ishop2\vendor\wfm\Router.php | Строка: 59
==========
[2026-03-17 07:23:04] Текст ошибки: Страница не найдена | Файл: C:\OSPanel\domains\new-ishop2\vendor\wfm\Router.php | Строка: 59
==========
[2026-03-17 07:23:04] Текст ошибки: Страница не найдена | Файл: C:\OSPanel\domains\new-ishop2\vendor\wfm\Router.php | Строка: 59
==========
[2026-03-17 07:23:04] Текст ошибки: Страница не найдена | Файл: C:\OSPanel\domains\new-ishop2\vendor\wfm\Router.php | Строка: 59
==========
[2026-03-17 07:23:04] Текст ошибки: Страница не найдена | Файл: C:\OSPanel\domains\new-ishop2\vendor\wfm\Router.php | Строка: 59
==========
[2026-03-17 07:23:04] Текст ошибки: Страница не найдена | Файл: C:\OSPanel\domains\new-ishop2\vendor\wfm\Router.php | Строка: 59
==========
[2026-03-17 07:23:04] Текст ошибки: Страница не найдена | Файл: C:\OSPanel\domains\new-ishop2\vendor\wfm\Router.php | Строка: 59
==========
[2026-03-17 07:23:04] Текст ошибки: Страница не найдена | Файл: C:\OSPanel\domains\new-ishop2\vendor\wfm\Router.php | Строка: 59
==========
[2026-03-17 07:23:04] Текст ошибки: Страница не найдена | Файл: C:\OSPanel\domains\new-ishop2\vendor\wfm\Router.php | Строка: 59
==========
[2026-03-17 07:23:04] Текст ошибки: Страница не найдена | Файл: C:\OSPanel\domains\new-ishop2\vendor\wfm\Router.php | Строка: 59
==========
[2026-03-17 07:23:04] Текст ошибки: Страница не найдена | Файл: C:\OSPanel\domains\new-ishop2\vendor\wfm\Router.php | Строка: 59
==========
[2026-03-17 07:23:04] Текст ошибки: Страница не найдена | Файл: C:\OSPanel\domains\new-ishop2\vendor\wfm\Router.php | Строка: 59
==========
[2026-03-17 07:23:04] Текст ошибки: Страница не найдена | Файл: C:\OSPanel\domains\new-ishop2\vendor\wfm\Router.php | Строка: 59
==========
[2026-03-17 07:23:04] Текст ошибки: Страница не найдена | Файл: C:\OSPanel\domains\new-ishop2\vendor\wfm\Router.php | Строка: 59
==========
[2026-03-17 07:23:04] Текст ошибки: Страница не найдена | Файл: C:\OSPanel\domains\new-ishop2\vendor\wfm\Router.php | Строка: 59
==========
[2026-03-17 07:23:04] Текст ошибки: Страница не найдена | Файл: C:\OSPanel\domains\new-ishop2\vendor\wfm\Router.php | Строка: 59
==========
[2026-03-17 07:28:52] Текст ошибки: syntax error, unexpected token ";" | Файл: C:\OSPanel\domains\new-ishop2\app\views\layout\ishop.php | Строка: 1
==========
[2026-03-17 07:29:24] Текст ошибки: Страница не найдена | Файл: C:\OSPanel\domains\new-ishop2\vendor\wfm\Router.php | Строка: 59
==========
[2026-03-17 07:29:24] Текст ошибки: Страница не найдена | Файл: C:\OSPanel\domains\new-ishop2\vendor\wfm\Router.php | Строка: 59
==========
[2026-03-17 07:29:24] Текст ошибки: Страница не найдена | Файл: C:\OSPanel\domains\new-ishop2\vendor\wfm\Router.php | Строка: 59
==========
[2026-03-17 07:29:24] Текст ошибки: Страница не найдена | Файл: C:\OSPanel\domains\new-ishop2\vendor\wfm\Router.php | Строка: 59
==========
[2026-03-17 07:29:24] Текст ошибки: Страница не найдена | Файл: C:\OSPanel\domains\new-ishop2\vendor\wfm\Router.php | Строка: 59
==========
[2026-03-17 07:29:24] Текст ошибки: Страница не найдена | Файл: C:\OSPanel\domains\new-ishop2\vendor\wfm\Router.php | Строка: 59
==========
[2026-03-17 07:29:24] Текст ошибки: Страница не найдена | Файл: C:\OSPanel\domains\new-ishop2\vendor\wfm\Router.php | Строка: 59
==========
[2026-03-17 07:29:24] Текст ошибки: Страница не найдена | Файл: C:\OSPanel\domains\new-ishop2\vendor\wfm\Router.php | Строка: 59
==========
[2026-03-17 07:29:24] Текст ошибки: Страница не найдена | Файл: C:\OSPanel\domains\new-ishop2\vendor\wfm\Router.php | Строка: 59
==========
[2026-03-17 07:29:24] Текст ошибки: Страница не найдена | Файл: C:\OSPanel\domains\new-ishop2\vendor\wfm\Router.php | Строка: 59
==========
[2026-03-17 07:29:24] Текст ошибки: Страница не найдена | Файл: C:\OSPanel\domains\new-ishop2\vendor\wfm\Router.php | Строка: 59
==========
[2026-03-17 07:29:24] Текст ошибки: Страница не найдена | Файл: C:\OSPanel\domains\new-ishop2\vendor\wfm\Router.php | Строка: 59
==========
[2026-03-17 07:29:24] Текст ошибки: Страница не найдена | Файл: C:\OSPanel\domains\new-ishop2\vendor\wfm\Router.php | Строка: 59
==========
[2026-03-17 07:35:49] Текст ошибки: Страница не найдена | Файл: C:\OSPanel\domains\new-ishop2\vendor\wfm\Router.php | Строка: 59
==========
[2026-03-17 07:35:49] Текст ошибки: Страница не найдена | Файл: C:\OSPanel\domains\new-ishop2\vendor\wfm\Router.php | Строка: 59
==========
[2026-03-17 07:35:49] Текст ошибки: Страница не найдена | Файл: C:\OSPanel\domains\new-ishop2\vendor\wfm\Router.php | Строка: 59
==========
[2026-03-17 07:35:49] Текст ошибки: Страница не найдена | Файл: C:\OSPanel\domains\new-ishop2\vendor\wfm\Router.php | Строка: 59
==========
[2026-03-17 07:35:49] Текст ошибки: Страница не найдена | Файл: C:\OSPanel\domains\new-ishop2\vendor\wfm\Router.php | Строка: 59
==========
[2026-03-17 07:35:49] Текст ошибки: Страница не найдена | Файл: C:\OSPanel\domains\new-ishop2\vendor\wfm\Router.php | Строка: 59
==========
[2026-03-17 07:35:49] Текст ошибки: Страница не найдена | Файл: C:\OSPanel\domains\new-ishop2\vendor\wfm\Router.php | Строка: 59
==========
[2026-03-17 07:35:49] Текст ошибки: Страница не найдена | Файл: C:\OSPanel\domains\new-ishop2\vendor\wfm\Router.php | Строка: 59
==========
[2026-03-17 07:35:49] Текст ошибки: Страница не найдена | Файл: C:\OSPanel\domains\new-ishop2\vendor\wfm\Router.php | Строка: 59
==========
[2026-03-17 07:35:49] Текст ошибки: Страница не найдена | Файл: C:\OSPanel\domains\new-ishop2\vendor\wfm\Router.php | Строка: 59
==========
[2026-03-17 07:35:49] Текст ошибки: Страница не найдена | Файл: C:\OSPanel\domains\new-ishop2\vendor\wfm\Router.php | Строка: 59
==========
[2026-03-17 07:35:54] Текст ошибки: Страница не найдена | Файл: C:\OSPanel\domains\new-ishop2\vendor\wfm\Router.php | Строка: 59
==========
[2026-03-17 07:43:48] Текст ошибки: Страница не найдена | Файл: C:\OSPanel\domains\new-ishop2\vendor\wfm\Router.php | Строка: 59
==========
[2026-03-17 07:43:48] Текст ошибки: Страница не найдена | Файл: C:\OSPanel\domains\new-ishop2\vendor\wfm\Router.php | Строка: 59
==========
[2026-03-17 07:43:48] Текст ошибки: Страница не найдена | Файл: C:\OSPanel\domains\new-ishop2\vendor\wfm\Router.php | Строка: 59
==========
[2026-03-17 07:46:04] Текст ошибки: Страница не найдена | Файл: C:\OSPanel\domains\new-ishop2\vendor\wfm\Router.php | Строка: 59
==========
[2026-03-17 07:46:10] Текст ошибки: Страница не найдена | Файл: C:\OSPanel\domains\new-ishop2\vendor\wfm\Router.php | Строка: 59
==========
[2026-03-17 07:52:27] Текст ошибки: Страница не найдена | Файл: C:\OSPanel\domains\new-ishop2\vendor\wfm\Router.php | Строка: 59
==========
[2026-03-17 07:53:13] Текст ошибки: Страница не найдена | Файл: C:\OSPanel\domains\new-ishop2\vendor\wfm\Router.php | Строка: 59
==========
[2026-03-17 07:53:13] Текст ошибки: Страница не найдена | Файл: C:\OSPanel\domains\new-ishop2\vendor\wfm\Router.php | Строка: 59
==========
[2026-03-17 07:53:13] Текст ошибки: Страница не найдена | Файл: C:\OSPanel\domains\new-ishop2\vendor\wfm\Router.php | Строка: 59
==========
[2026-03-17 07:53:13] Текст ошибки: Страница не найдена | Файл: C:\OSPanel\domains\new-ishop2\vendor\wfm\Router.php | Строка: 59
==========
[2026-03-17 07:53:13] Текст ошибки: Страница не найдена | Файл: C:\OSPanel\domains\new-ishop2\vendor\wfm\Router.php | Строка: 59
==========
[2026-03-17 07:53:13] Текст ошибки: Страница не найдена | Файл: C:\OSPanel\domains\new-ishop2\vendor\wfm\Router.php | Строка: 59
==========
[2026-03-17 07:53:13] Текст ошибки: Страница не найдена | Файл: C:\OSPanel\domains\new-ishop2\vendor\wfm\Router.php | Строка: 59
==========
[2026-03-17 07:53:13] Текст ошибки: Страница не найдена | Файл: C:\OSPanel\domains\new-ishop2\vendor\wfm\Router.php | Строка: 59
==========
[2026-03-17 07:53:13] Текст ошибки: Страница не найдена | Файл: C:\OSPanel\domains\new-ishop2\vendor\wfm\Router.php | Строка: 59
==========
[2026-03-17 07:53:13] Текст ошибки: Страница не найдена | Файл: C:\OSPanel\domains\new-ishop2\vendor\wfm\Router.php | Строка: 59
==========
[2026-03-17 07:53:13] Текст ошибки: Страница не найдена | Файл: C:\OSPanel\domains\new-ishop2\vendor\wfm\Router.php | Строка: 59
==========
[2026-03-17 07:53:13] Текст ошибки: Страница не найдена | Файл: C:\OSPanel\domains\new-ishop2\vendor\wfm\Router.php | Строка: 59
==========
[2026-03-17 07:53:13] Текст ошибки: Страница не найдена | Файл: C:\OSPanel\domains\new-ishop2\vendor\wfm\Router.php | Строка: 59
==========
[2026-03-17 07:53:13] Текст ошибки: Страница не найдена | Файл: C:\OSPanel\domains\new-ishop2\vendor\wfm\Router.php | Строка: 59
==========
[2026-03-17 07:53:13] Текст ошибки: Страница не найдена | Файл: C:\OSPanel\domains\new-ishop2\vendor\wfm\Router.php | Строка: 59
==========
[2026-03-17 07:53:13] Текст ошибки: Страница не найдена | Файл: C:\OSPanel\domains\new-ishop2\vendor\wfm\Router.php | Строка: 59
==========
[2026-03-17 07:53:13] Текст ошибки: Страница не найдена | Файл: C:\OSPanel\domains\new-ishop2\vendor\wfm\Router.php | Строка: 59
==========
[2026-03-17 07:53:13] Текст ошибки: Страница не найдена | Файл: C:\OSPanel\domains\new-ishop2\vendor\wfm\Router.php | Строка: 59
==========
[2026-03-17 07:53:13] Текст ошибки: Страница не найдена | Файл: C:\OSPanel\domains\new-ishop2\vendor\wfm\Router.php | Строка: 59
==========
[2026-03-17 07:53:13] Текст ошибки: Страница не найдена | Файл: C:\OSPanel\domains\new-ishop2\vendor\wfm\Router.php | Строка: 59
==========
[2026-03-17 07:53:13] Текст ошибки: Страница не найдена | Файл: C:\OSPanel\domains\new-ishop2\vendor\wfm\Router.php | Строка: 59
==========
[2026-03-17 07:53:13] Текст ошибки: Страница не найдена | Файл: C:\OSPanel\domains\new-ishop2\vendor\wfm\Router.php | Строка: 59
==========
[2026-03-17 07:53:13] Текст ошибки: Страница не найдена | Файл: C:\OSPanel\domains\new-ishop2\vendor\wfm\Router.php | Строка: 59
==========
[2026-03-17 07:53:13] Текст ошибки: Страница не найдена | Файл: C:\OSPanel\domains\new-ishop2\vendor\wfm\Router.php | Строка: 59
==========
[2026-03-17 07:53:13] Текст ошибки: Страница не найдена | Файл: C:\OSPanel\domains\new-ishop2\vendor\wfm\Router.php | Строка: 59
==========
[2026-03-17 07:53:13] Текст ошибки: Страница не найдена | Файл: C:\OSPanel\domains\new-ishop2\vendor\wfm\Router.php | Строка: 59
==========
[2026-03-17 07:53:13] Текст ошибки: Страница не найдена | Файл: C:\OSPanel\domains\new-ishop2\vendor\wfm\Router.php | Строка: 59
==========
[2026-03-17 07:53:13] Текст ошибки: Страница не найдена | Файл: C:\OSPanel\domains\new-ishop2\vendor\wfm\Router.php | Строка: 59
==========
[2026-03-17 07:53:13] Текст ошибки: Страница не найдена | Файл: C:\OSPanel\domains\new-ishop2\vendor\wfm\Router.php | Строка: 59
==========
[2026-03-17 07:53:14] Текст ошибки: Страница не найдена | Файл: C:\OSPanel\domains\new-ishop2\vendor\wfm\Router.php | Строка: 59
==========
[2026-03-17 07:56:25] Текст ошибки: Страница не найдена | Файл: C:\OSPanel\domains\new-ishop2\vendor\wfm\Router.php | Строка: 59
==========
[2026-03-17 07:57:03] Текст ошибки: Страница не найдена | Файл: C:\OSPanel\domains\new-ishop2\vendor\wfm\Router.php | Строка: 59
==========
[2026-03-17 07:57:16] Текст ошибки: Страница не найдена | Файл: C:\OSPanel\domains\new-ishop2\vendor\wfm\Router.php | Строка: 59
==========
[2026-03-17 07:57:54] Текст ошибки: Страница не найдена | Файл: C:\OSPanel\domains\new-ishop2\vendor\wfm\Router.php | Строка: 59
==========
[2026-03-17 08:01:23] Текст ошибки: Страница не найдена | Файл: C:\OSPanel\domains\new-ishop2\vendor\wfm\Router.php | Строка: 59
==========
[2026-03-17 08:02:36] Текст ошибки: Страница не найдена | Файл: C:\OSPanel\domains\new-ishop2\vendor\wfm\Router.php | Строка: 59
==========
[2026-03-17 08:03:17] Текст ошибки: Страница не найдена | Файл: C:\OSPanel\domains\new-ishop2\vendor\wfm\Router.php | Строка: 59
==========
[2026-03-17 08:06:09] Текст ошибки: Страница не найдена | Файл: C:\OSPanel\domains\new-ishop2\vendor\wfm\Router.php | Строка: 59
==========
[2026-03-17 08:06:12] Текст ошибки: Страница не найдена | Файл: C:\OSPanel\domains\new-ishop2\vendor\wfm\Router.php | Строка: 59
==========
[2026-03-17 08:06:30] Текст ошибки: Страница не найдена | Файл: C:\OSPanel\domains\new-ishop2\vendor\wfm\Router.php | Строка: 59
==========
[2026-03-17 08:06:33] Текст ошибки: Страница не найдена | Файл: C:\OSPanel\domains\new-ishop2\vendor\wfm\Router.php | Строка: 59
==========
[2026-03-17 08:21:21] Текст ошибки: Страница не найдена | Файл: C:\OSPanel\domains\new-ishop2\vendor\wfm\Router.php | Строка: 59
==========
[2026-03-17 08:21:21] Текст ошибки: Страница не найдена | Файл: C:\OSPanel\domains\new-ishop2\vendor\wfm\Router.php | Строка: 59
==========
[2026-03-17 08:21:21] Текст ошибки: Страница не найдена | Файл: C:\OSPanel\domains\new-ishop2\vendor\wfm\Router.php | Строка: 59
==========
[2026-03-17 08:21:21] Текст ошибки: Страница не найдена | Файл: C:\OSPanel\domains\new-ishop2\vendor\wfm\Router.php | Строка: 59
==========
[2026-03-17 08:21:21] Текст ошибки: Страница не найдена | Файл: C:\OSPanel\domains\new-ishop2\vendor\wfm\Router.php | Строка: 59
==========
[2026-03-17 08:21:21] Текст ошибки: Страница не найдена | Файл: C:\OSPanel\domains\new-ishop2\vendor\wfm\Router.php | Строка: 59
==========
[2026-03-17 08:21:21] Текст ошибки: Страница не найдена | Файл: C:\OSPanel\domains\new-ishop2\vendor\wfm\Router.php | Строка: 59
==========
[2026-03-17 08:21:21] Текст ошибки: Страница не найдена | Файл: C:\OSPanel\domains\new-ishop2\vendor\wfm\Router.php | Строка: 59
==========
[2026-03-17 08:21:21] Текст ошибки: Страница не найдена | Файл: C:\OSPanel\domains\new-ishop2\vendor\wfm\Router.php | Строка: 59
==========
[2026-03-17 08:21:21] Текст ошибки: Страница не найдена | Файл: C:\OSPanel\domains\new-ishop2\vendor\wfm\Router.php | Строка: 59
==========
[2026-03-17 08:21:21] Текст ошибки: Страница не найдена | Файл: C:\OSPanel\domains\new-ishop2\vendor\wfm\Router.php | Строка: 59
==========
[2026-03-17 08:21:21] Текст ошибки: Страница не найдена | Файл: C:\OSPanel\domains\new-ishop2\vendor\wfm\Router.php | Строка: 59
==========
[2026-03-17 08:21:21] Текст ошибки: Страница не найдена | Файл: C:\OSPanel\domains\new-ishop2\vendor\wfm\Router.php | Строка: 59
==========
[2026-03-17 08:21:21] Текст ошибки: Страница не найдена | Файл: C:\OSPanel\domains\new-ishop2\vendor\wfm\Router.php | Строка: 59
==========
[2026-03-17 08:21:21] Текст ошибки: Страница не найдена | Файл: C:\OSPanel\domains\new-ishop2\vendor\wfm\Router.php | Строка: 59
==========
[2026-03-17 09:57:42] Текст ошибки: Страница не найдена | Файл: C:\OSPanel\domains\new-ishop2\vendor\wfm\Router.php | Строка: 59
==========
[2026-03-17 09:57:42] Текст ошибки: Страница не найдена | Файл: C:\OSPanel\domains\new-ishop2\vendor\wfm\Router.php | Строка: 59
==========
[2026-03-17 09:57:42] Текст ошибки: Страница не найдена | Файл: C:\OSPanel\domains\new-ishop2\vendor\wfm\Router.php | Строка: 59
==========
[2026-03-17 09:57:42] Текст ошибки: Страница не найдена | Файл: C:\OSPanel\domains\new-ishop2\vendor\wfm\Router.php | Строка: 59
==========
[2026-03-17 09:57:42] Текст ошибки: Страница не найдена | Файл: C:\OSPanel\domains\new-ishop2\vendor\wfm\Router.php | Строка: 59
==========
[2026-03-17 09:57:42] Текст ошибки: Страница не найдена | Файл: C:\OSPanel\domains\new-ishop2\vendor\wfm\Router.php | Строка: 59
==========
[2026-03-17 09:57:42] Текст ошибки: Страница не найдена | Файл: C:\OSPanel\domains\new-ishop2\vendor\wfm\Router.php | Строка: 59
==========
[2026-03-17 09:57:42] Текст ошибки: Страница не найдена | Файл: C:\OSPanel\domains\new-ishop2\vendor\wfm\Router.php | Строка: 59
==========
[2026-03-17 09:57:42] Текст ошибки: Страница не найдена | Файл: C:\OSPanel\domains\new-ishop2\vendor\wfm\Router.php | Строка: 59
==========
[2026-03-17 09:57:42] Текст ошибки: Страница не найдена | Файл: C:\OSPanel\domains\new-ishop2\vendor\wfm\Router.php | Строка: 59
==========
[2026-03-17 09:57:42] Текст ошибки: Страница не найдена | Файл: C:\OSPanel\domains\new-ishop2\vendor\wfm\Router.php | Строка: 59
==========
[2026-03-17 09:57:42] Текст ошибки: Страница не найдена | Файл: C:\OSPanel\domains\new-ishop2\vendor\wfm\Router.php | Строка: 59
==========
[2026-03-17 09:57:42] Текст ошибки: Страница не найдена | Файл: C:\OSPanel\domains\new-ishop2\vendor\wfm\Router.php | Строка: 59
==========
[2026-03-17 09:57:42] Текст ошибки: Страница не найдена | Файл: C:\OSPanel\domains\new-ishop2\vendor\wfm\Router.php | Строка: 59
==========
[2026-03-17 10:01:36] Текст ошибки: Страница не найдена | Файл: C:\OSPanel\domains\new-ishop2\vendor\wfm\Router.php | Строка: 59
==========
[2026-03-17 10:01:36] Текст ошибки: Страница не найдена | Файл: C:\OSPanel\domains\new-ishop2\vendor\wfm\Router.php | Строка: 59
==========
[2026-03-17 10:01:36] Текст ошибки: Страница не найдена | Файл: C:\OSPanel\domains\new-ishop2\vendor\wfm\Router.php | Строка: 59
==========
[2026-03-17 10:01:36] Текст ошибки: Страница не найдена | Файл: C:\OSPanel\domains\new-ishop2\vendor\wfm\Router.php | Строка: 59
==========
[2026-03-17 10:01:36] Текст ошибки: Страница не найдена | Файл: C:\OSPanel\domains\new-ishop2\vendor\wfm\Router.php | Строка: 59
==========
[2026-03-17 10:01:36] Текст ошибки: Страница не найдена | Файл: C:\OSPanel\domains\new-ishop2\vendor\wfm\Router.php | Строка: 59
==========
[2026-03-17 10:01:36] Текст ошибки: Страница не найдена | Файл: C:\OSPanel\domains\new-ishop2\vendor\wfm\Router.php | Строка: 59
==========
[2026-03-17 10:01:36] Текст ошибки: Страница не найдена | Файл: C:\OSPanel\domains\new-ishop2\vendor\wfm\Router.php | Строка: 59
==========
[2026-03-17 10:01:36] Текст ошибки: Страница не найдена | Файл: C:\OSPanel\domains\new-ishop2\vendor\wfm\Router.php | Строка: 59
==========
[2026-03-17 10:01:36] Текст ошибки: Страница не найдена | Файл: C:\OSPanel\domains\new-ishop2\vendor\wfm\Router.php | Строка: 59
==========
[2026-03-17 10:02:16] Текст ошибки: Страница не найдена | Файл: C:\OSPanel\domains\new-ishop2\vendor\wfm\Router.php | Строка: 59
==========
[2026-03-17 10:02:16] Текст ошибки: Страница не найдена | Файл: C:\OSPanel\domains\new-ishop2\vendor\wfm\Router.php | Строка: 59
==========
[2026-03-17 10:02:16] Текст ошибки: Страница не найдена | Файл: C:\OSPanel\domains\new-ishop2\vendor\wfm\Router.php | Строка: 59
==========
[2026-03-17 10:02:16] Текст ошибки: Страница не найдена | Файл: C:\OSPanel\domains\new-ishop2\vendor\wfm\Router.php | Строка: 59
==========
[2026-03-17 10:02:16] Текст ошибки: Страница не найдена | Файл: C:\OSPanel\domains\new-ishop2\vendor\wfm\Router.php | Строка: 59
==========
[2026-03-17 10:02:16] Текст ошибки: Страница не найдена | Файл: C:\OSPanel\domains\new-ishop2\vendor\wfm\Router.php | Строка: 59
==========
[2026-03-17 10:02:53] Текст ошибки: Страница не найдена | Файл: C:\OSPanel\domains\new-ishop2\vendor\wfm\Router.php | Строка: 59
==========
[2026-03-17 10:02:53] Текст ошибки: Страница не найдена | Файл: C:\OSPanel\domains\new-ishop2\vendor\wfm\Router.php | Строка: 59
==========
[2026-03-17 10:02:53] Текст ошибки: Страница не найдена | Файл: C:\OSPanel\domains\new-ishop2\vendor\wfm\Router.php | Строка: 59
==========
[2026-03-17 10:03:33] Текст ошибки: Страница не найдена | Файл: C:\OSPanel\domains\new-ishop2\vendor\wfm\Router.php | Строка: 59
==========
[2026-03-17 10:03:33] Текст ошибки: Страница не найдена | Файл: C:\OSPanel\domains\new-ishop2\vendor\wfm\Router.php | Строка: 59
==========
[2026-03-17 10:03:33] Текст ошибки: Страница не найдена | Файл: C:\OSPanel\domains\new-ishop2\vendor\wfm\Router.php | Строка: 59
==========
[2026-03-17 10:03:33] Текст ошибки: Страница не найдена | Файл: C:\OSPanel\domains\new-ishop2\vendor\wfm\Router.php | Строка: 59
==========
[2026-03-17 10:03:33] Текст ошибки: Страница не найдена | Файл: C:\OSPanel\domains\new-ishop2\vendor\wfm\Router.php | Строка: 59
==========
[2026-03-17 10:06:00] Текст ошибки: Страница не найдена | Файл: C:\OSPanel\domains\new-ishop2\vendor\wfm\Router.php | Строка: 59
==========
[2026-03-17 10:06:00] Текст ошибки: Страница не найдена | Файл: C:\OSPanel\domains\new-ishop2\vendor\wfm\Router.php | Строка: 59
==========
[2026-03-17 10:06:00] Текст ошибки: Страница не найдена | Файл: C:\OSPanel\domains\new-ishop2\vendor\wfm\Router.php | Строка: 59
==========
[2026-03-17 10:06:00] Текст ошибки: Страница не найдена | Файл: C:\OSPanel\domains\new-ishop2\vendor\wfm\Router.php | Строка: 59
==========
[2026-03-17 10:06:00] Текст ошибки: Страница не найдена | Файл: C:\OSPanel\domains\new-ishop2\vendor\wfm\Router.php | Строка: 59
==========
[2026-03-17 10:08:48] Текст ошибки: Страница не найдена | Файл: C:\OSPanel\domains\new-ishop2\vendor\wfm\Router.php | Строка: 59
==========
[2026-03-17 10:08:48] Текст ошибки: Страница не найдена | Файл: C:\OSPanel\domains\new-ishop2\vendor\wfm\Router.php | Строка: 59
==========
[2026-03-17 10:08:48] Текст ошибки: Страница не найдена | Файл: C:\OSPanel\domains\new-ishop2\vendor\wfm\Router.php | Строка: 59
==========
[2026-03-17 10:08:48] Текст ошибки: Страница не найдена | Файл: C:\OSPanel\domains\new-ishop2\vendor\wfm\Router.php | Строка: 59
==========
[2026-03-17 10:08:48] Текст ошибки: Страница не найдена | Файл: C:\OSPanel\domains\new-ishop2\vendor\wfm\Router.php | Строка: 59
==========
[2026-03-17 10:08:58] Текст ошибки: Страница не найдена | Файл: C:\OSPanel\domains\new-ishop2\vendor\wfm\Router.php | Строка: 59
==========
[2026-03-17 10:08:58] Текст ошибки: Страница не найдена | Файл: C:\OSPanel\domains\new-ishop2\vendor\wfm\Router.php | Строка: 59
==========
[2026-03-17 10:08:58] Текст ошибки: Страница не найдена | Файл: C:\OSPanel\domains\new-ishop2\vendor\wfm\Router.php | Строка: 59
==========
[2026-03-17 10:08:58] Текст ошибки: Страница не найдена | Файл: C:\OSPanel\domains\new-ishop2\vendor\wfm\Router.php | Строка: 59
==========
[2026-03-17 10:26:34] Текст ошибки: Страница не найдена | Файл: C:\OSPanel\domains\new-ishop2\vendor\wfm\Router.php | Строка: 59
==========
[2026-03-17 10:26:34] Текст ошибки: Страница не найдена | Файл: C:\OSPanel\domains\new-ishop2\vendor\wfm\Router.php | Строка: 59
==========
[2026-03-17 10:26:34] Текст ошибки: Страница не найдена | Файл: C:\OSPanel\domains\new-ishop2\vendor\wfm\Router.php | Строка: 59
==========
[2026-03-17 10:26:34] Текст ошибки: Страница не найдена | Файл: C:\OSPanel\domains\new-ishop2\vendor\wfm\Router.php | Строка: 59
==========
[2026-03-17 10:26:34] Текст ошибки: Страница не найдена | Файл: C:\OSPanel\domains\new-ishop2\vendor\wfm\Router.php | Строка: 59
==========
[2026-03-17 10:26:43] Текст ошибки: Страница не найдена | Файл: C:\OSPanel\domains\new-ishop2\vendor\wfm\Router.php | Строка: 59
==========
[2026-03-17 10:26:43] Текст ошибки: Страница не найдена | Файл: C:\OSPanel\domains\new-ishop2\vendor\wfm\Router.php | Строка: 59
==========
[2026-03-17 10:26:43] Текст ошибки: Страница не найдена | Файл: C:\OSPanel\domains\new-ishop2\vendor\wfm\Router.php | Строка: 59
==========
[2026-03-17 10:26:43] Текст ошибки: Страница не найдена | Файл: C:\OSPanel\domains\new-ishop2\vendor\wfm\Router.php | Строка: 59
==========
[2026-03-17 10:26:43] Текст ошибки: Страница не найдена | Файл: C:\OSPanel\domains\new-ishop2\vendor\wfm\Router.php | Строка: 59
==========
[2026-03-17 10:27:19] Текст ошибки: Страница не найдена | Файл: C:\OSPanel\domains\new-ishop2\vendor\wfm\Router.php | Строка: 59
==========
[2026-03-17 10:27:19] Текст ошибки: Страница не найдена | Файл: C:\OSPanel\domains\new-ishop2\vendor\wfm\Router.php | Строка: 59
==========
[2026-03-17 10:27:19] Текст ошибки: Страница не найдена | Файл: C:\OSPanel\domains\new-ishop2\vendor\wfm\Router.php | Строка: 59
==========
[2026-03-17 10:27:19] Текст ошибки: Страница не найдена | Файл: C:\OSPanel\domains\new-ishop2\vendor\wfm\Router.php | Строка: 59
==========
[2026-03-17 10:27:43] Текст ошибки: Страница не найдена | Файл: C:\OSPanel\domains\new-ishop2\vendor\wfm\Router.php | Строка: 59
==========
[2026-03-17 10:30:59] Текст ошибки: Страница не найдена | Файл: C:\OSPanel\domains\new-ishop2\vendor\wfm\Router.php | Строка: 59
==========
[2026-03-17 10:30:59] Текст ошибки: Страница не найдена | Файл: C:\OSPanel\domains\new-ishop2\vendor\wfm\Router.php | Строка: 59
==========
[2026-03-17 10:30:59] Текст ошибки: Страница не найдена | Файл: C:\OSPanel\domains\new-ishop2\vendor\wfm\Router.php | Строка: 59
==========
[2026-03-17 10:30:59] Текст ошибки: Страница не найдена | Файл: C:\OSPanel\domains\new-ishop2\vendor\wfm\Router.php | Строка: 59
==========
[2026-03-17 10:42:32] Текст ошибки: Страница не найдена | Файл: C:\OSPanel\domains\new-ishop2\vendor\wfm\Router.php | Строка: 59
==========
[2026-03-17 10:42:32] Текст ошибки: Страница не найдена | Файл: C:\OSPanel\domains\new-ishop2\vendor\wfm\Router.php | Строка: 59
==========
[2026-03-17 10:42:32] Текст ошибки: Страница не найдена | Файл: C:\OSPanel\domains\new-ishop2\vendor\wfm\Router.php | Строка: 59
==========
[2026-03-17 10:42:32] Текст ошибки: Страница не найдена | Файл: C:\OSPanel\domains\new-ishop2\vendor\wfm\Router.php | Строка: 59
==========
[2026-03-17 10:42:32] Текст ошибки: Страница не найдена | Файл: C:\OSPanel\domains\new-ishop2\vendor\wfm\Router.php | Строка: 59
==========
[2026-03-17 10:45:10] Текст ошибки: Страница не найдена | Файл: C:\OSPanel\domains\new-ishop2\vendor\wfm\Router.php | Строка: 59
==========
[2026-03-17 10:45:10] Текст ошибки: Страница не найдена | Файл: C:\OSPanel\domains\new-ishop2\vendor\wfm\Router.php | Строка: 59
==========
[2026-03-17 10:45:10] Текст ошибки: Страница не найдена | Файл: C:\OSPanel\domains\new-ishop2\vendor\wfm\Router.php | Строка: 59
==========
[2026-03-17 10:45:10] Текст ошибки: Страница не найдена | Файл: C:\OSPanel\domains\new-ishop2\vendor\wfm\Router.php | Строка: 59
==========
[2026-03-17 10:45:10] Текст ошибки: Страница не найдена | Файл: C:\OSPanel\domains\new-ishop2\vendor\wfm\Router.php | Строка: 59
==========
[2026-03-17 10:45:36] Текст ошибки: Страница не найдена | Файл: C:\OSPanel\domains\new-ishop2\vendor\wfm\Router.php | Строка: 59
==========
[2026-03-17 10:45:37] Текст ошибки: Страница не найдена | Файл: C:\OSPanel\domains\new-ishop2\vendor\wfm\Router.php | Строка: 59
==========
[2026-03-17 10:45:37] Текст ошибки: Страница не найдена | Файл: C:\OSPanel\domains\new-ishop2\vendor\wfm\Router.php | Строка: 59
==========
[2026-03-17 10:45:40] Текст ошибки: Страница не найдена | Файл: C:\OSPanel\domains\new-ishop2\vendor\wfm\Router.php | Строка: 59
==========
[2026-03-17 10:45:40] Текст ошибки: Страница не найдена | Файл: C:\OSPanel\domains\new-ishop2\vendor\wfm\Router.php | Строка: 59
==========
[2026-03-17 10:45:40] Текст ошибки: Страница не найдена | Файл: C:\OSPanel\domains\new-ishop2\vendor\wfm\Router.php | Строка: 59
==========
[2026-03-17 10:45:40] Текст ошибки: Страница не найдена | Файл: C:\OSPanel\domains\new-ishop2\vendor\wfm\Router.php | Строка: 59
==========
[2026-03-17 10:45:40] Текст ошибки: Страница не найдена | Файл: C:\OSPanel\domains\new-ishop2\vendor\wfm\Router.php | Строка: 59
==========
[2026-03-17 10:45:42] Текст ошибки: Страница не найдена | Файл: C:\OSPanel\domains\new-ishop2\vendor\wfm\Router.php | Строка: 59
==========
[2026-03-17 10:45:42] Текст ошибки: Страница не найдена | Файл: C:\OSPanel\domains\new-ishop2\vendor\wfm\Router.php | Строка: 59
==========
[2026-03-17 10:45:42] Текст ошибки: Страница не найдена | Файл: C:\OSPanel\domains\new-ishop2\vendor\wfm\Router.php | Строка: 59
==========
[2026-03-17 10:45:42] Текст ошибки: Страница не найдена | Файл: C:\OSPanel\domains\new-ishop2\vendor\wfm\Router.php | Строка: 59
==========
[2026-03-17 10:45:48] Текст ошибки: Страница не найдена | Файл: C:\OSPanel\domains\new-ishop2\vendor\wfm\Router.php | Строка: 59
==========
[2026-03-17 10:47:48] Текст ошибки: Страница не найдена | Файл: C:\OSPanel\domains\new-ishop2\vendor\wfm\Router.php | Строка: 59
==========
[2026-03-17 10:47:48] Текст ошибки: Страница не найдена | Файл: C:\OSPanel\domains\new-ishop2\vendor\wfm\Router.php | Строка: 59
==========
[2026-03-17 10:47:48] Текст ошибки: Страница не найдена | Файл: C:\OSPanel\domains\new-ishop2\vendor\wfm\Router.php | Строка: 59
==========
[2026-03-17 10:47:48] Текст ошибки: Страница не найдена | Файл: C:\OSPanel\domains\new-ishop2\vendor\wfm\Router.php | Строка: 59
==========
[2026-03-17 10:47:48] Текст ошибки: Страница не найдена | Файл: C:\OSPanel\domains\new-ishop2\vendor\wfm\Router.php | Строка: 59
==========
[2026-03-17 10:47:53] Текст ошибки: Страница не найдена | Файл: C:\OSPanel\domains\new-ishop2\vendor\wfm\Router.php | Строка: 59
==========
[2026-03-17 10:47:53] Текст ошибки: Страница не найдена | Файл: C:\OSPanel\domains\new-ishop2\vendor\wfm\Router.php | Строка: 59
==========
[2026-03-17 10:47:53] Текст ошибки: Страница не найдена | Файл: C:\OSPanel\domains\new-ishop2\vendor\wfm\Router.php | Строка: 59
==========
[2026-03-17 10:47:53] Текст ошибки: Страница не найдена | Файл: C:\OSPanel\domains\new-ishop2\vendor\wfm\Router.php | Строка: 59
==========
[2026-03-17 10:47:53] Текст ошибки: Страница не найдена | Файл: C:\OSPanel\domains\new-ishop2\vendor\wfm\Router.php | Строка: 59
==========
[2026-03-17 11:50:52] Текст ошибки: Страница не найдена | Файл: C:\OSPanel\domains\new-ishop2\vendor\wfm\Router.php | Строка: 59
==========
[2026-03-17 11:50:52] Текст ошибки: Страница не найдена | Файл: C:\OSPanel\domains\new-ishop2\vendor\wfm\Router.php | Строка: 59
==========
[2026-03-17 11:50:52] Текст ошибки: Страница не найдена | Файл: C:\OSPanel\domains\new-ishop2\vendor\wfm\Router.php | Строка: 59
==========
[2026-03-17 11:50:52] Текст ошибки: Страница не найдена | Файл: C:\OSPanel\domains\new-ishop2\vendor\wfm\Router.php | Строка: 59
==========
[2026-03-17 11:50:52] Текст ошибки: Страница не найдена | Файл: C:\OSPanel\domains\new-ishop2\vendor\wfm\Router.php | Строка: 59
==========
[2026-03-17 11:52:01] Текст ошибки: Страница не найдена | Файл: C:\OSPanel\domains\new-ishop2\vendor\wfm\Router.php | Строка: 59
==========
[2026-03-17 11:52:01] Текст ошибки: Страница не найдена | Файл: C:\OSPanel\domains\new-ishop2\vendor\wfm\Router.php | Строка: 59
==========
[2026-03-17 11:52:01] Текст ошибки: Страница не найдена | Файл: C:\OSPanel\domains\new-ishop2\vendor\wfm\Router.php | Строка: 59
==========
[2026-03-17 11:52:01] Текст ошибки: Страница не найдена | Файл: C:\OSPanel\domains\new-ishop2\vendor\wfm\Router.php | Строка: 59
==========
[2026-03-17 11:52:37] Текст ошибки: Страница не найдена | Файл: C:\OSPanel\domains\new-ishop2\vendor\wfm\Router.php | Строка: 59
==========
[2026-03-17 11:52:37] Текст ошибки: Страница не найдена | Файл: C:\OSPanel\domains\new-ishop2\vendor\wfm\Router.php | Строка: 59
==========
[2026-03-17 11:52:37] Текст ошибки: Страница не найдена | Файл: C:\OSPanel\domains\new-ishop2\vendor\wfm\Router.php | Строка: 59
==========
[2026-03-17 11:52:37] Текст ошибки: Страница не найдена | Файл: C:\OSPanel\domains\new-ishop2\vendor\wfm\Router.php | Строка: 59
==========
[2026-03-17 11:52:37] Текст ошибки: Страница не найдена | Файл: C:\OSPanel\domains\new-ishop2\vendor\wfm\Router.php | Строка: 59
==========
[2026-03-17 11:53:16] Текст ошибки: Страница не найдена | Файл: C:\OSPanel\domains\new-ishop2\vendor\wfm\Router.php | Строка: 59
==========
[2026-03-17 11:53:16] Текст ошибки: Страница не найдена | Файл: C:\OSPanel\domains\new-ishop2\vendor\wfm\Router.php | Строка: 59
==========
[2026-03-17 11:53:16] Текст ошибки: Страница не найдена | Файл: C:\OSPanel\domains\new-ishop2\vendor\wfm\Router.php | Строка: 59
==========
[2026-03-17 11:53:16] Текст ошибки: Страница не найдена | Файл: C:\OSPanel\domains\new-ishop2\vendor\wfm\Router.php | Строка: 59
==========
[2026-03-17 11:53:16] Текст ошибки: Страница не найдена | Файл: C:\OSPanel\domains\new-ishop2\vendor\wfm\Router.php | Строка: 59
==========
[2026-03-17 11:53:52] Текст ошибки: Страница не найдена | Файл: C:\OSPanel\domains\new-ishop2\vendor\wfm\Router.php | Строка: 59
==========
[2026-03-17 11:53:52] Текст ошибки: Страница не найдена | Файл: C:\OSPanel\domains\new-ishop2\vendor\wfm\Router.php | Строка: 59
==========
[2026-03-17 11:53:52] Текст ошибки: Страница не найдена | Файл: C:\OSPanel\domains\new-ishop2\vendor\wfm\Router.php | Строка: 59
==========
[2026-03-17 11:53:52] Текст ошибки: Страница не найдена | Файл: C:\OSPanel\domains\new-ishop2\vendor\wfm\Router.php | Строка: 59
==========
[2026-03-17 11:53:52] Текст ошибки: Страница не найдена | Файл: C:\OSPanel\domains\new-ishop2\vendor\wfm\Router.php | Строка: 59
==========
[2026-03-17 11:54:19] Текст ошибки: Страница не найдена | Файл: C:\OSPanel\domains\new-ishop2\vendor\wfm\Router.php | Строка: 59
==========
[2026-03-17 11:54:19] Текст ошибки: Страница не найдена | Файл: C:\OSPanel\domains\new-ishop2\vendor\wfm\Router.php | Строка: 59
==========
[2026-03-17 11:54:19] Текст ошибки: Страница не найдена | Файл: C:\OSPanel\domains\new-ishop2\vendor\wfm\Router.php | Строка: 59
==========
[2026-03-17 11:54:19] Текст ошибки: Страница не найдена | Файл: C:\OSPanel\domains\new-ishop2\vendor\wfm\Router.php | Строка: 59
==========
[2026-03-17 11:54:19] Текст ошибки: Страница не найдена | Файл: C:\OSPanel\domains\new-ishop2\vendor\wfm\Router.php | Строка: 59
==========
[2026-03-17 11:54:57] Текст ошибки: Страница не найдена | Файл: C:\OSPanel\domains\new-ishop2\vendor\wfm\Router.php | Строка: 59
==========
[2026-03-17 11:54:57] Текст ошибки: Страница не найдена | Файл: C:\OSPanel\domains\new-ishop2\vendor\wfm\Router.php | Строка: 59
==========
[2026-03-17 11:54:57] Текст ошибки: Страница не найдена | Файл: C:\OSPanel\domains\new-ishop2\vendor\wfm\Router.php | Строка: 59
==========
[2026-03-17 11:54:57] Текст ошибки: Страница не найдена | Файл: C:\OSPanel\domains\new-ishop2\vendor\wfm\Router.php | Строка: 59
==========
[2026-03-17 11:56:40] Текст ошибки: Страница не найдена | Файл: C:\OSPanel\domains\new-ishop2\vendor\wfm\Router.php | Строка: 59
==========
[2026-03-17 11:56:40] Текст ошибки: Страница не найдена | Файл: C:\OSPanel\domains\new-ishop2\vendor\wfm\Router.php | Строка: 59
==========
[2026-03-17 11:56:40] Текст ошибки: Страница не найдена | Файл: C:\OSPanel\domains\new-ishop2\vendor\wfm\Router.php | Строка: 59
==========
[2026-03-17 11:56:40] Текст ошибки: Страница не найдена | Файл: C:\OSPanel\domains\new-ishop2\vendor\wfm\Router.php | Строка: 59
==========
[2026-03-17 11:56:40] Текст ошибки: Страница не найдена | Файл: C:\OSPanel\domains\new-ishop2\vendor\wfm\Router.php | Строка: 59
==========
[2026-03-17 11:58:26] Текст ошибки: Страница не найдена | Файл: C:\OSPanel\domains\new-ishop2\vendor\wfm\Router.php | Строка: 59
==========
[2026-03-17 11:58:26] Текст ошибки: Страница не найдена | Файл: C:\OSPanel\domains\new-ishop2\vendor\wfm\Router.php | Строка: 59
==========
[2026-03-17 11:58:26] Текст ошибки: Страница не найдена | Файл: C:\OSPanel\domains\new-ishop2\vendor\wfm\Router.php | Строка: 59
==========
[2026-03-17 11:58:26] Текст ошибки: Страница не найдена | Файл: C:\OSPanel\domains\new-ishop2\vendor\wfm\Router.php | Строка: 59
==========
[2026-03-17 11:58:26] Текст ошибки: Страница не найдена | Файл: C:\OSPanel\domains\new-ishop2\vendor\wfm\Router.php | Строка: 59
==========
[2026-03-17 11:58:35] Текст ошибки: Страница не найдена | Файл: C:\OSPanel\domains\new-ishop2\vendor\wfm\Router.php | Строка: 59
==========
[2026-03-17 11:58:35] Текст ошибки: Страница не найдена | Файл: C:\OSPanel\domains\new-ishop2\vendor\wfm\Router.php | Строка: 59
==========
[2026-03-17 11:58:35] Текст ошибки: Страница не найдена | Файл: C:\OSPanel\domains\new-ishop2\vendor\wfm\Router.php | Строка: 59
==========
[2026-03-17 11:58:35] Текст ошибки: Страница не найдена | Файл: C:\OSPanel\domains\new-ishop2\vendor\wfm\Router.php | Строка: 59
==========
[2026-03-17 11:59:19] Текст ошибки: Страница не найдена | Файл: C:\OSPanel\domains\new-ishop2\vendor\wfm\Router.php | Строка: 59
==========
[2026-03-17 11:59:19] Текст ошибки: Страница не найдена | Файл: C:\OSPanel\domains\new-ishop2\vendor\wfm\Router.php | Строка: 59
==========
[2026-03-17 11:59:19] Текст ошибки: Страница не найдена | Файл: C:\OSPanel\domains\new-ishop2\vendor\wfm\Router.php | Строка: 59
==========
[2026-03-17 11:59:19] Текст ошибки: Страница не найдена | Файл: C:\OSPanel\domains\new-ishop2\vendor\wfm\Router.php | Строка: 59
==========
[2026-03-17 11:59:19] Текст ошибки: Страница не найдена | Файл: C:\OSPanel\domains\new-ishop2\vendor\wfm\Router.php | Строка: 59
==========
[2026-03-17 12:00:10] Текст ошибки: Страница не найдена | Файл: C:\OSPanel\domains\new-ishop2\vendor\wfm\Router.php | Строка: 59
==========
[2026-03-17 12:00:10] Текст ошибки: Страница не найдена | Файл: C:\OSPanel\domains\new-ishop2\vendor\wfm\Router.php | Строка: 59
==========
[2026-03-17 12:00:10] Текст ошибки: Страница не найдена | Файл: C:\OSPanel\domains\new-ishop2\vendor\wfm\Router.php | Строка: 59
==========
[2026-03-17 12:00:10] Текст ошибки: Страница не найдена | Файл: C:\OSPanel\domains\new-ishop2\vendor\wfm\Router.php | Строка: 59
==========
[2026-03-17 12:01:39] Текст ошибки: Страница не найдена | Файл: C:\OSPanel\domains\new-ishop2\vendor\wfm\Router.php | Строка: 59
==========
[2026-03-17 12:01:39] Текст ошибки: Страница не найдена | Файл: C:\OSPanel\domains\new-ishop2\vendor\wfm\Router.php | Строка: 59
==========
[2026-03-17 12:01:39] Текст ошибки: Страница не найдена | Файл: C:\OSPanel\domains\new-ishop2\vendor\wfm\Router.php | Строка: 59
==========
[2026-03-17 12:01:39] Текст ошибки: Страница не найдена | Файл: C:\OSPanel\domains\new-ishop2\vendor\wfm\Router.php | Строка: 59
==========
[2026-03-17 12:02:15] Текст ошибки: Страница не найдена | Файл: C:\OSPanel\domains\new-ishop2\vendor\wfm\Router.php | Строка: 59
==========
[2026-03-17 12:02:15] Текст ошибки: Страница не найдена | Файл: C:\OSPanel\domains\new-ishop2\vendor\wfm\Router.php | Строка: 59
==========
[2026-03-17 12:02:15] Текст ошибки: Страница не найдена | Файл: C:\OSPanel\domains\new-ishop2\vendor\wfm\Router.php | Строка: 59
==========
[2026-03-17 12:02:15] Текст ошибки: Страница не найдена | Файл: C:\OSPanel\domains\new-ishop2\vendor\wfm\Router.php | Строка: 59
==========
[2026-03-17 12:02:15] Текст ошибки: Страница не найдена | Файл: C:\OSPanel\domains\new-ishop2\vendor\wfm\Router.php | Строка: 59
==========
[2026-03-17 12:02:30] Текст ошибки: Страница не найдена | Файл: C:\OSPanel\domains\new-ishop2\vendor\wfm\Router.php | Строка: 59
==========
[2026-03-17 12:02:30] Текст ошибки: Страница не найдена | Файл: C:\OSPanel\domains\new-ishop2\vendor\wfm\Router.php | Строка: 59
==========
[2026-03-17 12:02:30] Текст ошибки: Страница не найдена | Файл: C:\OSPanel\domains\new-ishop2\vendor\wfm\Router.php | Строка: 59
==========
[2026-03-17 12:02:30] Текст ошибки: Страница не найдена | Файл: C:\OSPanel\domains\new-ishop2\vendor\wfm\Router.php | Строка: 59
==========
[2026-03-17 12:05:15] Текст ошибки: Страница не найдена | Файл: C:\OSPanel\domains\new-ishop2\vendor\wfm\Router.php | Строка: 59
==========
[2026-03-17 12:05:15] Текст ошибки: Страница не найдена | Файл: C:\OSPanel\domains\new-ishop2\vendor\wfm\Router.php | Строка: 59
==========
[2026-03-17 12:05:15] Текст ошибки: Страница не найдена | Файл: C:\OSPanel\domains\new-ishop2\vendor\wfm\Router.php | Строка: 59
==========
[2026-03-17 12:05:15] Текст ошибки: Страница не найдена | Файл: C:\OSPanel\domains\new-ishop2\vendor\wfm\Router.php | Строка: 59
==========
[2026-03-17 12:05:15] Текст ошибки: Страница не найдена | Файл: C:\OSPanel\domains\new-ishop2\vendor\wfm\Router.php | Строка: 59
==========
[2026-03-17 12:08:38] Текст ошибки: Страница не найдена | Файл: C:\OSPanel\domains\new-ishop2\vendor\wfm\Router.php | Строка: 59
==========
[2026-03-17 12:08:38] Текст ошибки: Страница не найдена | Файл: C:\OSPanel\domains\new-ishop2\vendor\wfm\Router.php | Строка: 59
==========
[2026-03-17 12:08:38] Текст ошибки: Страница не найдена | Файл: C:\OSPanel\domains\new-ishop2\vendor\wfm\Router.php | Строка: 59
==========
[2026-03-17 12:08:38] Текст ошибки: Страница не найдена | Файл: C:\OSPanel\domains\new-ishop2\vendor\wfm\Router.php | Строка: 59
==========
[2026-03-17 13:44:40] Текст ошибки: Страница не найдена | Файл: C:\OSPanel\domains\new-ishop2\vendor\wfm\Router.php | Строка: 59
==========
[2026-03-17 13:44:40] Текст ошибки: Страница не найдена | Файл: C:\OSPanel\domains\new-ishop2\vendor\wfm\Router.php | Строка: 59
==========
[2026-03-17 13:44:40] Текст ошибки: Страница не найдена | Файл: C:\OSPanel\domains\new-ishop2\vendor\wfm\Router.php | Строка: 59
==========
[2026-03-17 13:44:40] Текст ошибки: Страница не найдена | Файл: C:\OSPanel\domains\new-ishop2\vendor\wfm\Router.php | Строка: 59
==========
[2026-03-17 13:44:40] Текст ошибки: Страница не найдена | Файл: C:\OSPanel\domains\new-ishop2\vendor\wfm\Router.php | Строка: 59
==========
[2026-03-17 13:46:28] Текст ошибки: Страница не найдена | Файл: C:\OSPanel\domains\new-ishop2\vendor\wfm\Router.php | Строка: 59
==========
[2026-03-17 13:46:28] Текст ошибки: Страница не найдена | Файл: C:\OSPanel\domains\new-ishop2\vendor\wfm\Router.php | Строка: 59
==========
[2026-03-17 13:46:28] Текст ошибки: Страница не найдена | Файл: C:\OSPanel\domains\new-ishop2\vendor\wfm\Router.php | Строка: 59
==========
[2026-03-17 13:46:28] Текст ошибки: Страница не найдена | Файл: C:\OSPanel\domains\new-ishop2\vendor\wfm\Router.php | Строка: 59
==========
[2026-03-17 13:46:28] Текст ошибки: Страница не найдена | Файл: C:\OSPanel\domains\new-ishop2\vendor\wfm\Router.php | Строка: 59
==========
[2026-03-17 13:46:49] Текст ошибки: Страница не найдена | Файл: C:\OSPanel\domains\new-ishop2\vendor\wfm\Router.php | Строка: 59
==========
[2026-03-17 13:46:49] Текст ошибки: Страница не найдена | Файл: C:\OSPanel\domains\new-ishop2\vendor\wfm\Router.php | Строка: 59
==========
[2026-03-17 13:46:49] Текст ошибки: Страница не найдена | Файл: C:\OSPanel\domains\new-ishop2\vendor\wfm\Router.php | Строка: 59
==========
[2026-03-17 13:46:49] Текст ошибки: Страница не найдена | Файл: C:\OSPanel\domains\new-ishop2\vendor\wfm\Router.php | Строка: 59
==========
[2026-03-17 13:46:49] Текст ошибки: Страница не найдена | Файл: C:\OSPanel\domains\new-ishop2\vendor\wfm\Router.php | Строка: 59
==========
[2026-03-17 13:48:39] Текст ошибки: Страница не найдена | Файл: C:\OSPanel\domains\new-ishop2\vendor\wfm\Router.php | Строка: 59
==========
[2026-03-17 13:48:39] Текст ошибки: Страница не найдена | Файл: C:\OSPanel\domains\new-ishop2\vendor\wfm\Router.php | Строка: 59
==========
[2026-03-17 13:48:39] Текст ошибки: Страница не найдена | Файл: C:\OSPanel\domains\new-ishop2\vendor\wfm\Router.php | Строка: 59
==========
[2026-03-17 13:48:39] Текст ошибки: Страница не найдена | Файл: C:\OSPanel\domains\new-ishop2\vendor\wfm\Router.php | Строка: 59
==========
[2026-03-17 13:50:48] Текст ошибки: Страница не найдена | Файл: C:\OSPanel\domains\new-ishop2\vendor\wfm\Router.php | Строка: 59
==========
[2026-03-17 13:50:48] Текст ошибки: Страница не найдена | Файл: C:\OSPanel\domains\new-ishop2\vendor\wfm\Router.php | Строка: 59
==========
[2026-03-17 13:50:48] Текст ошибки: Страница не найдена | Файл: C:\OSPanel\domains\new-ishop2\vendor\wfm\Router.php | Строка: 59
==========
[2026-03-17 13:50:48] Текст ошибки: Страница не найдена | Файл: C:\OSPanel\domains\new-ishop2\vendor\wfm\Router.php | Строка: 59
==========
[2026-03-17 13:50:48] Текст ошибки: Страница не найдена | Файл: C:\OSPanel\domains\new-ishop2\vendor\wfm\Router.php | Строка: 59
==========
[2026-03-17 13:51:41] Текст ошибки: Страница не найдена | Файл: C:\OSPanel\domains\new-ishop2\vendor\wfm\Router.php | Строка: 59
==========
[2026-03-17 13:58:06] Текст ошибки: Страница не найдена | Файл: C:\OSPanel\domains\new-ishop2\vendor\wfm\Router.php | Строка: 59
==========
[2026-03-17 13:58:06] Текст ошибки: Страница не найдена | Файл: C:\OSPanel\domains\new-ishop2\vendor\wfm\Router.php | Строка: 59
==========
[2026-03-17 13:58:06] Текст ошибки: Страница не найдена | Файл: C:\OSPanel\domains\new-ishop2\vendor\wfm\Router.php | Строка: 59
==========
[2026-03-17 13:58:06] Текст ошибки: Страница не найдена | Файл: C:\OSPanel\domains\new-ishop2\vendor\wfm\Router.php | Строка: 59
==========
[2026-03-17 13:58:06] Текст ошибки: Страница не найдена | Файл: C:\OSPanel\domains\new-ishop2\vendor\wfm\Router.php | Строка: 59
==========
[2026-03-17 13:58:10] Текст ошибки: Страница не найдена | Файл: C:\OSPanel\domains\new-ishop2\vendor\wfm\Router.php | Строка: 59
==========
[2026-03-17 13:58:10] Текст ошибки: Страница не найдена | Файл: C:\OSPanel\domains\new-ishop2\vendor\wfm\Router.php | Строка: 59
==========
[2026-03-17 13:58:10] Текст ошибки: Страница не найдена | Файл: C:\OSPanel\domains\new-ishop2\vendor\wfm\Router.php | Строка: 59
==========
[2026-03-17 13:58:10] Текст ошибки: Страница не найдена | Файл: C:\OSPanel\domains\new-ishop2\vendor\wfm\Router.php | Строка: 59
==========
[2026-03-17 13:59:19] Текст ошибки: Страница не найдена | Файл: C:\OSPanel\domains\new-ishop2\vendor\wfm\Router.php | Строка: 59
==========
[2026-03-17 13:59:19] Текст ошибки: Страница не найдена | Файл: C:\OSPanel\domains\new-ishop2\vendor\wfm\Router.php | Строка: 59
==========
[2026-03-17 13:59:19] Текст ошибки: Страница не найдена | Файл: C:\OSPanel\domains\new-ishop2\vendor\wfm\Router.php | Строка: 59
==========
[2026-03-17 13:59:19] Текст ошибки: Страница не найдена | Файл: C:\OSPanel\domains\new-ishop2\vendor\wfm\Router.php | Строка: 59
==========
[2026-03-17 13:59:19] Текст ошибки: Страница не найдена | Файл: C:\OSPanel\domains\new-ishop2\vendor\wfm\Router.php | Строка: 59
==========
[2026-03-17 13:59:21] Текст ошибки: Страница не найдена | Файл: C:\OSPanel\domains\new-ishop2\vendor\wfm\Router.php | Строка: 59
==========
[2026-03-17 13:59:21] Текст ошибки: Страница не найдена | Файл: C:\OSPanel\domains\new-ishop2\vendor\wfm\Router.php | Строка: 59
==========
[2026-03-17 13:59:21] Текст ошибки: Страница не найдена | Файл: C:\OSPanel\domains\new-ishop2\vendor\wfm\Router.php | Строка: 59
==========
[2026-03-17 13:59:21] Текст ошибки: Страница не найдена | Файл: C:\OSPanel\domains\new-ishop2\vendor\wfm\Router.php | Строка: 59
==========
[2026-03-17 13:59:21] Текст ошибки: Страница не найдена | Файл: C:\OSPanel\domains\new-ishop2\vendor\wfm\Router.php | Строка: 59
==========
[2026-03-17 14:00:03] Текст ошибки: Страница не найдена | Файл: C:\OSPanel\domains\new-ishop2\vendor\wfm\Router.php | Строка: 59
==========
[2026-03-17 14:00:03] Текст ошибки: Страница не найдена | Файл: C:\OSPanel\domains\new-ishop2\vendor\wfm\Router.php | Строка: 59
==========
[2026-03-17 14:00:03] Текст ошибки: Страница не найдена | Файл: C:\OSPanel\domains\new-ishop2\vendor\wfm\Router.php | Строка: 59
==========
[2026-03-17 14:00:03] Текст ошибки: Страница не найдена | Файл: C:\OSPanel\domains\new-ishop2\vendor\wfm\Router.php | Строка: 59
==========
[2026-03-17 14:00:03] Текст ошибки: Страница не найдена | Файл: C:\OSPanel\domains\new-ishop2\vendor\wfm\Router.php | Строка: 59
==========
[2026-03-17 14:00:53] Текст ошибки: Страница не найдена | Файл: C:\OSPanel\domains\new-ishop2\vendor\wfm\Router.php | Строка: 59
==========
[2026-03-17 14:00:53] Текст ошибки: Страница не найдена | Файл: C:\OSPanel\domains\new-ishop2\vendor\wfm\Router.php | Строка: 59
==========
[2026-03-17 14:00:53] Текст ошибки: Страница не найдена | Файл: C:\OSPanel\domains\new-ishop2\vendor\wfm\Router.php | Строка: 59
==========
[2026-03-17 14:00:53] Текст ошибки: Страница не найдена | Файл: C:\OSPanel\domains\new-ishop2\vendor\wfm\Router.php | Строка: 59
==========
[2026-03-17 14:00:53] Текст ошибки: Страница не найдена | Файл: C:\OSPanel\domains\new-ishop2\vendor\wfm\Router.php | Строка: 59
==========
[2026-03-17 14:02:13] Текст ошибки: Страница не найдена | Файл: C:\OSPanel\domains\new-ishop2\vendor\wfm\Router.php | Строка: 59
==========
[2026-03-17 14:02:13] Текст ошибки: Страница не найдена | Файл: C:\OSPanel\domains\new-ishop2\vendor\wfm\Router.php | Строка: 59
==========
[2026-03-17 14:02:13] Текст ошибки: Страница не найдена | Файл: C:\OSPanel\domains\new-ishop2\vendor\wfm\Router.php | Строка: 59
==========
[2026-03-17 14:02:13] Текст ошибки: Страница не найдена | Файл: C:\OSPanel\domains\new-ishop2\vendor\wfm\Router.php | Строка: 59
==========
[2026-03-17 14:02:13] Текст ошибки: Страница не найдена | Файл: C:\OSPanel\domains\new-ishop2\vendor\wfm\Router.php | Строка: 59
==========
[2026-03-17 14:02:14] Текст ошибки: Страница не найдена | Файл: C:\OSPanel\domains\new-ishop2\vendor\wfm\Router.php | Строка: 59
==========
[2026-03-17 14:02:14] Текст ошибки: Страница не найдена | Файл: C:\OSPanel\domains\new-ishop2\vendor\wfm\Router.php | Строка: 59
==========
[2026-03-17 14:02:14] Текст ошибки: Страница не найдена | Файл: C:\OSPanel\domains\new-ishop2\vendor\wfm\Router.php | Строка: 59
==========
[2026-03-17 14:02:14] Текст ошибки: Страница не найдена | Файл: C:\OSPanel\domains\new-ishop2\vendor\wfm\Router.php | Строка: 59
==========
[2026-03-17 14:02:14] Текст ошибки: Страница не найдена | Файл: C:\OSPanel\domains\new-ishop2\vendor\wfm\Router.php | Строка: 59
==========
[2026-03-17 14:02:14] Текст ошибки: Страница не найдена | Файл: C:\OSPanel\domains\new-ishop2\vendor\wfm\Router.php | Строка: 59
==========
[2026-03-17 14:02:15] Текст ошибки: Страница не найдена | Файл: C:\OSPanel\domains\new-ishop2\vendor\wfm\Router.php | Строка: 59
==========
[2026-03-17 14:02:15] Текст ошибки: Страница не найдена | Файл: C:\OSPanel\domains\new-ishop2\vendor\wfm\Router.php | Строка: 59
==========
[2026-03-17 14:02:15] Текст ошибки: Страница не найдена | Файл: C:\OSPanel\domains\new-ishop2\vendor\wfm\Router.php | Строка: 59
==========
[2026-03-17 14:06:09] Текст ошибки: Страница не найдена | Файл: C:\OSPanel\domains\new-ishop2\vendor\wfm\Router.php | Строка: 59
==========
[2026-03-17 14:06:09] Текст ошибки: Страница не найдена | Файл: C:\OSPanel\domains\new-ishop2\vendor\wfm\Router.php | Строка: 59
==========
[2026-03-17 14:06:09] Текст ошибки: Страница не найдена | Файл: C:\OSPanel\domains\new-ishop2\vendor\wfm\Router.php | Строка: 59
==========
[2026-03-17 14:06:09] Текст ошибки: Страница не найдена | Файл: C:\OSPanel\domains\new-ishop2\vendor\wfm\Router.php | Строка: 59
==========
[2026-03-17 14:06:51] Текст ошибки: Страница не найдена | Файл: C:\OSPanel\domains\new-ishop2\vendor\wfm\Router.php | Строка: 59
==========
[2026-03-17 14:06:51] Текст ошибки: Страница не найдена | Файл: C:\OSPanel\domains\new-ishop2\vendor\wfm\Router.php | Строка: 59
==========
[2026-03-17 14:06:51] Текст ошибки: Страница не найдена | Файл: C:\OSPanel\domains\new-ishop2\vendor\wfm\Router.php | Строка: 59
==========
[2026-03-17 14:06:51] Текст ошибки: Страница не найдена | Файл: C:\OSPanel\domains\new-ishop2\vendor\wfm\Router.php | Строка: 59
==========
[2026-03-17 14:06:51] Текст ошибки: Страница не найдена | Файл: C:\OSPanel\domains\new-ishop2\vendor\wfm\Router.php | Строка: 59
==========
[2026-03-17 14:07:16] Текст ошибки: Страница не найдена | Файл: C:\OSPanel\domains\new-ishop2\vendor\wfm\Router.php | Строка: 59
==========
[2026-03-17 14:07:16] Текст ошибки: Страница не найдена | Файл: C:\OSPanel\domains\new-ishop2\vendor\wfm\Router.php | Строка: 59
==========
[2026-03-17 14:07:16] Текст ошибки: Страница не найдена | Файл: C:\OSPanel\domains\new-ishop2\vendor\wfm\Router.php | Строка: 59
==========
[2026-03-17 14:07:16] Текст ошибки: Страница не найдена | Файл: C:\OSPanel\domains\new-ishop2\vendor\wfm\Router.php | Строка: 59
==========
[2026-03-17 14:07:16] Текст ошибки: Страница не найдена | Файл: C:\OSPanel\domains\new-ishop2\vendor\wfm\Router.php | Строка: 59
==========
[2026-03-17 14:07:34] Текст ошибки: Страница не найдена | Файл: C:\OSPanel\domains\new-ishop2\vendor\wfm\Router.php | Строка: 59
==========
[2026-03-17 14:07:34] Текст ошибки: Страница не найдена | Файл: C:\OSPanel\domains\new-ishop2\vendor\wfm\Router.php | Строка: 59
==========
[2026-03-17 14:07:34] Текст ошибки: Страница не найдена | Файл: C:\OSPanel\domains\new-ishop2\vendor\wfm\Router.php | Строка: 59
==========
[2026-03-17 14:07:34] Текст ошибки: Страница не найдена | Файл: C:\OSPanel\domains\new-ishop2\vendor\wfm\Router.php | Строка: 59
==========
[2026-03-17 14:07:34] Текст ошибки: Страница не найдена | Файл: C:\OSPanel\domains\new-ishop2\vendor\wfm\Router.php | Строка: 59
==========
[2026-03-17 14:07:37] Текст ошибки: Страница не найдена | Файл: C:\OSPanel\domains\new-ishop2\vendor\wfm\Router.php | Строка: 59
==========
[2026-03-17 14:07:37] Текст ошибки: Страница не найдена | Файл: C:\OSPanel\domains\new-ishop2\vendor\wfm\Router.php | Строка: 59
==========
[2026-03-17 14:07:37] Текст ошибки: Страница не найдена | Файл: C:\OSPanel\domains\new-ishop2\vendor\wfm\Router.php | Строка: 59
==========
[2026-03-17 14:07:37] Текст ошибки: Страница не найдена | Файл: C:\OSPanel\domains\new-ishop2\vendor\wfm\Router.php | Строка: 59
==========
[2026-03-17 14:08:00] Текст ошибки: Страница не найдена | Файл: C:\OSPanel\domains\new-ishop2\vendor\wfm\Router.php | Строка: 59
==========
[2026-03-17 14:08:00] Текст ошибки: Страница не найдена | Файл: C:\OSPanel\domains\new-ishop2\vendor\wfm\Router.php | Строка: 59
==========
[2026-03-17 14:08:00] Текст ошибки: Страница не найдена | Файл: C:\OSPanel\domains\new-ishop2\vendor\wfm\Router.php | Строка: 59
==========
[2026-03-17 14:08:00] Текст ошибки: Страница не найдена | Файл: C:\OSPanel\domains\new-ishop2\vendor\wfm\Router.php | Строка: 59
==========
[2026-03-17 14:08:00] Текст ошибки: Страница не найдена | Файл: C:\OSPanel\domains\new-ishop2\vendor\wfm\Router.php | Строка: 59
==========
[2026-03-17 14:13:51] Текст ошибки: Страница не найдена | Файл: C:\OSPanel\domains\new-ishop2\vendor\wfm\Router.php | Строка: 59
==========
[2026-03-17 14:13:51] Текст ошибки: Страница не найдена | Файл: C:\OSPanel\domains\new-ishop2\vendor\wfm\Router.php | Строка: 59
==========
[2026-03-17 14:13:51] Текст ошибки: Страница не найдена | Файл: C:\OSPanel\domains\new-ishop2\vendor\wfm\Router.php | Строка: 59
==========
[2026-03-17 14:13:51] Текст ошибки: Страница не найдена | Файл: C:\OSPanel\domains\new-ishop2\vendor\wfm\Router.php | Строка: 59
==========
[2026-03-17 14:13:51] Текст ошибки: Страница не найдена | Файл: C:\OSPanel\domains\new-ishop2\vendor\wfm\Router.php | Строка: 59
==========
[2026-03-17 14:13:57] Текст ошибки: Страница не найдена | Файл: C:\OSPanel\domains\new-ishop2\vendor\wfm\Router.php | Строка: 59
==========
[2026-03-17 14:13:57] Текст ошибки: Страница не найдена | Файл: C:\OSPanel\domains\new-ishop2\vendor\wfm\Router.php | Строка: 59
==========
[2026-03-17 14:13:57] Текст ошибки: Страница не найдена | Файл: C:\OSPanel\domains\new-ishop2\vendor\wfm\Router.php | Строка: 59
==========
[2026-03-17 14:13:57] Текст ошибки: Страница не найдена | Файл: C:\OSPanel\domains\new-ishop2\vendor\wfm\Router.php | Строка: 59
==========
[2026-03-17 14:13:57] Текст ошибки: Страница не найдена | Файл: C:\OSPanel\domains\new-ishop2\vendor\wfm\Router.php | Строка: 59
==========
[2026-03-17 14:13:57] Текст ошибки: Страница не найдена | Файл: C:\OSPanel\domains\new-ishop2\vendor\wfm\Router.php | Строка: 59
==========
[2026-03-17 14:13:57] Текст ошибки: Страница не найдена | Файл: C:\OSPanel\domains\new-ishop2\vendor\wfm\Router.php | Строка: 59
==========
[2026-03-17 14:13:58] Текст ошибки: Страница не найдена | Файл: C:\OSPanel\domains\new-ishop2\vendor\wfm\Router.php | Строка: 59
==========
[2026-03-17 14:13:58] Текст ошибки: Страница не найдена | Файл: C:\OSPanel\domains\new-ishop2\vendor\wfm\Router.php | Строка: 59
==========
[2026-03-17 14:13:58] Текст ошибки: Страница не найдена | Файл: C:\OSPanel\domains\new-ishop2\vendor\wfm\Router.php | Строка: 59
==========
[2026-03-17 14:14:13] Текст ошибки: Страница не найдена | Файл: C:\OSPanel\domains\new-ishop2\vendor\wfm\Router.php | Строка: 59
==========
[2026-03-17 14:14:13] Текст ошибки: Страница не найдена | Файл: C:\OSPanel\domains\new-ishop2\vendor\wfm\Router.php | Строка: 59
==========
[2026-03-17 14:14:13] Текст ошибки: Страница не найдена | Файл: C:\OSPanel\domains\new-ishop2\vendor\wfm\Router.php | Строка: 59
==========
[2026-03-17 14:14:13] Текст ошибки: Страница не найдена | Файл: C:\OSPanel\domains\new-ishop2\vendor\wfm\Router.php | Строка: 59
==========
[2026-03-17 14:14:13] Текст ошибки: Страница не найдена | Файл: C:\OSPanel\domains\new-ishop2\vendor\wfm\Router.php | Строка: 59
==========
[2026-03-17 14:16:10] Текст ошибки: Страница не найдена | Файл: C:\OSPanel\domains\new-ishop2\vendor\wfm\Router.php | Строка: 59
==========
[2026-03-17 14:16:10] Текст ошибки: Страница не найдена | Файл: C:\OSPanel\domains\new-ishop2\vendor\wfm\Router.php | Строка: 59
==========
[2026-03-17 14:16:10] Текст ошибки: Страница не найдена | Файл: C:\OSPanel\domains\new-ishop2\vendor\wfm\Router.php | Строка: 59
==========
[2026-03-17 14:16:10] Текст ошибки: Страница не найдена | Файл: C:\OSPanel\domains\new-ishop2\vendor\wfm\Router.php | Строка: 59
==========
[2026-03-17 14:16:10] Текст ошибки: Страница не найдена | Файл: C:\OSPanel\domains\new-ishop2\vendor\wfm\Router.php | Строка: 59
==========
[2026-03-19 04:17:05] Текст ошибки: Страница не найдена | Файл: C:\OSPanel\domains\new-ishop2\vendor\wfm\Router.php | Строка: 59
==========
[2026-03-19 04:17:05] Текст ошибки: Страница не найдена | Файл: C:\OSPanel\domains\new-ishop2\vendor\wfm\Router.php | Строка: 59
==========
[2026-03-19 04:17:05] Текст ошибки: Страница не найдена | Файл: C:\OSPanel\domains\new-ishop2\vendor\wfm\Router.php | Строка: 59
==========
[2026-03-19 04:17:05] Текст ошибки: Страница не найдена | Файл: C:\OSPanel\domains\new-ishop2\vendor\wfm\Router.php | Строка: 59
==========
[2026-03-19 04:55:15] Текст ошибки: Undefined array key "title" | Файл: C:\OSPanel\domains\new-ishop2\vendor\wfm\View.php | Строка: 48
==========
[2026-03-19 04:56:27] Текст ошибки: Undefined array key "title" | Файл: C:\OSPanel\domains\new-ishop2\vendor\wfm\View.php | Строка: 48
==========
[2026-03-19 04:56:29] Текст ошибки: Undefined array key "title" | Файл: C:\OSPanel\domains\new-ishop2\vendor\wfm\View.php | Строка: 48
==========
[2026-03-19 04:58:10] Текст ошибки: Undefined array key "title" | Файл: C:\OSPanel\domains\new-ishop2\vendor\wfm\View.php | Строка: 48
==========
[2026-03-19 04:58:11] Текст ошибки: Undefined array key "title" | Файл: C:\OSPanel\domains\new-ishop2\vendor\wfm\View.php | Строка: 48
==========
[2026-03-19 04:58:11] Текст ошибки: Undefined array key "title" | Файл: C:\OSPanel\domains\new-ishop2\vendor\wfm\View.php | Строка: 48
==========
[2026-03-19 04:58:11] Текст ошибки: Undefined array key "title" | Файл: C:\OSPanel\domains\new-ishop2\vendor\wfm\View.php | Строка: 48
==========
[2026-03-19 04:58:11] Текст ошибки: Undefined array key "title" | Файл: C:\OSPanel\domains\new-ishop2\vendor\wfm\View.php | Строка: 48
==========
[2026-03-19 04:58:12] Текст ошибки: Undefined array key "title" | Файл: C:\OSPanel\domains\new-ishop2\vendor\wfm\View.php | Строка: 48
==========
[2026-03-19 04:58:12] Текст ошибки: Undefined array key "title" | Файл: C:\OSPanel\domains\new-ishop2\vendor\wfm\View.php | Строка: 48
==========
[2026-03-19 04:58:12] Текст ошибки: Undefined array key "title" | Файл: C:\OSPanel\domains\new-ishop2\vendor\wfm\View.php | Строка: 48
==========
[2026-03-19 04:58:12] Текст ошибки: Undefined array key "title" | Файл: C:\OSPanel\domains\new-ishop2\vendor\wfm\View.php | Строка: 48
==========
[2026-03-19 04:58:13] Текст ошибки: Undefined array key "title" | Файл: C:\OSPanel\domains\new-ishop2\vendor\wfm\View.php | Строка: 48
==========
[2026-03-19 04:58:13] Текст ошибки: Undefined array key "title" | Файл: C:\OSPanel\domains\new-ishop2\vendor\wfm\View.php | Строка: 48
==========
[2026-03-19 04:58:13] Текст ошибки: Undefined array key "title" | Файл: C:\OSPanel\domains\new-ishop2\vendor\wfm\View.php | Строка: 48
==========
[2026-03-19 05:00:04] Текст ошибки: Undefined array key "title" | Файл: C:\OSPanel\domains\new-ishop2\vendor\wfm\View.php | Строка: 48
==========
[2026-03-19 05:00:04] Текст ошибки: Undefined array key "title" | Файл: C:\OSPanel\domains\new-ishop2\vendor\wfm\View.php | Строка: 48
==========
[2026-03-19 05:00:05] Текст ошибки: Undefined array key "title" | Файл: C:\OSPanel\domains\new-ishop2\vendor\wfm\View.php | Строка: 48
==========
[2026-03-19 05:00:05] Текст ошибки: Undefined array key "title" | Файл: C:\OSPanel\domains\new-ishop2\vendor\wfm\View.php | Строка: 48
==========
[2026-03-19 05:00:05] Текст ошибки: Undefined array key "title" | Файл: C:\OSPanel\domains\new-ishop2\vendor\wfm\View.php | Строка: 48
==========
[2026-03-19 05:00:05] Текст ошибки: Undefined array key "title" | Файл: C:\OSPanel\domains\new-ishop2\vendor\wfm\View.php | Строка: 48
==========
[2026-03-19 05:00:05] Текст ошибки: Undefined array key "title" | Файл: C:\OSPanel\domains\new-ishop2\vendor\wfm\View.php | Строка: 48
==========
[2026-03-19 05:00:06] Текст ошибки: Undefined array key "title" | Файл: C:\OSPanel\domains\new-ishop2\vendor\wfm\View.php | Строка: 48
==========
[2026-03-19 05:00:35] Текст ошибки: Undefined array key "title" | Файл: C:\OSPanel\domains\new-ishop2\vendor\wfm\View.php | Строка: 48
==========
[2026-03-19 05:00:35] Текст ошибки: Undefined array key "title" | Файл: C:\OSPanel\domains\new-ishop2\vendor\wfm\View.php | Строка: 48
==========
[2026-03-19 05:00:35] Текст ошибки: Undefined array key "title" | Файл: C:\OSPanel\domains\new-ishop2\vendor\wfm\View.php | Строка: 48
==========
[2026-03-19 05:01:10] Текст ошибки: Undefined array key "title" | Файл: C:\OSPanel\domains\new-ishop2\vendor\wfm\View.php | Строка: 48
==========
[2026-03-19 05:01:11] Текст ошибки: Undefined array key "title" | Файл: C:\OSPanel\domains\new-ishop2\vendor\wfm\View.php | Строка: 48
==========
[2026-03-19 05:05:07] Текст ошибки: Undefined array key "description" | Файл: C:\OSPanel\domains\new-ishop2\vendor\wfm\View.php | Строка: 49
==========
[2026-03-19 05:05:31] Текст ошибки: Undefined array key "keywords" | Файл: C:\OSPanel\domains\new-ishop2\vendor\wfm\View.php | Строка: 50
==========
[2026-03-19 05:05:44] Текст ошибки: Страница не найдена | Файл: C:\OSPanel\domains\new-ishop2\vendor\wfm\Router.php | Строка: 59
==========
[2026-03-19 05:05:44] Текст ошибки: Страница не найдена | Файл: C:\OSPanel\domains\new-ishop2\vendor\wfm\Router.php | Строка: 59
==========
[2026-03-19 05:05:44] Текст ошибки: Страница не найдена | Файл: C:\OSPanel\domains\new-ishop2\vendor\wfm\Router.php | Строка: 59
==========
[2026-03-19 05:05:44] Текст ошибки: Страница не найдена | Файл: C:\OSPanel\domains\new-ishop2\vendor\wfm\Router.php | Строка: 59
==========
[2026-03-19 05:13:10] Текст ошибки: Страница не найдена | Файл: C:\OSPanel\domains\new-ishop2\vendor\wfm\Router.php | Строка: 59
==========
[2026-03-19 05:13:10] Текст ошибки: Страница не найдена | Файл: C:\OSPanel\domains\new-ishop2\vendor\wfm\Router.php | Строка: 59
==========
[2026-03-19 05:13:10] Текст ошибки: Страница не найдена | Файл: C:\OSPanel\domains\new-ishop2\vendor\wfm\Router.php | Строка: 59
==========
[2026-03-19 05:13:10] Текст ошибки: Страница не найдена | Файл: C:\OSPanel\domains\new-ishop2\vendor\wfm\Router.php | Строка: 59
==========
[2026-03-19 05:13:10] Текст ошибки: Страница не найдена | Файл: C:\OSPanel\domains\new-ishop2\vendor\wfm\Router.php | Строка: 59
==========
[2026-03-19 05:36:12] Текст ошибки: Страница не найдена | Файл: C:\OSPanel\domains\new-ishop2\vendor\wfm\Router.php | Строка: 59
==========
[2026-03-19 05:36:12] Текст ошибки: Страница не найдена | Файл: C:\OSPanel\domains\new-ishop2\vendor\wfm\Router.php | Строка: 59
==========
[2026-03-19 05:36:12] Текст ошибки: Страница не найдена | Файл: C:\OSPanel\domains\new-ishop2\vendor\wfm\Router.php | Строка: 59
==========
[2026-03-19 05:36:12] Текст ошибки: Страница не найдена | Файл: C:\OSPanel\domains\new-ishop2\vendor\wfm\Router.php | Строка: 59
==========
[2026-03-19 05:36:12] Текст ошибки: Страница не найдена | Файл: C:\OSPanel\domains\new-ishop2\vendor\wfm\Router.php | Строка: 59
==========
[2026-03-19 05:36:12] Текст ошибки: Страница не найдена | Файл: C:\OSPanel\domains\new-ishop2\vendor\wfm\Router.php | Строка: 59
==========
[2026-03-19 06:07:57] Текст ошибки: Страница не найдена | Файл: C:\OSPanel\domains\new-ishop2\vendor\wfm\Router.php | Строка: 59
==========
[2026-03-19 06:07:57] Текст ошибки: Страница не найдена | Файл: C:\OSPanel\domains\new-ishop2\vendor\wfm\Router.php | Строка: 59
==========
[2026-03-19 06:07:57] Текст ошибки: Страница не найдена | Файл: C:\OSPanel\domains\new-ishop2\vendor\wfm\Router.php | Строка: 59
==========
[2026-03-19 06:07:57] Текст ошибки: Страница не найдена | Файл: C:\OSPanel\domains\new-ishop2\vendor\wfm\Router.php | Строка: 59
==========
[2026-03-19 06:08:23] Текст ошибки: Страница не найдена | Файл: C:\OSPanel\domains\new-ishop2\vendor\wfm\Router.php | Строка: 59
==========
[2026-03-19 06:08:23] Текст ошибки: Страница не найдена | Файл: C:\OSPanel\domains\new-ishop2\vendor\wfm\Router.php | Строка: 59
==========
[2026-03-19 06:08:23] Текст ошибки: Страница не найдена | Файл: C:\OSPanel\domains\new-ishop2\vendor\wfm\Router.php | Строка: 59
==========
[2026-03-19 06:08:23] Текст ошибки: Страница не найдена | Файл: C:\OSPanel\domains\new-ishop2\vendor\wfm\Router.php | Строка: 59
==========
[2026-03-19 06:08:31] Текст ошибки: Страница не найдена | Файл: C:\OSPanel\domains\new-ishop2\vendor\wfm\Router.php | Строка: 59
==========
[2026-03-19 06:08:31] Текст ошибки: Страница не найдена | Файл: C:\OSPanel\domains\new-ishop2\vendor\wfm\Router.php | Строка: 59
==========
[2026-03-19 06:08:31] Текст ошибки: Страница не найдена | Файл: C:\OSPanel\domains\new-ishop2\vendor\wfm\Router.php | Строка: 59
==========
[2026-03-19 06:08:31] Текст ошибки: Страница не найдена | Файл: C:\OSPanel\domains\new-ishop2\vendor\wfm\Router.php | Строка: 59
==========
[2026-03-19 06:09:10] Текст ошибки: Undefined variable $slide | Файл: C:\OSPanel\domains\new-ishop2\app\views\Main\index.php | Строка: 2
==========
[2026-03-19 06:09:10] Текст ошибки: Страница не найдена | Файл: C:\OSPanel\domains\new-ishop2\vendor\wfm\Router.php | Строка: 59
==========
[2026-03-19 06:09:12] Текст ошибки: Undefined variable $slide | Файл: C:\OSPanel\domains\new-ishop2\app\views\Main\index.php | Строка: 2
==========
[2026-03-19 06:09:12] Текст ошибки: Undefined variable $slide | Файл: C:\OSPanel\domains\new-ishop2\app\views\Main\index.php | Строка: 2
==========
[2026-03-19 06:09:19] Текст ошибки: Страница не найдена | Файл: C:\OSPanel\domains\new-ishop2\vendor\wfm\Router.php | Строка: 59
==========
[2026-03-19 06:09:19] Текст ошибки: Страница не найдена | Файл: C:\OSPanel\domains\new-ishop2\vendor\wfm\Router.php | Строка: 59
==========
[2026-03-19 06:09:19] Текст ошибки: Страница не найдена | Файл: C:\OSPanel\domains\new-ishop2\vendor\wfm\Router.php | Строка: 59
==========
[2026-03-19 06:09:19] Текст ошибки: Страница не найдена | Файл: C:\OSPanel\domains\new-ishop2\vendor\wfm\Router.php | Строка: 59
==========
[2026-03-19 06:09:30] Текст ошибки: Undefined array key "img" | Файл: C:\OSPanel\domains\new-ishop2\app\views\Main\index.php | Строка: 2
==========
[2026-03-19 06:09:49] Текст ошибки: Страница не найдена | Файл: C:\OSPanel\domains\new-ishop2\vendor\wfm\Router.php | Строка: 59
==========
[2026-03-19 06:09:49] Текст ошибки: Страница не найдена | Файл: C:\OSPanel\domains\new-ishop2\vendor\wfm\Router.php | Строка: 59
==========
[2026-03-19 06:09:49] Текст ошибки: Страница не найдена | Файл: C:\OSPanel\domains\new-ishop2\vendor\wfm\Router.php | Строка: 59
==========
[2026-03-19 06:09:49] Текст ошибки: Страница не найдена | Файл: C:\OSPanel\domains\new-ishop2\vendor\wfm\Router.php | Строка: 59
==========
[2026-03-19 06:09:49] Текст ошибки: Страница не найдена | Файл: C:\OSPanel\domains\new-ishop2\vendor\wfm\Router.php | Строка: 59
==========
[2026-03-19 06:10:50] Текст ошибки: Страница не найдена | Файл: C:\OSPanel\domains\new-ishop2\vendor\wfm\Router.php | Строка: 59
==========
[2026-03-19 06:10:50] Текст ошибки: Страница не найдена | Файл: C:\OSPanel\domains\new-ishop2\vendor\wfm\Router.php | Строка: 59
==========
[2026-03-19 06:10:50] Текст ошибки: Страница не найдена | Файл: C:\OSPanel\domains\new-ishop2\vendor\wfm\Router.php | Строка: 59
==========
[2026-03-19 06:10:50] Текст ошибки: Страница не найдена | Файл: C:\OSPanel\domains\new-ishop2\vendor\wfm\Router.php | Строка: 59
==========
[2026-03-19 06:11:01] Текст ошибки: Undefined array key "img" | Файл: C:\OSPanel\domains\new-ishop2\app\views\Main\index.php | Строка: 2
==========
[2026-03-19 06:11:08] Текст ошибки: Страница не найдена | Файл: C:\OSPanel\domains\new-ishop2\vendor\wfm\Router.php | Строка: 59
==========
[2026-03-19 06:11:08] Текст ошибки: Страница не найдена | Файл: C:\OSPanel\domains\new-ishop2\vendor\wfm\Router.php | Строка: 59
==========
[2026-03-19 06:11:08] Текст ошибки: Страница не найдена | Файл: C:\OSPanel\domains\new-ishop2\vendor\wfm\Router.php | Строка: 59
==========
[2026-03-19 06:11:08] Текст ошибки: Страница не найдена | Файл: C:\OSPanel\domains\new-ishop2\vendor\wfm\Router.php | Строка: 59
==========
[2026-03-19 06:11:30] Текст ошибки: Страница не найдена | Файл: C:\OSPanel\domains\new-ishop2\vendor\wfm\Router.php | Строка: 59
==========
[2026-03-19 06:11:30] Текст ошибки: Страница не найдена | Файл: C:\OSPanel\domains\new-ishop2\vendor\wfm\Router.php | Строка: 59
==========
[2026-03-19 06:11:30] Текст ошибки: Страница не найдена | Файл: C:\OSPanel\domains\new-ishop2\vendor\wfm\Router.php | Строка: 59
==========
[2026-03-19 06:11:30] Текст ошибки: Страница не найдена | Файл: C:\OSPanel\domains\new-ishop2\vendor\wfm\Router.php | Строка: 59
==========
[2026-03-19 06:24:33] Текст ошибки: Страница не найдена | Файл: C:\OSPanel\domains\new-ishop2\vendor\wfm\Router.php | Строка: 59
==========
[2026-03-19 06:24:33] Текст ошибки: Страница не найдена | Файл: C:\OSPanel\domains\new-ishop2\vendor\wfm\Router.php | Строка: 59
==========
[2026-03-19 06:24:33] Текст ошибки: Страница не найдена | Файл: C:\OSPanel\domains\new-ishop2\vendor\wfm\Router.php | Строка: 59
==========
[2026-03-19 06:24:33] Текст ошибки: Страница не найдена | Файл: C:\OSPanel\domains\new-ishop2\vendor\wfm\Router.php | Строка: 59
==========
[2026-03-19 06:24:35] Текст ошибки: Страница не найдена | Файл: C:\OSPanel\domains\new-ishop2\vendor\wfm\Router.php | Строка: 59
==========
[2026-03-19 06:24:35] Текст ошибки: Страница не найдена | Файл: C:\OSPanel\domains\new-ishop2\vendor\wfm\Router.php | Строка: 59
==========
[2026-03-19 06:24:35] Текст ошибки: Страница не найдена | Файл: C:\OSPanel\domains\new-ishop2\vendor\wfm\Router.php | Строка: 59
==========
[2026-03-19 06:24:35] Текст ошибки: Страница не найдена | Файл: C:\OSPanel\domains\new-ishop2\vendor\wfm\Router.php | Строка: 59
==========
[2026-03-19 06:24:35] Текст ошибки: Страница не найдена | Файл: C:\OSPanel\domains\new-ishop2\vendor\wfm\Router.php | Строка: 59
==========
[2026-03-19 06:27:39] Текст ошибки: Страница не найдена | Файл: C:\OSPanel\domains\new-ishop2\vendor\wfm\Router.php | Строка: 59
==========
[2026-03-19 06:27:39] Текст ошибки: Страница не найдена | Файл: C:\OSPanel\domains\new-ishop2\vendor\wfm\Router.php | Строка: 59
==========
[2026-03-19 06:27:39] Текст ошибки: Страница не найдена | Файл: C:\OSPanel\domains\new-ishop2\vendor\wfm\Router.php | Строка: 59
==========
[2026-03-19 06:27:39] Текст ошибки: Страница не найдена | Файл: C:\OSPanel\domains\new-ishop2\vendor\wfm\Router.php | Строка: 59
==========
[2026-03-19 06:27:39] Текст ошибки: Страница не найдена | Файл: C:\OSPanel\domains\new-ishop2\vendor\wfm\Router.php | Строка: 59
==========
[2026-03-19 06:28:38] Текст ошибки: Страница не найдена | Файл: C:\OSPanel\domains\new-ishop2\vendor\wfm\Router.php | Строка: 59
==========
[2026-03-19 06:28:38] Текст ошибки: Страница не найдена | Файл: C:\OSPanel\domains\new-ishop2\vendor\wfm\Router.php | Строка: 59
==========
[2026-03-19 06:28:38] Текст ошибки: Страница не найдена | Файл: C:\OSPanel\domains\new-ishop2\vendor\wfm\Router.php | Строка: 59
==========
[2026-03-19 06:28:38] Текст ошибки: Страница не найдена | Файл: C:\OSPanel\domains\new-ishop2\vendor\wfm\Router.php | Строка: 59
==========
[2026-03-19 06:29:26] Текст ошибки: Страница не найдена | Файл: C:\OSPanel\domains\new-ishop2\vendor\wfm\Router.php | Строка: 59
==========
[2026-03-19 06:29:26] Текст ошибки: Страница не найдена | Файл: C:\OSPanel\domains\new-ishop2\vendor\wfm\Router.php | Строка: 59
==========
[2026-03-19 06:29:26] Текст ошибки: Страница не найдена | Файл: C:\OSPanel\domains\new-ishop2\vendor\wfm\Router.php | Строка: 59
==========
[2026-03-19 06:59:49] Текст ошибки: Страница не найдена | Файл: C:\OSPanel\domains\new-ishop2\vendor\wfm\Router.php | Строка: 59
==========
[2026-03-19 06:59:49] Текст ошибки: Страница не найдена | Файл: C:\OSPanel\domains\new-ishop2\vendor\wfm\Router.php | Строка: 59
==========
[2026-03-19 06:59:49] Текст ошибки: Страница не найдена | Файл: C:\OSPanel\domains\new-ishop2\vendor\wfm\Router.php | Строка: 59
==========
[2026-03-19 06:59:49] Текст ошибки: Страница не найдена | Файл: C:\OSPanel\domains\new-ishop2\vendor\wfm\Router.php | Строка: 59
==========
[2026-03-19 06:59:49] Текст ошибки: Страница не найдена | Файл: C:\OSPanel\domains\new-ishop2\vendor\wfm\Router.php | Строка: 59
==========
[2026-03-19 07:00:02] Текст ошибки: Страница не найдена | Файл: C:\OSPanel\domains\new-ishop2\vendor\wfm\Router.php | Строка: 59
==========
[2026-03-19 07:00:02] Текст ошибки: Страница не найдена | Файл: C:\OSPanel\domains\new-ishop2\vendor\wfm\Router.php | Строка: 59
==========
[2026-03-19 07:00:02] Текст ошибки: Страница не найдена | Файл: C:\OSPanel\domains\new-ishop2\vendor\wfm\Router.php | Строка: 59
==========
[2026-03-19 07:00:02] Текст ошибки: Страница не найдена | Файл: C:\OSPanel\domains\new-ishop2\vendor\wfm\Router.php | Строка: 59
==========
[2026-03-19 07:15:05] Текст ошибки: Страница не найдена | Файл: C:\OSPanel\domains\new-ishop2\vendor\wfm\Router.php | Строка: 59
==========
[2026-03-19 07:15:05] Текст ошибки: Страница не найдена | Файл: C:\OSPanel\domains\new-ishop2\vendor\wfm\Router.php | Строка: 59
==========
[2026-03-19 07:15:05] Текст ошибки: Страница не найдена | Файл: C:\OSPanel\domains\new-ishop2\vendor\wfm\Router.php | Строка: 59
==========
[2026-03-19 07:15:05] Текст ошибки: Страница не найдена | Файл: C:\OSPanel\domains\new-ishop2\vendor\wfm\Router.php | Строка: 59
==========
[2026-03-19 07:15:05] Текст ошибки: Страница не найдена | Файл: C:\OSPanel\domains\new-ishop2\vendor\wfm\Router.php | Строка: 59
==========
[2026-03-19 07:16:04] Текст ошибки: Страница не найдена | Файл: C:\OSPanel\domains\new-ishop2\vendor\wfm\Router.php | Строка: 59
==========
[2026-03-19 07:16:04] Текст ошибки: Страница не найдена | Файл: C:\OSPanel\domains\new-ishop2\vendor\wfm\Router.php | Строка: 59
==========
[2026-03-19 07:16:04] Текст ошибки: Страница не найдена | Файл: C:\OSPanel\domains\new-ishop2\vendor\wfm\Router.php | Строка: 59
==========
[2026-03-19 07:16:04] Текст ошибки: Страница не найдена | Файл: C:\OSPanel\domains\new-ishop2\vendor\wfm\Router.php | Строка: 59
==========
[2026-03-19 07:16:13] Текст ошибки: Страница не найдена | Файл: C:\OSPanel\domains\new-ishop2\vendor\wfm\Router.php | Строка: 59
==========
[2026-03-19 07:16:13] Текст ошибки: Страница не найдена | Файл: C:\OSPanel\domains\new-ishop2\vendor\wfm\Router.php | Строка: 59
==========
[2026-03-19 07:16:13] Текст ошибки: Страница не найдена | Файл: C:\OSPanel\domains\new-ishop2\vendor\wfm\Router.php | Строка: 59
==========
[2026-03-19 07:16:13] Текст ошибки: Страница не найдена | Файл: C:\OSPanel\domains\new-ishop2\vendor\wfm\Router.php | Строка: 59
==========
[2026-03-19 07:16:13] Текст ошибки: Страница не найдена | Файл: C:\OSPanel\domains\new-ishop2\vendor\wfm\Router.php | Строка: 59
==========
[2026-03-19 07:21:51] Текст ошибки: Страница не найдена | Файл: C:\OSPanel\domains\new-ishop2\vendor\wfm\Router.php | Строка: 59
==========
[2026-03-19 07:21:51] Текст ошибки: Страница не найдена | Файл: C:\OSPanel\domains\new-ishop2\vendor\wfm\Router.php | Строка: 59
==========
[2026-03-19 07:21:51] Текст ошибки: Страница не найдена | Файл: C:\OSPanel\domains\new-ishop2\vendor\wfm\Router.php | Строка: 59
==========
[2026-03-19 07:21:51] Текст ошибки: Страница не найдена | Файл: C:\OSPanel\domains\new-ishop2\vendor\wfm\Router.php | Строка: 59
==========
[2026-03-19 07:21:56] Текст ошибки: Страница не найдена | Файл: C:\OSPanel\domains\new-ishop2\vendor\wfm\Router.php | Строка: 59
==========
[2026-03-19 07:21:56] Текст ошибки: Страница не найдена | Файл: C:\OSPanel\domains\new-ishop2\vendor\wfm\Router.php | Строка: 59
==========
[2026-03-19 07:21:56] Текст ошибки: Страница не найдена | Файл: C:\OSPanel\domains\new-ishop2\vendor\wfm\Router.php | Строка: 59
==========
[2026-03-19 07:25:07] Текст ошибки: Страница не найдена | Файл: C:\OSPanel\domains\new-ishop2\vendor\wfm\Router.php | Строка: 59
==========
[2026-03-19 07:25:59] Текст ошибки: Страница не найдена | Файл: C:\OSPanel\domains\new-ishop2\vendor\wfm\Router.php | Строка: 59
==========
[2026-03-19 07:25:59] Текст ошибки: Страница не найдена | Файл: C:\OSPanel\domains\new-ishop2\vendor\wfm\Router.php | Строка: 59
==========
[2026-03-19 07:25:59] Текст ошибки: Страница не найдена | Файл: C:\OSPanel\domains\new-ishop2\vendor\wfm\Router.php | Строка: 59
==========
[2026-03-19 07:25:59] Текст ошибки: Страница не найдена | Файл: C:\OSPanel\domains\new-ishop2\vendor\wfm\Router.php | Строка: 59
==========
[2026-03-19 07:25:59] Текст ошибки: Страница не найдена | Файл: C:\OSPanel\domains\new-ishop2\vendor\wfm\Router.php | Строка: 59
==========
[2026-03-19 07:26:08] Текст ошибки: Страница не найдена | Файл: C:\OSPanel\domains\new-ishop2\vendor\wfm\Router.php | Строка: 59
==========
[2026-03-19 07:26:33] Текст ошибки: Страница не найдена | Файл: C:\OSPanel\domains\new-ishop2\vendor\wfm\Router.php | Строка: 59
==========
[2026-03-19 07:26:33] Текст ошибки: Страница не найдена | Файл: C:\OSPanel\domains\new-ishop2\vendor\wfm\Router.php | Строка: 59
==========
[2026-03-19 07:26:33] Текст ошибки: Страница не найдена | Файл: C:\OSPanel\domains\new-ishop2\vendor\wfm\Router.php | Строка: 59
==========
[2026-03-19 07:26:33] Текст ошибки: Страница не найдена | Файл: C:\OSPanel\domains\new-ishop2\vendor\wfm\Router.php | Строка: 59
==========
[2026-03-19 07:27:42] Текст ошибки: Страница не найдена | Файл: C:\OSPanel\domains\new-ishop2\vendor\wfm\Router.php | Строка: 59
==========
[2026-03-19 07:27:42] Текст ошибки: Страница не найдена | Файл: C:\OSPanel\domains\new-ishop2\vendor\wfm\Router.php | Строка: 59
==========
[2026-03-19 07:27:42] Текст ошибки: Страница не найдена | Файл: C:\OSPanel\domains\new-ishop2\vendor\wfm\Router.php | Строка: 59
==========
[2026-03-19 07:27:42] Текст ошибки: Страница не найдена | Файл: C:\OSPanel\domains\new-ishop2\vendor\wfm\Router.php | Строка: 59
==========
[2026-03-19 07:28:02] Текст ошибки: Страница не найдена | Файл: C:\OSPanel\domains\new-ishop2\vendor\wfm\Router.php | Строка: 59
==========
[2026-03-19 07:28:02] Текст ошибки: Страница не найдена | Файл: C:\OSPanel\domains\new-ishop2\vendor\wfm\Router.php | Строка: 59
==========
[2026-03-19 07:28:02] Текст ошибки: Страница не найдена | Файл: C:\OSPanel\domains\new-ishop2\vendor\wfm\Router.php | Строка: 59
==========
[2026-03-19 07:28:02] Текст ошибки: Страница не найдена | Файл: C:\OSPanel\domains\new-ishop2\vendor\wfm\Router.php | Строка: 59
==========
[2026-03-19 07:28:02] Текст ошибки: Страница не найдена | Файл: C:\OSPanel\domains\new-ishop2\vendor\wfm\Router.php | Строка: 59
==========
[2026-03-19 10:36:25] Текст ошибки: Страница не найдена | Файл: C:\OSPanel\domains\new-ishop2\vendor\wfm\Router.php | Строка: 59
==========
[2026-03-19 10:36:25] Текст ошибки: Страница не найдена | Файл: C:\OSPanel\domains\new-ishop2\vendor\wfm\Router.php | Строка: 59
==========
[2026-03-19 10:36:25] Текст ошибки: Страница не найдена | Файл: C:\OSPanel\domains\new-ishop2\vendor\wfm\Router.php | Строка: 59
==========
[2026-03-19 10:36:25] Текст ошибки: Страница не найдена | Файл: C:\OSPanel\domains\new-ishop2\vendor\wfm\Router.php | Строка: 59
==========
[2026-03-19 10:36:25] Текст ошибки: Страница не найдена | Файл: C:\OSPanel\domains\new-ishop2\vendor\wfm\Router.php | Строка: 59
==========
[2026-03-19 11:17:37] Текст ошибки: Too few arguments to function app\models\Main::get_hits(), 0 passed in C:\OSPanel\domains\new-ishop2\app\controllers\MainController.php on line 13 and exactly 2 expected | Файл: C:\OSPanel\domains\new-ishop2\app\models\Main.php | Строка: 8
==========
[2026-03-19 11:17:37] Текст ошибки: Страница не найдена | Файл: C:\OSPanel\domains\new-ishop2\vendor\wfm\Router.php | Строка: 59
==========
[2026-03-19 11:18:17] Текст ошибки: Too few arguments to function app\models\Main::get_hits(), 1 passed in C:\OSPanel\domains\new-ishop2\app\controllers\MainController.php on line 13 and exactly 2 expected | Файл: C:\OSPanel\domains\new-ishop2\app\models\Main.php | Строка: 8
==========
[2026-03-19 11:18:19] Текст ошибки: Too few arguments to function app\models\Main::get_hits(), 1 passed in C:\OSPanel\domains\new-ishop2\app\controllers\MainController.php on line 13 and exactly 2 expected | Файл: C:\OSPanel\domains\new-ishop2\app\models\Main.php | Строка: 8
==========
[2026-03-19 11:18:19] Текст ошибки: Страница не найдена | Файл: C:\OSPanel\domains\new-ishop2\vendor\wfm\Router.php | Строка: 59
==========
[2026-03-19 11:18:44] Текст ошибки: foreach() argument must be of type array|object, int given | Файл: C:\OSPanel\domains\new-ishop2\vendor\gabordemooij\redbean\RedBeanPHP\Driver\RPDO.php | Строка: 123
==========
[2026-03-19 11:19:23] Текст ошибки: foreach() argument must be of type array|object, int given | Файл: C:\OSPanel\domains\new-ishop2\vendor\gabordemooij\redbean\RedBeanPHP\Driver\RPDO.php | Строка: 123
==========
[2026-03-19 11:19:24] Текст ошибки: foreach() argument must be of type array|object, int given | Файл: C:\OSPanel\domains\new-ishop2\vendor\gabordemooij\redbean\RedBeanPHP\Driver\RPDO.php | Строка: 123
==========
[2026-03-19 11:19:24] Текст ошибки: foreach() argument must be of type array|object, int given | Файл: C:\OSPanel\domains\new-ishop2\vendor\gabordemooij\redbean\RedBeanPHP\Driver\RPDO.php | Строка: 123
==========
[2026-03-19 11:19:24] Текст ошибки: foreach() argument must be of type array|object, int given | Файл: C:\OSPanel\domains\new-ishop2\vendor\gabordemooij\redbean\RedBeanPHP\Driver\RPDO.php | Строка: 123
==========
[2026-03-19 11:19:45] Текст ошибки: foreach() argument must be of type array|object, int given | Файл: C:\OSPanel\domains\new-ishop2\vendor\gabordemooij\redbean\RedBeanPHP\Driver\RPDO.php | Строка: 123
==========
[2026-03-19 11:19:46] Текст ошибки: foreach() argument must be of type array|object, int given | Файл: C:\OSPanel\domains\new-ishop2\vendor\gabordemooij\redbean\RedBeanPHP\Driver\RPDO.php | Строка: 123
==========
[2026-03-19 11:19:46] Текст ошибки: foreach() argument must be of type array|object, int given | Файл: C:\OSPanel\domains\new-ishop2\vendor\gabordemooij\redbean\RedBeanPHP\Driver\RPDO.php | Строка: 123
==========
[2026-03-19 11:19:46] Текст ошибки: foreach() argument must be of type array|object, int given | Файл: C:\OSPanel\domains\new-ishop2\vendor\gabordemooij\redbean\RedBeanPHP\Driver\RPDO.php | Строка: 123
==========
[2026-03-19 11:19:47] Текст ошибки: foreach() argument must be of type array|object, int given | Файл: C:\OSPanel\domains\new-ishop2\vendor\gabordemooij\redbean\RedBeanPHP\Driver\RPDO.php | Строка: 123
==========
[2026-03-19 11:19:47] Текст ошибки: Страница не найдена | Файл: C:\OSPanel\domains\new-ishop2\vendor\wfm\Router.php | Строка: 59
==========
[2026-03-19 11:29:06] Текст ошибки: foreach() argument must be of type array|object, int given | Файл: C:\OSPanel\domains\new-ishop2\vendor\gabordemooij\redbean\RedBeanPHP\Driver\RPDO.php | Строка: 123
==========
[2026-03-19 11:33:39] Текст ошибки: compact(): Undefined variable $products | Файл: C:\OSPanel\domains\new-ishop2\app\controllers\MainController.php | Строка: 15
==========
[2026-03-19 11:33:51] Текст ошибки: Undefined variable $products | Файл: C:\OSPanel\domains\new-ishop2\app\views\Main\index.php | Строка: 41
==========
[2026-03-19 11:35:37] Текст ошибки: Undefined variable $products | Файл: C:\OSPanel\domains\new-ishop2\app\views\Main\index.php | Строка: 41
==========
[2026-03-19 11:35:37] Текст ошибки: Страница не найдена | Файл: C:\OSPanel\domains\new-ishop2\vendor\wfm\Router.php | Строка: 59
==========
[2026-03-19 11:37:55] Текст ошибки: Undefined variable $products | Файл: C:\OSPanel\domains\new-ishop2\app\views\Main\index.php | Строка: 41
==========
[2026-03-19 11:37:55] Текст ошибки: Страница не найдена | Файл: C:\OSPanel\domains\new-ishop2\vendor\wfm\Router.php | Строка: 59
==========
[2026-03-19 11:37:57] Текст ошибки: Undefined variable $products | Файл: C:\OSPanel\domains\new-ishop2\app\views\Main\index.php | Строка: 41
==========
[2026-03-19 11:37:57] Текст ошибки: Undefined variable $products | Файл: C:\OSPanel\domains\new-ishop2\app\views\Main\index.php | Строка: 41
==========
[2026-03-19 11:37:57] Текст ошибки: Undefined variable $products | Файл: C:\OSPanel\domains\new-ishop2\app\views\Main\index.php | Строка: 41
==========
[2026-03-19 11:40:39] Текст ошибки: Undefined variable $products | Файл: C:\OSPanel\domains\new-ishop2\app\views\Main\index.php | Строка: 41
==========
[2026-03-19 11:40:39] Текст ошибки: Страница не найдена | Файл: C:\OSPanel\domains\new-ishop2\vendor\wfm\Router.php | Строка: 59
==========
[2026-03-19 11:42:39] Текст ошибки: foreach() argument must be of type array|object, int given | Файл: C:\OSPanel\domains\new-ishop2\vendor\gabordemooij\redbean\RedBeanPHP\Driver\RPDO.php | Строка: 123
==========
[2026-03-19 11:42:39] Текст ошибки: Страница не найдена | Файл: C:\OSPanel\domains\new-ishop2\vendor\wfm\Router.php | Строка: 59
==========
[2026-03-19 11:43:01] Текст ошибки: Undefined variable $products | Файл: C:\OSPanel\domains\new-ishop2\app\views\Main\index.php | Строка: 41
==========
[2026-03-19 11:43:27] Текст ошибки: foreach() argument must be of type array|object, int given | Файл: C:\OSPanel\domains\new-ishop2\vendor\gabordemooij\redbean\RedBeanPHP\Driver\RPDO.php | Строка: 123
==========
[2026-03-19 11:43:27] Текст ошибки: Страница не найдена | Файл: C:\OSPanel\domains\new-ishop2\vendor\wfm\Router.php | Строка: 59
==========
[2026-03-22 04:11:39] Текст ошибки: foreach() argument must be of type array|object, int given | Файл: C:\OSPanel\domains\new-ishop2\vendor\gabordemooij\redbean\RedBeanPHP\Driver\RPDO.php | Строка: 123
==========
[2026-03-22 04:11:40] Текст ошибки: Страница не найдена | Файл: C:\OSPanel\domains\new-ishop2\vendor\wfm\Router.php | Строка: 59
==========
[2026-03-22 04:14:17] Текст ошибки: Undefined variable $products | Файл: C:\OSPanel\domains\new-ishop2\app\views\Main\index.php | Строка: 41
==========
[2026-03-22 04:16:31] Текст ошибки: Undefined variable $products | Файл: C:\OSPanel\domains\new-ishop2\app\views\Main\index.php | Строка: 41
==========
[2026-03-22 04:17:26] Текст ошибки: Undefined variable $products | Файл: C:\OSPanel\domains\new-ishop2\app\views\Main\index.php | Строка: 41
==========
[2026-03-22 04:18:42] Текст ошибки: Undefined variable $products | Файл: C:\OSPanel\domains\new-ishop2\app\views\Main\index.php | Строка: 41
==========
[2026-03-22 04:20:01] Текст ошибки: foreach() argument must be of type array|object, int given | Файл: C:\OSPanel\domains\new-ishop2\vendor\gabordemooij\redbean\RedBeanPHP\Driver\RPDO.php | Строка: 123
==========
[2026-03-22 04:21:02] Текст ошибки: foreach() argument must be of type array|object, int given | Файл: C:\OSPanel\domains\new-ishop2\vendor\gabordemooij\redbean\RedBeanPHP\Driver\RPDO.php | Строка: 123
==========
[2026-03-22 04:21:05] Текст ошибки: foreach() argument must be of type array|object, int given | Файл: C:\OSPanel\domains\new-ishop2\vendor\gabordemooij\redbean\RedBeanPHP\Driver\RPDO.php | Строка: 123
==========
[2026-03-22 04:21:05] Текст ошибки: Страница не найдена | Файл: C:\OSPanel\domains\new-ishop2\vendor\wfm\Router.php | Строка: 59
==========
[2026-03-22 04:22:32] Текст ошибки: foreach() argument must be of type array|object, int given | Файл: C:\OSPanel\domains\new-ishop2\vendor\gabordemooij\redbean\RedBeanPHP\Driver\RPDO.php | Строка: 123
==========
[2026-03-22 04:22:34] Текст ошибки: foreach() argument must be of type array|object, int given | Файл: C:\OSPanel\domains\new-ishop2\vendor\gabordemooij\redbean\RedBeanPHP\Driver\RPDO.php | Строка: 123
==========
[2026-03-22 04:22:35] Текст ошибки: foreach() argument must be of type array|object, int given | Файл: C:\OSPanel\domains\new-ishop2\vendor\gabordemooij\redbean\RedBeanPHP\Driver\RPDO.php | Строка: 123
==========
[2026-03-22 04:22:35] Текст ошибки: Страница не найдена | Файл: C:\OSPanel\domains\new-ishop2\vendor\wfm\Router.php | Строка: 59
==========
[2026-03-22 04:22:45] Текст ошибки: foreach() argument must be of type array|object, int given | Файл: C:\OSPanel\domains\new-ishop2\vendor\gabordemooij\redbean\RedBeanPHP\Driver\RPDO.php | Строка: 123
==========
[2026-03-22 04:22:53] Текст ошибки: foreach() argument must be of type array|object, int given | Файл: C:\OSPanel\domains\new-ishop2\vendor\gabordemooij\redbean\RedBeanPHP\Driver\RPDO.php | Строка: 123
==========
[2026-03-22 04:22:53] Текст ошибки: foreach() argument must be of type array|object, int given | Файл: C:\OSPanel\domains\new-ishop2\vendor\gabordemooij\redbean\RedBeanPHP\Driver\RPDO.php | Строка: 123
==========
[2026-03-22 04:22:54] Текст ошибки: foreach() argument must be of type array|object, int given | Файл: C:\OSPanel\domains\new-ishop2\vendor\gabordemooij\redbean\RedBeanPHP\Driver\RPDO.php | Строка: 123
==========
[2026-03-22 04:22:55] Текст ошибки: foreach() argument must be of type array|object, int given | Файл: C:\OSPanel\domains\new-ishop2\vendor\gabordemooij\redbean\RedBeanPHP\Driver\RPDO.php | Строка: 123
==========
[2026-03-22 04:22:55] Текст ошибки: Страница не найдена | Файл: C:\OSPanel\domains\new-ishop2\vendor\wfm\Router.php | Строка: 59
==========
[2026-03-22 04:23:36] Текст ошибки: foreach() argument must be of type array|object, int given | Файл: C:\OSPanel\domains\new-ishop2\vendor\gabordemooij\redbean\RedBeanPHP\Driver\RPDO.php | Строка: 123
==========
[2026-03-22 04:23:36] Текст ошибки: Страница не найдена | Файл: C:\OSPanel\domains\new-ishop2\vendor\wfm\Router.php | Строка: 59
==========
[2026-03-22 04:23:37] Текст ошибки: foreach() argument must be of type array|object, int given | Файл: C:\OSPanel\domains\new-ishop2\vendor\gabordemooij\redbean\RedBeanPHP\Driver\RPDO.php | Строка: 123
==========
[2026-03-22 04:23:37] Текст ошибки: Страница не найдена | Файл: C:\OSPanel\domains\new-ishop2\vendor\wfm\Router.php | Строка: 59
==========
[2026-03-22 04:23:37] Текст ошибки: foreach() argument must be of type array|object, int given | Файл: C:\OSPanel\domains\new-ishop2\vendor\gabordemooij\redbean\RedBeanPHP\Driver\RPDO.php | Строка: 123
==========
[2026-03-22 04:23:37] Текст ошибки: Страница не найдена | Файл: C:\OSPanel\domains\new-ishop2\vendor\wfm\Router.php | Строка: 59
==========
[2026-03-22 04:23:37] Текст ошибки: foreach() argument must be of type array|object, int given | Файл: C:\OSPanel\domains\new-ishop2\vendor\gabordemooij\redbean\RedBeanPHP\Driver\RPDO.php | Строка: 123
==========
[2026-03-22 04:23:37] Текст ошибки: Страница не найдена | Файл: C:\OSPanel\domains\new-ishop2\vendor\wfm\Router.php | Строка: 59
==========
[2026-03-22 04:29:53] Текст ошибки: foreach() argument must be of type array|object, int given | Файл: C:\OSPanel\domains\new-ishop2\vendor\gabordemooij\redbean\RedBeanPHP\Driver\RPDO.php | Строка: 123
==========
[2026-03-22 04:29:53] Текст ошибки: foreach() argument must be of type array|object, int given | Файл: C:\OSPanel\domains\new-ishop2\vendor\gabordemooij\redbean\RedBeanPHP\Driver\RPDO.php | Строка: 123
==========
[2026-03-22 04:31:03] Текст ошибки: foreach() argument must be of type array|object, int given | Файл: C:\OSPanel\domains\new-ishop2\vendor\gabordemooij\redbean\RedBeanPHP\Driver\RPDO.php | Строка: 123
==========
[2026-03-22 04:35:27] Текст ошибки: foreach() argument must be of type array|object, int given | Файл: C:\OSPanel\domains\new-ishop2\vendor\gabordemooij\redbean\RedBeanPHP\Driver\RPDO.php | Строка: 123
==========
[2026-03-22 04:35:28] Текст ошибки: foreach() argument must be of type array|object, int given | Файл: C:\OSPanel\domains\new-ishop2\vendor\gabordemooij\redbean\RedBeanPHP\Driver\RPDO.php | Строка: 123
==========
[2026-03-22 04:35:45] Текст ошибки: foreach() argument must be of type array|object, int given | Файл: C:\OSPanel\domains\new-ishop2\vendor\gabordemooij\redbean\RedBeanPHP\Driver\RPDO.php | Строка: 123
==========
[2026-03-22 04:35:46] Текст ошибки: foreach() argument must be of type array|object, int given | Файл: C:\OSPanel\domains\new-ishop2\vendor\gabordemooij\redbean\RedBeanPHP\Driver\RPDO.php | Строка: 123
==========
[2026-03-22 04:35:46] Текст ошибки: foreach() argument must be of type array|object, int given | Файл: C:\OSPanel\domains\new-ishop2\vendor\gabordemooij\redbean\RedBeanPHP\Driver\RPDO.php | Строка: 123
==========
[2026-03-22 04:35:48] Текст ошибки: foreach() argument must be of type array|object, int given | Файл: C:\OSPanel\domains\new-ishop2\vendor\gabordemooij\redbean\RedBeanPHP\Driver\RPDO.php | Строка: 123
==========
[2026-03-22 04:35:48] Текст ошибки: Страница не найдена | Файл: C:\OSPanel\domains\new-ishop2\vendor\wfm\Router.php | Строка: 59
==========
[2026-03-22 04:36:00] Текст ошибки: foreach() argument must be of type array|object, int given | Файл: C:\OSPanel\domains\new-ishop2\vendor\gabordemooij\redbean\RedBeanPHP\Driver\RPDO.php | Строка: 123
==========
[2026-03-22 04:36:01] Текст ошибки: foreach() argument must be of type array|object, int given | Файл: C:\OSPanel\domains\new-ishop2\vendor\gabordemooij\redbean\RedBeanPHP\Driver\RPDO.php | Строка: 123
==========
[2026-03-22 04:36:02] Текст ошибки: foreach() argument must be of type array|object, int given | Файл: C:\OSPanel\domains\new-ishop2\vendor\gabordemooij\redbean\RedBeanPHP\Driver\RPDO.php | Строка: 123
==========
[2026-03-22 04:36:02] Текст ошибки: Страница не найдена | Файл: C:\OSPanel\domains\new-ishop2\vendor\wfm\Router.php | Строка: 59
==========
[2026-03-22 04:36:02] Текст ошибки: foreach() argument must be of type array|object, int given | Файл: C:\OSPanel\domains\new-ishop2\vendor\gabordemooij\redbean\RedBeanPHP\Driver\RPDO.php | Строка: 123
==========
[2026-03-22 04:36:02] Текст ошибки: Страница не найдена | Файл: C:\OSPanel\domains\new-ishop2\vendor\wfm\Router.php | Строка: 59
==========
[2026-03-22 04:36:03] Текст ошибки: foreach() argument must be of type array|object, int given | Файл: C:\OSPanel\domains\new-ishop2\vendor\gabordemooij\redbean\RedBeanPHP\Driver\RPDO.php | Строка: 123
==========
[2026-03-22 04:36:03] Текст ошибки: Страница не найдена | Файл: C:\OSPanel\domains\new-ishop2\vendor\wfm\Router.php | Строка: 59
==========
[2026-03-22 04:36:14] Текст ошибки: foreach() argument must be of type array|object, int given | Файл: C:\OSPanel\domains\new-ishop2\vendor\gabordemooij\redbean\RedBeanPHP\Driver\RPDO.php | Строка: 123
==========
[2026-03-22 04:36:15] Текст ошибки: foreach() argument must be of type array|object, int given | Файл: C:\OSPanel\domains\new-ishop2\vendor\gabordemooij\redbean\RedBeanPHP\Driver\RPDO.php | Строка: 123
==========
[2026-03-22 04:36:16] Текст ошибки: foreach() argument must be of type array|object, int given | Файл: C:\OSPanel\domains\new-ishop2\vendor\gabordemooij\redbean\RedBeanPHP\Driver\RPDO.php | Строка: 123
==========
[2026-03-22 04:36:16] Текст ошибки: Страница не найдена | Файл: C:\OSPanel\domains\new-ishop2\vendor\wfm\Router.php | Строка: 59
==========
[2026-03-22 04:37:50] Текст ошибки: Undefined variable $products | Файл: C:\OSPanel\domains\new-ishop2\app\views\Main\index.php | Строка: 39
==========
[2026-03-22 04:39:47] Текст ошибки: Undefined variable $products | Файл: C:\OSPanel\domains\new-ishop2\app\views\Main\index.php | Строка: 39
==========
[2026-03-22 04:39:48] Текст ошибки: Undefined variable $products | Файл: C:\OSPanel\domains\new-ishop2\app\views\Main\index.php | Строка: 39
==========
[2026-03-22 04:39:49] Текст ошибки: Undefined variable $products | Файл: C:\OSPanel\domains\new-ishop2\app\views\Main\index.php | Строка: 39
==========
[2026-03-22 04:39:49] Текст ошибки: Страница не найдена | Файл: C:\OSPanel\domains\new-ishop2\vendor\wfm\Router.php | Строка: 59
==========
[2026-03-22 04:40:47] Текст ошибки: Undefined array key 0 | Файл: C:\OSPanel\domains\new-ishop2\app\views\Main\index.php | Строка: 7
==========
[2026-03-22 04:41:01] Текст ошибки: Undefined variable $products | Файл: C:\OSPanel\domains\new-ishop2\app\views\Main\index.php | Строка: 39
==========
[2026-03-22 04:43:15] Текст ошибки: Undefined variable $products | Файл: C:\OSPanel\domains\new-ishop2\app\views\Main\index.php | Строка: 38
==========
[2026-03-22 04:48:35] Текст ошибки: Undefined variable $products | Файл: C:\OSPanel\domains\new-ishop2\app\views\Main\index.php | Строка: 38
==========
[2026-03-22 04:48:36] Текст ошибки: Undefined variable $products | Файл: C:\OSPanel\domains\new-ishop2\app\views\Main\index.php | Строка: 38
==========
[2026-03-22 04:48:36] Текст ошибки: Undefined variable $products | Файл: C:\OSPanel\domains\new-ishop2\app\views\Main\index.php | Строка: 38
==========
[2026-03-22 04:48:39] Текст ошибки: Undefined variable $products | Файл: C:\OSPanel\domains\new-ishop2\app\views\Main\index.php | Строка: 38
==========
[2026-03-22 04:48:39] Текст ошибки: Страница не найдена | Файл: C:\OSPanel\domains\new-ishop2\vendor\wfm\Router.php | Строка: 59
==========
[2026-03-22 04:49:40] Текст ошибки: Страница не найдена | Файл: C:\OSPanel\domains\new-ishop2\vendor\wfm\Router.php | Строка: 59
==========
[2026-03-22 04:49:40] Текст ошибки: Страница не найдена | Файл: C:\OSPanel\domains\new-ishop2\vendor\wfm\Router.php | Строка: 59
==========
[2026-03-22 04:49:40] Текст ошибки: Страница не найдена | Файл: C:\OSPanel\domains\new-ishop2\vendor\wfm\Router.php | Строка: 59
==========
[2026-03-22 04:49:40] Текст ошибки: Страница не найдена | Файл: C:\OSPanel\domains\new-ishop2\vendor\wfm\Router.php | Строка: 59
==========
[2026-03-22 04:49:40] Текст ошибки: Страница не найдена | Файл: C:\OSPanel\domains\new-ishop2\vendor\wfm\Router.php | Строка: 59
==========
[2026-03-22 04:50:27] Текст ошибки: Страница не найдена | Файл: C:\OSPanel\domains\new-ishop2\vendor\wfm\Router.php | Строка: 59
==========
[2026-03-22 04:50:27] Текст ошибки: Страница не найдена | Файл: C:\OSPanel\domains\new-ishop2\vendor\wfm\Router.php | Строка: 59
==========
[2026-03-22 04:50:27] Текст ошибки: Страница не найдена | Файл: C:\OSPanel\domains\new-ishop2\vendor\wfm\Router.php | Строка: 59
==========
[2026-03-22 04:50:27] Текст ошибки: Страница не найдена | Файл: C:\OSPanel\domains\new-ishop2\vendor\wfm\Router.php | Строка: 59
==========
[2026-03-22 04:54:08] Текст ошибки: Страница не найдена | Файл: C:\OSPanel\domains\new-ishop2\vendor\wfm\Router.php | Строка: 59
==========
[2026-03-22 04:54:08] Текст ошибки: Страница не найдена | Файл: C:\OSPanel\domains\new-ishop2\vendor\wfm\Router.php | Строка: 59
==========
[2026-03-22 04:54:08] Текст ошибки: Страница не найдена | Файл: C:\OSPanel\domains\new-ishop2\vendor\wfm\Router.php | Строка: 59
==========
[2026-03-22 04:54:08] Текст ошибки: Страница не найдена | Файл: C:\OSPanel\domains\new-ishop2\vendor\wfm\Router.php | Строка: 59
==========
[2026-03-22 04:54:08] Текст ошибки: Страница не найдена | Файл: C:\OSPanel\domains\new-ishop2\vendor\wfm\Router.php | Строка: 59
==========
[2026-03-22 04:54:35] Текст ошибки: Undefined variable $products | Файл: C:\OSPanel\domains\new-ishop2\app\views\Main\index.php | Строка: 38
==========
[2026-03-22 04:54:35] Текст ошибки: Страница не найдена | Файл: C:\OSPanel\domains\new-ishop2\vendor\wfm\Router.php | Строка: 59
==========
[2026-03-22 04:55:19] Текст ошибки: foreach() argument must be of type array|object, int given | Файл: C:\OSPanel\domains\new-ishop2\vendor\gabordemooij\redbean\RedBeanPHP\Driver\RPDO.php | Строка: 123
==========
[2026-03-22 04:55:19] Текст ошибки: Страница не найдена | Файл: C:\OSPanel\domains\new-ishop2\vendor\wfm\Router.php | Строка: 59
==========
[2026-03-22 04:55:44] Текст ошибки: Undefined variable $products | Файл: C:\OSPanel\domains\new-ishop2\app\views\Main\index.php | Строка: 38
==========
[2026-03-22 04:58:04] Текст ошибки: Страница не найдена | Файл: C:\OSPanel\domains\new-ishop2\vendor\wfm\Router.php | Строка: 59
==========
[2026-03-22 04:59:13] Текст ошибки: Undefined variable $products | Файл: C:\OSPanel\domains\new-ishop2\app\views\Main\index.php | Строка: 38
==========
[2026-03-22 05:01:35] Текст ошибки: Страница не найдена | Файл: C:\OSPanel\domains\new-ishop2\vendor\wfm\Router.php | Строка: 59
==========
[2026-03-22 05:01:35] Текст ошибки: Страница не найдена | Файл: C:\OSPanel\domains\new-ishop2\vendor\wfm\Router.php | Строка: 59
==========
[2026-03-22 05:01:35] Текст ошибки: Страница не найдена | Файл: C:\OSPanel\domains\new-ishop2\vendor\wfm\Router.php | Строка: 59
==========
[2026-03-22 05:01:35] Текст ошибки: Страница не найдена | Файл: C:\OSPanel\domains\new-ishop2\vendor\wfm\Router.php | Строка: 59
==========
[2026-03-22 05:01:35] Текст ошибки: Страница не найдена | Файл: C:\OSPanel\domains\new-ishop2\vendor\wfm\Router.php | Строка: 59
==========
[2026-03-22 05:08:04] Текст ошибки: foreach() argument must be of type array|object, int given | Файл: C:\OSPanel\domains\new-ishop2\vendor\gabordemooij\redbean\RedBeanPHP\Driver\RPDO.php | Строка: 123
==========
[2026-03-22 05:08:04] Текст ошибки: Страница не найдена | Файл: C:\OSPanel\domains\new-ishop2\vendor\wfm\Router.php | Строка: 59
==========
[2026-03-22 05:09:43] Текст ошибки: Страница не найдена | Файл: C:\OSPanel\domains\new-ishop2\vendor\wfm\Router.php | Строка: 59
==========
[2026-03-22 05:09:43] Текст ошибки: Страница не найдена | Файл: C:\OSPanel\domains\new-ishop2\vendor\wfm\Router.php | Строка: 59
==========
[2026-03-22 05:09:43] Текст ошибки: Страница не найдена | Файл: C:\OSPanel\domains\new-ishop2\vendor\wfm\Router.php | Строка: 59
==========
[2026-03-22 05:09:43] Текст ошибки: Страница не найдена | Файл: C:\OSPanel\domains\new-ishop2\vendor\wfm\Router.php | Строка: 59
==========
[2026-03-22 05:09:43] Текст ошибки: Страница не найдена | Файл: C:\OSPanel\domains\new-ishop2\vendor\wfm\Router.php | Строка: 59
==========
[2026-03-22 05:29:04] Текст ошибки: Страница не найдена | Файл: C:\OSPanel\domains\new-ishop2\vendor\wfm\Router.php | Строка: 59
==========
[2026-03-22 05:29:04] Текст ошибки: Страница не найдена | Файл: C:\OSPanel\domains\new-ishop2\vendor\wfm\Router.php | Строка: 59
==========
[2026-03-22 05:29:04] Текст ошибки: Страница не найдена | Файл: C:\OSPanel\domains\new-ishop2\vendor\wfm\Router.php | Строка: 59
==========
[2026-03-22 05:29:04] Текст ошибки: Страница не найдена | Файл: C:\OSPanel\domains\new-ishop2\vendor\wfm\Router.php | Строка: 59
==========
[2026-03-22 05:29:04] Текст ошибки: Страница не найдена | Файл: C:\OSPanel\domains\new-ishop2\vendor\wfm\Router.php | Строка: 59
==========
[2026-03-22 05:29:35] Текст ошибки: Undefined variable $products | Файл: C:\OSPanel\domains\new-ishop2\app\views\Main\index.php | Строка: 38
==========
[2026-03-22 05:29:35] Текст ошибки: Страница не найдена | Файл: C:\OSPanel\domains\new-ishop2\vendor\wfm\Router.php | Строка: 59
==========
[2026-03-22 05:29:46] Текст ошибки: Страница не найдена | Файл: C:\OSPanel\domains\new-ishop2\vendor\wfm\Router.php | Строка: 59
==========
[2026-03-22 05:29:46] Текст ошибки: Страница не найдена | Файл: C:\OSPanel\domains\new-ishop2\vendor\wfm\Router.php | Строка: 59
==========
[2026-03-22 05:29:46] Текст ошибки: Страница не найдена | Файл: C:\OSPanel\domains\new-ishop2\vendor\wfm\Router.php | Строка: 59
==========
[2026-03-22 05:29:46] Текст ошибки: Страница не найдена | Файл: C:\OSPanel\domains\new-ishop2\vendor\wfm\Router.php | Строка: 59
==========
[2026-03-22 05:29:46] Текст ошибки: Страница не найдена | Файл: C:\OSPanel\domains\new-ishop2\vendor\wfm\Router.php | Строка: 59
==========
[2026-03-22 05:30:56] Текст ошибки: Страница не найдена | Файл: C:\OSPanel\domains\new-ishop2\vendor\wfm\Router.php | Строка: 59
==========
[2026-03-22 05:30:56] Текст ошибки: Страница не найдена | Файл: C:\OSPanel\domains\new-ishop2\vendor\wfm\Router.php | Строка: 59
==========
[2026-03-22 05:30:56] Текст ошибки: Страница не найдена | Файл: C:\OSPanel\domains\new-ishop2\vendor\wfm\Router.php | Строка: 59
==========
[2026-03-22 05:30:56] Текст ошибки: Страница не найдена | Файл: C:\OSPanel\domains\new-ishop2\vendor\wfm\Router.php | Строка: 59
==========
[2026-03-22 05:30:56] Текст ошибки: Страница не найдена | Файл: C:\OSPanel\domains\new-ishop2\vendor\wfm\Router.php | Строка: 59
==========
[2026-03-22 05:31:09] Текст ошибки: foreach() argument must be of type array|object, int given | Файл: C:\OSPanel\domains\new-ishop2\vendor\gabordemooij\redbean\RedBeanPHP\Driver\RPDO.php | Строка: 123
==========
[2026-03-22 05:31:09] Текст ошибки: Страница не найдена | Файл: C:\OSPanel\domains\new-ishop2\vendor\wfm\Router.php | Строка: 59
==========
[2026-03-22 05:31:21] Текст ошибки: Страница не найдена | Файл: C:\OSPanel\domains\new-ishop2\vendor\wfm\Router.php | Строка: 59
==========
[2026-03-22 05:31:21] Текст ошибки: Страница не найдена | Файл: C:\OSPanel\domains\new-ishop2\vendor\wfm\Router.php | Строка: 59
==========
[2026-03-22 05:31:21] Текст ошибки: Страница не найдена | Файл: C:\OSPanel\domains\new-ishop2\vendor\wfm\Router.php | Строка: 59
==========
[2026-03-22 05:31:21] Текст ошибки: Страница не найдена | Файл: C:\OSPanel\domains\new-ishop2\vendor\wfm\Router.php | Строка: 59
==========
[2026-03-22 05:31:54] Текст ошибки: Страница не найдена | Файл: C:\OSPanel\domains\new-ishop2\vendor\wfm\Router.php | Строка: 59
==========
[2026-03-22 05:31:54] Текст ошибки: Страница не найдена | Файл: C:\OSPanel\domains\new-ishop2\vendor\wfm\Router.php | Строка: 59
==========
[2026-03-22 05:31:54] Текст ошибки: Страница не найдена | Файл: C:\OSPanel\domains\new-ishop2\vendor\wfm\Router.php | Строка: 59
==========
[2026-03-22 05:31:54] Текст ошибки: Страница не найдена | Файл: C:\OSPanel\domains\new-ishop2\vendor\wfm\Router.php | Строка: 59
==========
[2026-03-22 05:32:06] Текст ошибки: foreach() argument must be of type array|object, int given | Файл: C:\OSPanel\domains\new-ishop2\vendor\gabordemooij\redbean\RedBeanPHP\Driver\RPDO.php | Строка: 123
==========
[2026-03-22 05:32:06] Текст ошибки: Страница не найдена | Файл: C:\OSPanel\domains\new-ishop2\vendor\wfm\Router.php | Строка: 59
==========
[2026-03-22 05:32:45] Текст ошибки: Страница не найдена | Файл: C:\OSPanel\domains\new-ishop2\vendor\wfm\Router.php | Строка: 59
==========
[2026-03-22 05:32:45] Текст ошибки: Страница не найдена | Файл: C:\OSPanel\domains\new-ishop2\vendor\wfm\Router.php | Строка: 59
==========
[2026-03-22 05:32:45] Текст ошибки: Страница не найдена | Файл: C:\OSPanel\domains\new-ishop2\vendor\wfm\Router.php | Строка: 59
==========
[2026-03-22 05:32:45] Текст ошибки: Страница не найдена | Файл: C:\OSPanel\domains\new-ishop2\vendor\wfm\Router.php | Строка: 59
==========
[2026-03-22 05:32:45] Текст ошибки: Страница не найдена | Файл: C:\OSPanel\domains\new-ishop2\vendor\wfm\Router.php | Строка: 59
==========
[2026-03-22 05:34:31] Текст ошибки: Страница не найдена | Файл: C:\OSPanel\domains\new-ishop2\vendor\wfm\Router.php | Строка: 59
==========
[2026-03-22 05:34:31] Текст ошибки: Страница не найдена | Файл: C:\OSPanel\domains\new-ishop2\vendor\wfm\Router.php | Строка: 59
==========
[2026-03-22 05:34:31] Текст ошибки: Страница не найдена | Файл: C:\OSPanel\domains\new-ishop2\vendor\wfm\Router.php | Строка: 59
==========
[2026-03-22 05:34:31] Текст ошибки: Страница не найдена | Файл: C:\OSPanel\domains\new-ishop2\vendor\wfm\Router.php | Строка: 59
==========
[2026-03-22 05:34:31] Текст ошибки: Страница не найдена | Файл: C:\OSPanel\domains\new-ishop2\vendor\wfm\Router.php | Строка: 59
==========
[2026-03-22 05:35:17] Текст ошибки: Страница не найдена | Файл: C:\OSPanel\domains\new-ishop2\vendor\wfm\Router.php | Строка: 59
==========
[2026-03-22 05:35:17] Текст ошибки: Страница не найдена | Файл: C:\OSPanel\domains\new-ishop2\vendor\wfm\Router.php | Строка: 59
==========
[2026-03-22 05:35:17] Текст ошибки: Страница не найдена | Файл: C:\OSPanel\domains\new-ishop2\vendor\wfm\Router.php | Строка: 59
==========
[2026-03-22 05:37:15] Текст ошибки: Страница не найдена | Файл: C:\OSPanel\domains\new-ishop2\vendor\wfm\Router.php | Строка: 59
==========
[2026-03-22 05:37:15] Текст ошибки: Страница не найдена | Файл: C:\OSPanel\domains\new-ishop2\vendor\wfm\Router.php | Строка: 59
==========
[2026-03-22 05:37:15] Текст ошибки: Страница не найдена | Файл: C:\OSPanel\domains\new-ishop2\vendor\wfm\Router.php | Строка: 59
==========
[2026-03-22 05:37:15] Текст ошибки: Страница не найдена | Файл: C:\OSPanel\domains\new-ishop2\vendor\wfm\Router.php | Строка: 59
==========
[2026-03-22 05:37:15] Текст ошибки: Страница не найдена | Файл: C:\OSPanel\domains\new-ishop2\vendor\wfm\Router.php | Строка: 59
==========
[2026-03-22 05:37:52] Текст ошибки: Страница не найдена | Файл: C:\OSPanel\domains\new-ishop2\vendor\wfm\Router.php | Строка: 59
==========
[2026-03-22 05:37:52] Текст ошибки: Страница не найдена | Файл: C:\OSPanel\domains\new-ishop2\vendor\wfm\Router.php | Строка: 59
==========
[2026-03-22 05:37:52] Текст ошибки: Страница не найдена | Файл: C:\OSPanel\domains\new-ishop2\vendor\wfm\Router.php | Строка: 59
==========
[2026-03-22 05:37:52] Текст ошибки: Страница не найдена | Файл: C:\OSPanel\domains\new-ishop2\vendor\wfm\Router.php | Строка: 59
==========
[2026-03-22 05:37:52] Текст ошибки: Страница не найдена | Файл: C:\OSPanel\domains\new-ishop2\vendor\wfm\Router.php | Строка: 59
==========
[2026-03-22 05:38:04] Текст ошибки: Страница не найдена | Файл: C:\OSPanel\domains\new-ishop2\vendor\wfm\Router.php | Строка: 59
==========
[2026-03-22 05:38:04] Текст ошибки: Страница не найдена | Файл: C:\OSPanel\domains\new-ishop2\vendor\wfm\Router.php | Строка: 59
==========
[2026-03-22 05:38:04] Текст ошибки: Страница не найдена | Файл: C:\OSPanel\domains\new-ishop2\vendor\wfm\Router.php | Строка: 59
==========
[2026-03-22 05:38:04] Текст ошибки: Страница не найдена | Файл: C:\OSPanel\domains\new-ishop2\vendor\wfm\Router.php | Строка: 59
==========
[2026-03-22 05:40:11] Текст ошибки: Страница не найдена | Файл: C:\OSPanel\domains\new-ishop2\vendor\wfm\Router.php | Строка: 59
==========
[2026-03-22 05:40:11] Текст ошибки: Страница не найдена | Файл: C:\OSPanel\domains\new-ishop2\vendor\wfm\Router.php | Строка: 59
==========
[2026-03-22 05:40:11] Текст ошибки: Страница не найдена | Файл: C:\OSPanel\domains\new-ishop2\vendor\wfm\Router.php | Строка: 59
==========
[2026-03-22 05:40:11] Текст ошибки: Страница не найдена | Файл: C:\OSPanel\domains\new-ishop2\vendor\wfm\Router.php | Строка: 59
==========
[2026-03-22 05:40:11] Текст ошибки: Страница не найдена | Файл: C:\OSPanel\domains\new-ishop2\vendor\wfm\Router.php | Строка: 59
==========
[2026-03-22 05:40:24] Текст ошибки: Страница не найдена | Файл: C:\OSPanel\domains\new-ishop2\vendor\wfm\Router.php | Строка: 59
==========
[2026-03-22 05:40:24] Текст ошибки: Страница не найдена | Файл: C:\OSPanel\domains\new-ishop2\vendor\wfm\Router.php | Строка: 59
==========
[2026-03-22 05:40:24] Текст ошибки: Страница не найдена | Файл: C:\OSPanel\domains\new-ishop2\vendor\wfm\Router.php | Строка: 59
==========
[2026-03-22 05:41:31] Текст ошибки: Страница не найдена | Файл: C:\OSPanel\domains\new-ishop2\vendor\wfm\Router.php | Строка: 59
==========
[2026-03-22 05:41:31] Текст ошибки: Страница не найдена | Файл: C:\OSPanel\domains\new-ishop2\vendor\wfm\Router.php | Строка: 59
==========
[2026-03-22 05:41:31] Текст ошибки: Страница не найдена | Файл: C:\OSPanel\domains\new-ishop2\vendor\wfm\Router.php | Строка: 59
==========
[2026-03-22 05:41:31] Текст ошибки: Страница не найдена | Файл: C:\OSPanel\domains\new-ishop2\vendor\wfm\Router.php | Строка: 59
==========
[2026-03-22 05:41:31] Текст ошибки: Страница не найдена | Файл: C:\OSPanel\domains\new-ishop2\vendor\wfm\Router.php | Строка: 59
==========
[2026-03-22 05:42:28] Текст ошибки: Страница не найдена | Файл: C:\OSPanel\domains\new-ishop2\vendor\wfm\Router.php | Строка: 59
==========
[2026-03-22 05:42:28] Текст ошибки: Страница не найдена | Файл: C:\OSPanel\domains\new-ishop2\vendor\wfm\Router.php | Строка: 59
==========
[2026-03-22 05:42:28] Текст ошибки: Страница не найдена | Файл: C:\OSPanel\domains\new-ishop2\vendor\wfm\Router.php | Строка: 59
==========
[2026-03-22 05:42:28] Текст ошибки: Страница не найдена | Файл: C:\OSPanel\domains\new-ishop2\vendor\wfm\Router.php | Строка: 59
==========
[2026-03-22 05:42:28] Текст ошибки: Страница не найдена | Файл: C:\OSPanel\domains\new-ishop2\vendor\wfm\Router.php | Строка: 59
==========
[2026-03-22 05:43:04] Текст ошибки: Страница не найдена | Файл: C:\OSPanel\domains\new-ishop2\vendor\wfm\Router.php | Строка: 59
==========
[2026-03-22 05:43:04] Текст ошибки: Страница не найдена | Файл: C:\OSPanel\domains\new-ishop2\vendor\wfm\Router.php | Строка: 59
==========
[2026-03-22 05:43:04] Текст ошибки: Страница не найдена | Файл: C:\OSPanel\domains\new-ishop2\vendor\wfm\Router.php | Строка: 59
==========
[2026-03-22 05:43:04] Текст ошибки: Страница не найдена | Файл: C:\OSPanel\domains\new-ishop2\vendor\wfm\Router.php | Строка: 59
==========
[2026-03-22 05:47:09] Текст ошибки: Страница не найдена | Файл: C:\OSPanel\domains\new-ishop2\vendor\wfm\Router.php | Строка: 59
==========
[2026-03-22 05:47:09] Текст ошибки: Страница не найдена | Файл: C:\OSPanel\domains\new-ishop2\vendor\wfm\Router.php | Строка: 59
==========
[2026-03-22 05:47:09] Текст ошибки: Страница не найдена | Файл: C:\OSPanel\domains\new-ishop2\vendor\wfm\Router.php | Строка: 59
==========
[2026-03-22 05:47:09] Текст ошибки: Страница не найдена | Файл: C:\OSPanel\domains\new-ishop2\vendor\wfm\Router.php | Строка: 59
==========
[2026-03-22 05:47:09] Текст ошибки: Страница не найдена | Файл: C:\OSPanel\domains\new-ishop2\vendor\wfm\Router.php | Строка: 59
==========
[2026-03-22 05:47:49] Текст ошибки: Страница не найдена | Файл: C:\OSPanel\domains\new-ishop2\vendor\wfm\Router.php | Строка: 59
==========
[2026-03-22 05:47:49] Текст ошибки: Страница не найдена | Файл: C:\OSPanel\domains\new-ishop2\vendor\wfm\Router.php | Строка: 59
==========
[2026-03-22 05:47:49] Текст ошибки: Страница не найдена | Файл: C:\OSPanel\domains\new-ishop2\vendor\wfm\Router.php | Строка: 59
==========
[2026-03-22 05:49:59] Текст ошибки: Страница не найдена | Файл: C:\OSPanel\domains\new-ishop2\vendor\wfm\Router.php | Строка: 59
==========
[2026-03-22 05:49:59] Текст ошибки: Страница не найдена | Файл: C:\OSPanel\domains\new-ishop2\vendor\wfm\Router.php | Строка: 59
==========
[2026-03-22 05:49:59] Текст ошибки: Страница не найдена | Файл: C:\OSPanel\domains\new-ishop2\vendor\wfm\Router.php | Строка: 59
==========
[2026-03-22 05:49:59] Текст ошибки: Страница не найдена | Файл: C:\OSPanel\domains\new-ishop2\vendor\wfm\Router.php | Строка: 59
==========
[2026-03-22 05:50:04] Текст ошибки: Страница не найдена | Файл: C:\OSPanel\domains\new-ishop2\vendor\wfm\Router.php | Строка: 59
==========
[2026-03-22 05:50:04] Текст ошибки: Страница не найдена | Файл: C:\OSPanel\domains\new-ishop2\vendor\wfm\Router.php | Строка: 59
==========
[2026-03-22 05:50:04] Текст ошибки: Страница не найдена | Файл: C:\OSPanel\domains\new-ishop2\vendor\wfm\Router.php | Строка: 59
==========
[2026-03-22 05:50:04] Текст ошибки: Страница не найдена | Файл: C:\OSPanel\domains\new-ishop2\vendor\wfm\Router.php | Строка: 59
==========
[2026-03-22 05:54:07] Текст ошибки: Страница не найдена | Файл: C:\OSPanel\domains\new-ishop2\vendor\wfm\Router.php | Строка: 59
==========
[2026-03-22 05:54:07] Текст ошибки: Страница не найдена | Файл: C:\OSPanel\domains\new-ishop2\vendor\wfm\Router.php | Строка: 59
==========
[2026-03-22 05:54:07] Текст ошибки: Страница не найдена | Файл: C:\OSPanel\domains\new-ishop2\vendor\wfm\Router.php | Строка: 59
==========
[2026-03-22 05:54:07] Текст ошибки: Страница не найдена | Файл: C:\OSPanel\domains\new-ishop2\vendor\wfm\Router.php | Строка: 59
==========
[2026-03-22 05:54:07] Текст ошибки: Страница не найдена | Файл: C:\OSPanel\domains\new-ishop2\vendor\wfm\Router.php | Строка: 59
==========
[2026-03-22 06:07:41] Текст ошибки: Страница не найдена | Файл: C:\OSPanel\domains\new-ishop2\vendor\wfm\Router.php | Строка: 59
==========
[2026-03-22 06:07:41] Текст ошибки: Страница не найдена | Файл: C:\OSPanel\domains\new-ishop2\vendor\wfm\Router.php | Строка: 59
==========
[2026-03-22 06:07:41] Текст ошибки: Страница не найдена | Файл: C:\OSPanel\domains\new-ishop2\vendor\wfm\Router.php | Строка: 59
==========
[2026-03-22 06:07:41] Текст ошибки: Страница не найдена | Файл: C:\OSPanel\domains\new-ishop2\vendor\wfm\Router.php | Строка: 59
==========
[2026-03-22 06:08:28] Текст ошибки: Страница не найдена | Файл: C:\OSPanel\domains\new-ishop2\vendor\wfm\Router.php | Строка: 59
==========
[2026-03-22 06:08:28] Текст ошибки: Страница не найдена | Файл: C:\OSPanel\domains\new-ishop2\vendor\wfm\Router.php | Строка: 59
==========
[2026-03-22 06:08:28] Текст ошибки: Страница не найдена | Файл: C:\OSPanel\domains\new-ishop2\vendor\wfm\Router.php | Строка: 59
==========
[2026-03-22 06:08:28] Текст ошибки: Страница не найдена | Файл: C:\OSPanel\domains\new-ishop2\vendor\wfm\Router.php | Строка: 59
==========
[2026-03-22 06:08:28] Текст ошибки: Страница не найдена | Файл: C:\OSPanel\domains\new-ishop2\vendor\wfm\Router.php | Строка: 59
==========
[2026-03-22 06:13:19] Текст ошибки: Страница не найдена | Файл: C:\OSPanel\domains\new-ishop2\vendor\wfm\Router.php | Строка: 59
==========
[2026-03-22 06:13:19] Текст ошибки: Страница не найдена | Файл: C:\OSPanel\domains\new-ishop2\vendor\wfm\Router.php | Строка: 59
==========
[2026-03-22 06:13:19] Текст ошибки: Страница не найдена | Файл: C:\OSPanel\domains\new-ishop2\vendor\wfm\Router.php | Строка: 59
==========
[2026-03-22 06:13:19] Текст ошибки: Страница не найдена | Файл: C:\OSPanel\domains\new-ishop2\vendor\wfm\Router.php | Строка: 59
==========
[2026-03-22 06:13:19] Текст ошибки: Страница не найдена | Файл: C:\OSPanel\domains\new-ishop2\vendor\wfm\Router.php | Строка: 59
==========
[2026-03-22 06:13:20] Текст ошибки: Страница не найдена | Файл: C:\OSPanel\domains\new-ishop2\vendor\wfm\Router.php | Строка: 59
==========
[2026-03-22 06:15:56] Текст ошибки: Too few arguments to function app\models\Main::get_hits(), 0 passed in C:\OSPanel\domains\new-ishop2\app\controllers\MainController.php on line 13 and exactly 2 expected | Файл: C:\OSPanel\domains\new-ishop2\app\models\Main.php | Строка: 8
==========
[2026-03-22 06:16:05] Текст ошибки: Страница не найдена | Файл: C:\OSPanel\domains\new-ishop2\vendor\wfm\Router.php | Строка: 59
==========
[2026-03-22 06:16:05] Текст ошибки: Страница не найдена | Файл: C:\OSPanel\domains\new-ishop2\vendor\wfm\Router.php | Строка: 59
==========
[2026-03-22 06:16:05] Текст ошибки: Страница не найдена | Файл: C:\OSPanel\domains\new-ishop2\vendor\wfm\Router.php | Строка: 59
==========
[2026-03-22 06:16:05] Текст ошибки: Страница не найдена | Файл: C:\OSPanel\domains\new-ishop2\vendor\wfm\Router.php | Строка: 59
==========
[2026-03-22 06:16:05] Текст ошибки: Страница не найдена | Файл: C:\OSPanel\domains\new-ishop2\vendor\wfm\Router.php | Строка: 59
==========
[2026-03-22 06:16:18] Текст ошибки: Страница не найдена | Файл: C:\OSPanel\domains\new-ishop2\vendor\wfm\Router.php | Строка: 59
==========
[2026-03-22 06:16:18] Текст ошибки: Страница не найдена | Файл: C:\OSPanel\domains\new-ishop2\vendor\wfm\Router.php | Строка: 59
==========
[2026-03-22 06:16:18] Текст ошибки: Страница не найдена | Файл: C:\OSPanel\domains\new-ishop2\vendor\wfm\Router.php | Строка: 59
==========
[2026-03-22 06:16:18] Текст ошибки: Страница не найдена | Файл: C:\OSPanel\domains\new-ishop2\vendor\wfm\Router.php | Строка: 59
==========
[2026-03-22 06:16:18] Текст ошибки: Страница не найдена | Файл: C:\OSPanel\domains\new-ishop2\vendor\wfm\Router.php | Строка: 59
==========
[2026-03-22 06:46:35] Текст ошибки: Страница не найдена | Файл: C:\OSPanel\domains\new-ishop2\vendor\wfm\Router.php | Строка: 59
==========
[2026-03-22 06:46:35] Текст ошибки: Страница не найдена | Файл: C:\OSPanel\domains\new-ishop2\vendor\wfm\Router.php | Строка: 59
==========
[2026-03-22 06:46:35] Текст ошибки: Страница не найдена | Файл: C:\OSPanel\domains\new-ishop2\vendor\wfm\Router.php | Строка: 59
==========
[2026-03-22 06:46:35] Текст ошибки: Страница не найдена | Файл: C:\OSPanel\domains\new-ishop2\vendor\wfm\Router.php | Строка: 59
==========
[2026-03-22 06:46:47] Текст ошибки: Страница не найдена | Файл: C:\OSPanel\domains\new-ishop2\vendor\wfm\Router.php | Строка: 59
==========
[2026-03-22 06:46:47] Текст ошибки: Страница не найдена | Файл: C:\OSPanel\domains\new-ishop2\vendor\wfm\Router.php | Строка: 59
==========
[2026-03-22 06:49:59] Текст ошибки: Страница не найдена | Файл: C:\OSPanel\domains\new-ishop2\vendor\wfm\Router.php | Строка: 59
==========
[2026-03-22 06:49:59] Текст ошибки: Страница не найдена | Файл: C:\OSPanel\domains\new-ishop2\vendor\wfm\Router.php | Строка: 59
==========
[2026-03-22 06:49:59] Текст ошибки: Страница не найдена | Файл: C:\OSPanel\domains\new-ishop2\vendor\wfm\Router.php | Строка: 59
==========
[2026-03-22 06:49:59] Текст ошибки: Страница не найдена | Файл: C:\OSPanel\domains\new-ishop2\vendor\wfm\Router.php | Строка: 59
==========
[2026-03-22 06:49:59] Текст ошибки: Страница не найдена | Файл: C:\OSPanel\domains\new-ishop2\vendor\wfm\Router.php | Строка: 59
==========
[2026-03-22 06:52:57] Текст ошибки: Страница не найдена | Файл: C:\OSPanel\domains\new-ishop2\vendor\wfm\Router.php | Строка: 59
==========
[2026-03-22 06:52:57] Текст ошибки: Страница не найдена | Файл: C:\OSPanel\domains\new-ishop2\vendor\wfm\Router.php | Строка: 59
==========
[2026-03-22 06:52:57] Текст ошибки: Страница не найдена | Файл: C:\OSPanel\domains\new-ishop2\vendor\wfm\Router.php | Строка: 59
==========
[2026-03-22 06:52:57] Текст ошибки: Страница не найдена | Файл: C:\OSPanel\domains\new-ishop2\vendor\wfm\Router.php | Строка: 59
==========
[2026-03-22 06:52:57] Текст ошибки: Страница не найдена | Файл: C:\OSPanel\domains\new-ishop2\vendor\wfm\Router.php | Строка: 59
==========
[2026-03-22 06:53:00] Текст ошибки: Страница не найдена | Файл: C:\OSPanel\domains\new-ishop2\vendor\wfm\Router.php | Строка: 59
==========
[2026-03-22 06:53:00] Текст ошибки: Страница не найдена | Файл: C:\OSPanel\domains\new-ishop2\vendor\wfm\Router.php | Строка: 59
==========
[2026-03-22 06:53:00] Текст ошибки: Страница не найдена | Файл: C:\OSPanel\domains\new-ishop2\vendor\wfm\Router.php | Строка: 59
==========
[2026-03-22 06:53:00] Текст ошибки: Страница не найдена | Файл: C:\OSPanel\domains\new-ishop2\vendor\wfm\Router.php | Строка: 59
==========
[2026-03-24 04:17:37] Текст ошибки: Страница не найдена | Файл: C:\OSPanel\domains\new-ishop2\vendor\wfm\Router.php | Строка: 59
==========
[2026-03-24 04:17:37] Текст ошибки: Страница не найдена | Файл: C:\OSPanel\domains\new-ishop2\vendor\wfm\Router.php | Строка: 59
==========
[2026-03-24 04:17:37] Текст ошибки: Страница не найдена | Файл: C:\OSPanel\domains\new-ishop2\vendor\wfm\Router.php | Строка: 59
==========
[2026-03-24 04:17:37] Текст ошибки: Страница не найдена | Файл: C:\OSPanel\domains\new-ishop2\vendor\wfm\Router.php | Строка: 59
==========
[2026-03-24 04:20:43] Текст ошибки: Undefined variable $products | Файл: C:\OSPanel\domains\new-ishop2\app\views\Main\index.php | Строка: 38
==========
[2026-03-24 04:20:44] Текст ошибки: Страница не найдена | Файл: C:\OSPanel\domains\new-ishop2\vendor\wfm\Router.php | Строка: 59
==========
[2026-03-24 04:21:35] Текст ошибки: foreach() argument must be of type array|object, int given | Файл: C:\OSPanel\domains\new-ishop2\vendor\gabordemooij\redbean\RedBeanPHP\Driver\RPDO.php | Строка: 123
==========
[2026-03-24 04:21:35] Текст ошибки: Страница не найдена | Файл: C:\OSPanel\domains\new-ishop2\vendor\wfm\Router.php | Строка: 59
==========
[2026-03-24 04:21:56] Текст ошибки: Страница не найдена | Файл: C:\OSPanel\domains\new-ishop2\vendor\wfm\Router.php | Строка: 59
==========
[2026-03-24 04:21:56] Текст ошибки: Страница не найдена | Файл: C:\OSPanel\domains\new-ishop2\vendor\wfm\Router.php | Строка: 59
==========
[2026-03-24 04:21:56] Текст ошибки: Страница не найдена | Файл: C:\OSPanel\domains\new-ishop2\vendor\wfm\Router.php | Строка: 59
==========
[2026-03-24 04:21:56] Текст ошибки: Страница не найдена | Файл: C:\OSPanel\domains\new-ishop2\vendor\wfm\Router.php | Строка: 59
==========
[2026-03-24 04:21:56] Текст ошибки: Страница не найдена | Файл: C:\OSPanel\domains\new-ishop2\vendor\wfm\Router.php | Строка: 59
==========
[2026-03-24 04:28:27] Текст ошибки: Страница не найдена | Файл: C:\OSPanel\domains\new-ishop2\vendor\wfm\Router.php | Строка: 59
==========
[2026-03-24 04:28:27] Текст ошибки: Страница не найдена | Файл: C:\OSPanel\domains\new-ishop2\vendor\wfm\Router.php | Строка: 59
==========
[2026-03-24 04:28:27] Текст ошибки: Страница не найдена | Файл: C:\OSPanel\domains\new-ishop2\vendor\wfm\Router.php | Строка: 59
==========
[2026-03-24 04:28:27] Текст ошибки: Страница не найдена | Файл: C:\OSPanel\domains\new-ishop2\vendor\wfm\Router.php | Строка: 59
==========
[2026-03-24 04:28:27] Текст ошибки: Страница не найдена | Файл: C:\OSPanel\domains\new-ishop2\vendor\wfm\Router.php | Строка: 59
==========
[2026-03-24 04:31:10] Текст ошибки: Страница не найдена | Файл: C:\OSPanel\domains\new-ishop2\vendor\wfm\Router.php | Строка: 59
==========
[2026-03-24 04:31:10] Текст ошибки: Страница не найдена | Файл: C:\OSPanel\domains\new-ishop2\vendor\wfm\Router.php | Строка: 59
==========
[2026-03-24 04:31:10] Текст ошибки: Страница не найдена | Файл: C:\OSPanel\domains\new-ishop2\vendor\wfm\Router.php | Строка: 59
==========
[2026-03-24 04:31:10] Текст ошибки: Страница не найдена | Файл: C:\OSPanel\domains\new-ishop2\vendor\wfm\Router.php | Строка: 59
==========
[2026-03-24 04:31:10] Текст ошибки: Страница не найдена | Файл: C:\OSPanel\domains\new-ishop2\vendor\wfm\Router.php | Строка: 59
==========
[2026-03-24 04:31:33] Текст ошибки: Страница не найдена | Файл: C:\OSPanel\domains\new-ishop2\vendor\wfm\Router.php | Строка: 59
==========
[2026-03-24 04:31:33] Текст ошибки: Страница не найдена | Файл: C:\OSPanel\domains\new-ishop2\vendor\wfm\Router.php | Строка: 59
==========
[2026-03-24 04:31:33] Текст ошибки: Страница не найдена | Файл: C:\OSPanel\domains\new-ishop2\vendor\wfm\Router.php | Строка: 59
==========
[2026-03-24 04:31:33] Текст ошибки: Страница не найдена | Файл: C:\OSPanel\domains\new-ishop2\vendor\wfm\Router.php | Строка: 59
==========
[2026-03-24 04:31:33] Текст ошибки: Страница не найдена | Файл: C:\OSPanel\domains\new-ishop2\vendor\wfm\Router.php | Строка: 59
==========
[2026-03-24 04:32:04] Текст ошибки: Страница не найдена | Файл: C:\OSPanel\domains\new-ishop2\vendor\wfm\Router.php | Строка: 59
==========
[2026-03-24 04:32:04] Текст ошибки: Страница не найдена | Файл: C:\OSPanel\domains\new-ishop2\vendor\wfm\Router.php | Строка: 59
==========
[2026-03-24 04:32:04] Текст ошибки: Страница не найдена | Файл: C:\OSPanel\domains\new-ishop2\vendor\wfm\Router.php | Строка: 59
==========
[2026-03-24 04:32:04] Текст ошибки: Страница не найдена | Файл: C:\OSPanel\domains\new-ishop2\vendor\wfm\Router.php | Строка: 59
==========
[2026-03-24 04:32:48] Текст ошибки: Страница не найдена | Файл: C:\OSPanel\domains\new-ishop2\vendor\wfm\Router.php | Строка: 59
==========
[2026-03-24 04:32:48] Текст ошибки: Страница не найдена | Файл: C:\OSPanel\domains\new-ishop2\vendor\wfm\Router.php | Строка: 59
==========
[2026-03-24 04:32:48] Текст ошибки: Страница не найдена | Файл: C:\OSPanel\domains\new-ishop2\vendor\wfm\Router.php | Строка: 59
==========
[2026-03-24 04:32:48] Текст ошибки: Страница не найдена | Файл: C:\OSPanel\domains\new-ishop2\vendor\wfm\Router.php | Строка: 59
==========
[2026-03-24 04:32:48] Текст ошибки: Страница не найдена | Файл: C:\OSPanel\domains\new-ishop2\vendor\wfm\Router.php | Строка: 59
==========
[2026-03-24 04:33:21] Текст ошибки: Страница не найдена | Файл: C:\OSPanel\domains\new-ishop2\vendor\wfm\Router.php | Строка: 59
==========
[2026-03-24 04:33:21] Текст ошибки: Страница не найдена | Файл: C:\OSPanel\domains\new-ishop2\vendor\wfm\Router.php | Строка: 59
==========
[2026-03-24 04:33:21] Текст ошибки: Страница не найдена | Файл: C:\OSPanel\domains\new-ishop2\vendor\wfm\Router.php | Строка: 59
==========
[2026-03-24 04:33:21] Текст ошибки: Страница не найдена | Файл: C:\OSPanel\domains\new-ishop2\vendor\wfm\Router.php | Строка: 59
==========
[2026-03-24 04:33:21] Текст ошибки: Страница не найдена | Файл: C:\OSPanel\domains\new-ishop2\vendor\wfm\Router.php | Строка: 59
==========
[2026-03-24 04:35:52] Текст ошибки: Страница не найдена | Файл: C:\OSPanel\domains\new-ishop2\vendor\wfm\Router.php | Строка: 59
==========
[2026-03-24 04:35:52] Текст ошибки: Страница не найдена | Файл: C:\OSPanel\domains\new-ishop2\vendor\wfm\Router.php | Строка: 59
==========
[2026-03-24 04:35:52] Текст ошибки: Страница не найдена | Файл: C:\OSPanel\domains\new-ishop2\vendor\wfm\Router.php | Строка: 59
==========
[2026-03-24 04:35:52] Текст ошибки: Страница не найдена | Файл: C:\OSPanel\domains\new-ishop2\vendor\wfm\Router.php | Строка: 59
==========
[2026-03-24 04:35:52] Текст ошибки: Страница не найдена | Файл: C:\OSPanel\domains\new-ishop2\vendor\wfm\Router.php | Строка: 59
==========
[2026-03-24 04:47:41] Текст ошибки: Страница не найдена | Файл: C:\OSPanel\domains\new-ishop2\vendor\wfm\Router.php | Строка: 59
==========
[2026-03-24 04:47:41] Текст ошибки: Страница не найдена | Файл: C:\OSPanel\domains\new-ishop2\vendor\wfm\Router.php | Строка: 59
==========
[2026-03-24 04:47:41] Текст ошибки: Страница не найдена | Файл: C:\OSPanel\domains\new-ishop2\vendor\wfm\Router.php | Строка: 59
==========
[2026-03-24 04:47:41] Текст ошибки: Страница не найдена | Файл: C:\OSPanel\domains\new-ishop2\vendor\wfm\Router.php | Строка: 59
==========
[2026-03-24 04:47:41] Текст ошибки: Страница не найдена | Файл: C:\OSPanel\domains\new-ishop2\vendor\wfm\Router.php | Строка: 59
==========
[2026-03-24 04:50:11] Текст ошибки: Страница не найдена | Файл: C:\OSPanel\domains\new-ishop2\vendor\wfm\Router.php | Строка: 59
==========
[2026-03-24 04:50:11] Текст ошибки: Страница не найдена | Файл: C:\OSPanel\domains\new-ishop2\vendor\wfm\Router.php | Строка: 59
==========
[2026-03-24 04:50:11] Текст ошибки: Страница не найдена | Файл: C:\OSPanel\domains\new-ishop2\vendor\wfm\Router.php | Строка: 59
==========
[2026-03-24 04:50:11] Текст ошибки: Страница не найдена | Файл: C:\OSPanel\domains\new-ishop2\vendor\wfm\Router.php | Строка: 59
==========
[2026-03-24 04:53:03] Текст ошибки: Страница не найдена | Файл: C:\OSPanel\domains\new-ishop2\vendor\wfm\Router.php | Строка: 59
==========
[2026-03-24 04:53:03] Текст ошибки: Страница не найдена | Файл: C:\OSPanel\domains\new-ishop2\vendor\wfm\Router.php | Строка: 59
==========
[2026-03-24 04:53:03] Текст ошибки: Страница не найдена | Файл: C:\OSPanel\domains\new-ishop2\vendor\wfm\Router.php | Строка: 59
==========
[2026-03-24 04:53:03] Текст ошибки: Страница не найдена | Файл: C:\OSPanel\domains\new-ishop2\vendor\wfm\Router.php | Строка: 59
==========
[2026-03-24 04:53:03] Текст ошибки: Страница не найдена | Файл: C:\OSPanel\domains\new-ishop2\vendor\wfm\Router.php | Строка: 59
==========
[2026-03-24 04:53:03] Текст ошибки: Страница не найдена | Файл: C:\OSPanel\domains\new-ishop2\vendor\wfm\Router.php | Строка: 59
==========
[2026-03-24 04:53:03] Текст ошибки: Страница не найдена | Файл: C:\OSPanel\domains\new-ishop2\vendor\wfm\Router.php | Строка: 59
==========
[2026-03-24 04:53:03] Текст ошибки: Страница не найдена | Файл: C:\OSPanel\domains\new-ishop2\vendor\wfm\Router.php | Строка: 59
==========
[2026-03-24 04:54:50] Текст ошибки: Страница не найдена | Файл: C:\OSPanel\domains\new-ishop2\vendor\wfm\Router.php | Строка: 59
==========
[2026-03-24 04:54:50] Текст ошибки: Страница не найдена | Файл: C:\OSPanel\domains\new-ishop2\vendor\wfm\Router.php | Строка: 59
==========
[2026-03-24 04:54:50] Текст ошибки: Страница не найдена | Файл: C:\OSPanel\domains\new-ishop2\vendor\wfm\Router.php | Строка: 59
==========
[2026-03-24 04:54:50] Текст ошибки: Страница не найдена | Файл: C:\OSPanel\domains\new-ishop2\vendor\wfm\Router.php | Строка: 59
==========
[2026-03-24 04:54:50] Текст ошибки: Страница не найдена | Файл: C:\OSPanel\domains\new-ishop2\vendor\wfm\Router.php | Строка: 59
==========
[2026-03-24 04:54:50] Текст ошибки: Страница не найдена | Файл: C:\OSPanel\domains\new-ishop2\vendor\wfm\Router.php | Строка: 59
==========
[2026-03-24 04:54:50] Текст ошибки: Страница не найдена | Файл: C:\OSPanel\domains\new-ishop2\vendor\wfm\Router.php | Строка: 59
==========
[2026-03-24 04:54:54] Текст ошибки: Страница не найдена | Файл: C:\OSPanel\domains\new-ishop2\vendor\wfm\Router.php | Строка: 59
==========
[2026-03-24 04:54:54] Текст ошибки: Страница не найдена | Файл: C:\OSPanel\domains\new-ishop2\vendor\wfm\Router.php | Строка: 59
==========
[2026-03-24 04:54:54] Текст ошибки: Страница не найдена | Файл: C:\OSPanel\domains\new-ishop2\vendor\wfm\Router.php | Строка: 59
==========
[2026-03-24 04:54:54] Текст ошибки: Страница не найдена | Файл: C:\OSPanel\domains\new-ishop2\vendor\wfm\Router.php | Строка: 59
==========
[2026-03-24 04:54:54] Текст ошибки: Страница не найдена | Файл: C:\OSPanel\domains\new-ishop2\vendor\wfm\Router.php | Строка: 59
==========
[2026-03-24 04:54:54] Текст ошибки: Страница не найдена | Файл: C:\OSPanel\domains\new-ishop2\vendor\wfm\Router.php | Строка: 59
==========
[2026-03-24 04:54:54] Текст ошибки: Страница не найдена | Файл: C:\OSPanel\domains\new-ishop2\vendor\wfm\Router.php | Строка: 59
==========
[2026-03-24 04:54:54] Текст ошибки: Страница не найдена | Файл: C:\OSPanel\domains\new-ishop2\vendor\wfm\Router.php | Строка: 59
==========
[2026-03-24 04:57:23] Текст ошибки: Страница не найдена | Файл: C:\OSPanel\domains\new-ishop2\vendor\wfm\Router.php | Строка: 59
==========
[2026-03-24 04:57:23] Текст ошибки: Страница не найдена | Файл: C:\OSPanel\domains\new-ishop2\vendor\wfm\Router.php | Строка: 59
==========
[2026-03-24 04:57:23] Текст ошибки: Страница не найдена | Файл: C:\OSPanel\domains\new-ishop2\vendor\wfm\Router.php | Строка: 59
==========
[2026-03-24 04:57:23] Текст ошибки: Страница не найдена | Файл: C:\OSPanel\domains\new-ishop2\vendor\wfm\Router.php | Строка: 59
==========
[2026-03-24 04:57:23] Текст ошибки: Страница не найдена | Файл: C:\OSPanel\domains\new-ishop2\vendor\wfm\Router.php | Строка: 59
==========
[2026-03-24 04:57:23] Текст ошибки: Страница не найдена | Файл: C:\OSPanel\domains\new-ishop2\vendor\wfm\Router.php | Строка: 59
==========
[2026-03-24 04:57:23] Текст ошибки: Страница не найдена | Файл: C:\OSPanel\domains\new-ishop2\vendor\wfm\Router.php | Строка: 59
==========
[2026-03-24 04:57:23] Текст ошибки: Страница не найдена | Файл: C:\OSPanel\domains\new-ishop2\vendor\wfm\Router.php | Строка: 59
==========
[2026-03-24 05:01:02] Текст ошибки: Страница не найдена | Файл: C:\OSPanel\domains\new-ishop2\vendor\wfm\Router.php | Строка: 59
==========
[2026-03-24 05:01:02] Текст ошибки: Страница не найдена | Файл: C:\OSPanel\domains\new-ishop2\vendor\wfm\Router.php | Строка: 59
==========
[2026-03-24 05:01:02] Текст ошибки: Страница не найдена | Файл: C:\OSPanel\domains\new-ishop2\vendor\wfm\Router.php | Строка: 59
==========
[2026-03-24 05:01:02] Текст ошибки: Страница не найдена | Файл: C:\OSPanel\domains\new-ishop2\vendor\wfm\Router.php | Строка: 59
==========
[2026-03-24 05:01:02] Текст ошибки: Страница не найдена | Файл: C:\OSPanel\domains\new-ishop2\vendor\wfm\Router.php | Строка: 59
==========
[2026-03-24 05:01:02] Текст ошибки: Страница не найдена | Файл: C:\OSPanel\domains\new-ishop2\vendor\wfm\Router.php | Строка: 59
==========
[2026-03-24 05:01:02] Текст ошибки: Страница не найдена | Файл: C:\OSPanel\domains\new-ishop2\vendor\wfm\Router.php | Строка: 59
==========
[2026-03-24 05:01:02] Текст ошибки: Страница не найдена | Файл: C:\OSPanel\domains\new-ishop2\vendor\wfm\Router.php | Строка: 59
==========
[2026-03-24 05:01:13] Текст ошибки: Страница не найдена | Файл: C:\OSPanel\domains\new-ishop2\vendor\wfm\Router.php | Строка: 59
==========
[2026-03-24 05:01:13] Текст ошибки: Страница не найдена | Файл: C:\OSPanel\domains\new-ishop2\vendor\wfm\Router.php | Строка: 59
==========
[2026-03-24 05:01:13] Текст ошибки: Страница не найдена | Файл: C:\OSPanel\domains\new-ishop2\vendor\wfm\Router.php | Строка: 59
==========
[2026-03-24 05:01:13] Текст ошибки: Страница не найдена | Файл: C:\OSPanel\domains\new-ishop2\vendor\wfm\Router.php | Строка: 59
==========
[2026-03-24 05:01:13] Текст ошибки: Страница не найдена | Файл: C:\OSPanel\domains\new-ishop2\vendor\wfm\Router.php | Строка: 59
==========
[2026-03-24 05:01:13] Текст ошибки: Страница не найдена | Файл: C:\OSPanel\domains\new-ishop2\vendor\wfm\Router.php | Строка: 59
==========
[2026-03-24 05:01:13] Текст ошибки: Страница не найдена | Файл: C:\OSPanel\domains\new-ishop2\vendor\wfm\Router.php | Строка: 59
==========
[2026-03-24 05:01:13] Текст ошибки: Страница не найдена | Файл: C:\OSPanel\domains\new-ishop2\vendor\wfm\Router.php | Строка: 59
==========
[2026-03-24 05:05:20] Текст ошибки: Страница не найдена | Файл: C:\OSPanel\domains\new-ishop2\vendor\wfm\Router.php | Строка: 59
==========
[2026-03-24 05:05:20] Текст ошибки: Страница не найдена | Файл: C:\OSPanel\domains\new-ishop2\vendor\wfm\Router.php | Строка: 59
==========
[2026-03-24 05:05:20] Текст ошибки: Страница не найдена | Файл: C:\OSPanel\domains\new-ishop2\vendor\wfm\Router.php | Строка: 59
==========
[2026-03-24 05:05:20] Текст ошибки: Страница не найдена | Файл: C:\OSPanel\domains\new-ishop2\vendor\wfm\Router.php | Строка: 59
==========
[2026-03-24 05:05:20] Текст ошибки: Страница не найдена | Файл: C:\OSPanel\domains\new-ishop2\vendor\wfm\Router.php | Строка: 59
==========
[2026-03-24 05:25:26] Текст ошибки: Страница не найдена | Файл: C:\OSPanel\domains\new-ishop2\vendor\wfm\Router.php | Строка: 59
==========
[2026-03-24 05:25:26] Текст ошибки: Страница не найдена | Файл: C:\OSPanel\domains\new-ishop2\vendor\wfm\Router.php | Строка: 59
==========
[2026-03-24 05:25:26] Текст ошибки: Страница не найдена | Файл: C:\OSPanel\domains\new-ishop2\vendor\wfm\Router.php | Строка: 59
==========
[2026-03-24 05:25:26] Текст ошибки: Страница не найдена | Файл: C:\OSPanel\domains\new-ishop2\vendor\wfm\Router.php | Строка: 59
==========
[2026-03-24 05:25:26] Текст ошибки: Страница не найдена | Файл: C:\OSPanel\domains\new-ishop2\vendor\wfm\Router.php | Строка: 59
==========
[2026-03-24 05:26:02] Текст ошибки: Страница не найдена | Файл: C:\OSPanel\domains\new-ishop2\vendor\wfm\Router.php | Строка: 59
==========
[2026-03-24 05:26:02] Текст ошибки: Страница не найдена | Файл: C:\OSPanel\domains\new-ishop2\vendor\wfm\Router.php | Строка: 59
==========
[2026-03-24 05:26:02] Текст ошибки: Страница не найдена | Файл: C:\OSPanel\domains\new-ishop2\vendor\wfm\Router.php | Строка: 59
==========
[2026-03-24 05:26:02] Текст ошибки: Страница не найдена | Файл: C:\OSPanel\domains\new-ishop2\vendor\wfm\Router.php | Строка: 59
==========
[2026-03-24 05:26:02] Текст ошибки: Страница не найдена | Файл: C:\OSPanel\domains\new-ishop2\vendor\wfm\Router.php | Строка: 59
==========
[2026-03-24 05:26:50] Текст ошибки: Страница не найдена | Файл: C:\OSPanel\domains\new-ishop2\vendor\wfm\Router.php | Строка: 59
==========
[2026-03-24 05:26:50] Текст ошибки: Страница не найдена | Файл: C:\OSPanel\domains\new-ishop2\vendor\wfm\Router.php | Строка: 59
==========
[2026-03-24 05:26:50] Текст ошибки: Страница не найдена | Файл: C:\OSPanel\domains\new-ishop2\vendor\wfm\Router.php | Строка: 59
==========
[2026-03-24 05:26:50] Текст ошибки: Страница не найдена | Файл: C:\OSPanel\domains\new-ishop2\vendor\wfm\Router.php | Строка: 59
==========
[2026-03-24 05:26:50] Текст ошибки: Страница не найдена | Файл: C:\OSPanel\domains\new-ishop2\vendor\wfm\Router.php | Строка: 59
==========
[2026-03-24 05:26:53] Текст ошибки: Страница не найдена | Файл: C:\OSPanel\domains\new-ishop2\vendor\wfm\Router.php | Строка: 59
==========
[2026-03-24 05:26:53] Текст ошибки: Страница не найдена | Файл: C:\OSPanel\domains\new-ishop2\vendor\wfm\Router.php | Строка: 59
==========
[2026-03-24 05:26:53] Текст ошибки: Страница не найдена | Файл: C:\OSPanel\domains\new-ishop2\vendor\wfm\Router.php | Строка: 59
==========
[2026-03-24 05:26:53] Текст ошибки: Страница не найдена | Файл: C:\OSPanel\domains\new-ishop2\vendor\wfm\Router.php | Строка: 59
==========
[2026-03-24 05:30:16] Текст ошибки: Undefined variable $products | Файл: C:\OSPanel\domains\new-ishop2\app\views\parts\products_loop.php | Строка: 1
==========
[2026-03-24 05:30:16] Текст ошибки: Страница не найдена | Файл: C:\OSPanel\domains\new-ishop2\vendor\wfm\Router.php | Строка: 59
==========
[2026-03-24 05:31:00] Текст ошибки: Страница не найдена | Файл: C:\OSPanel\domains\new-ishop2\vendor\wfm\Router.php | Строка: 59
==========
[2026-03-24 05:31:00] Текст ошибки: Страница не найдена | Файл: C:\OSPanel\domains\new-ishop2\vendor\wfm\Router.php | Строка: 59
==========
[2026-03-24 05:31:00] Текст ошибки: Страница не найдена | Файл: C:\OSPanel\domains\new-ishop2\vendor\wfm\Router.php | Строка: 59
==========
[2026-03-24 05:31:00] Текст ошибки: Страница не найдена | Файл: C:\OSPanel\domains\new-ishop2\vendor\wfm\Router.php | Строка: 59
==========
[2026-03-24 05:37:09] Текст ошибки: Call to undefined method wfm\View::getgetPart() | Файл: C:\OSPanel\domains\new-ishop2\app\views\Main\index.php | Строка: 40
==========
[2026-03-24 05:37:09] Текст ошибки: Страница не найдена | Файл: C:\OSPanel\domains\new-ishop2\vendor\wfm\Router.php | Строка: 59
==========
[2026-03-24 05:37:25] Текст ошибки: Undefined variable $products | Файл: C:\OSPanel\domains\new-ishop2\app\views\parts\products_loop.php | Строка: 1
==========
[2026-03-24 05:38:50] Текст ошибки: Array to string conversion | Файл: C:\OSPanel\domains\new-ishop2\app\views\Main\index.php | Строка: 32
==========
[2026-03-24 05:38:51] Текст ошибки: Страница не найдена | Файл: C:\OSPanel\domains\new-ishop2\vendor\wfm\Router.php | Строка: 59
==========
[2026-03-24 05:38:59] Текст ошибки: Undefined variable $products | Файл: C:\OSPanel\domains\new-ishop2\app\views\parts\products_loop.php | Строка: 1
==========
[2026-03-24 05:39:00] Текст ошибки: Страница не найдена | Файл: C:\OSPanel\domains\new-ishop2\vendor\wfm\Router.php | Строка: 59
==========
[2026-03-24 05:40:07] Текст ошибки: Undefined variable $products | Файл: C:\OSPanel\domains\new-ishop2\app\views\parts\products_loop.php | Строка: 1
==========
[2026-03-24 05:40:07] Текст ошибки: Страница не найдена | Файл: C:\OSPanel\domains\new-ishop2\vendor\wfm\Router.php | Строка: 59
==========
[2026-03-24 05:40:08] Текст ошибки: Undefined variable $products | Файл: C:\OSPanel\domains\new-ishop2\app\views\parts\products_loop.php | Строка: 1
==========
[2026-03-24 05:40:08] Текст ошибки: Страница не найдена | Файл: C:\OSPanel\domains\new-ishop2\vendor\wfm\Router.php | Строка: 59
==========
[2026-03-24 05:40:08] Текст ошибки: Undefined variable $products | Файл: C:\OSPanel\domains\new-ishop2\app\views\parts\products_loop.php | Строка: 1
==========
[2026-03-24 05:40:08] Текст ошибки: Страница не найдена | Файл: C:\OSPanel\domains\new-ishop2\vendor\wfm\Router.php | Строка: 59
==========
[2026-03-24 05:40:09] Текст ошибки: Undefined variable $products | Файл: C:\OSPanel\domains\new-ishop2\app\views\parts\products_loop.php | Строка: 1
==========
[2026-03-24 05:40:09] Текст ошибки: Undefined variable $products | Файл: C:\OSPanel\domains\new-ishop2\app\views\parts\products_loop.php | Строка: 1
==========
[2026-03-24 05:40:09] Текст ошибки: Undefined variable $products | Файл: C:\OSPanel\domains\new-ishop2\app\views\parts\products_loop.php | Строка: 1
==========
[2026-03-24 05:41:24] Текст ошибки: Array to string conversion | Файл: C:\OSPanel\domains\new-ishop2\app\views\Main\index.php | Строка: 40
==========
[2026-03-24 05:41:32] Текст ошибки: Undefined variable $products | Файл: C:\OSPanel\domains\new-ishop2\app\views\parts\products_loop.php | Строка: 1
==========
[2026-03-24 05:47:42] Текст ошибки: compact(): Undefined variable $1 | Файл: C:\OSPanel\domains\new-ishop2\app\views\Main\index.php | Строка: 40
==========
[2026-03-24 05:48:11] Текст ошибки: Страница не найдена | Файл: C:\OSPanel\domains\new-ishop2\vendor\wfm\Router.php | Строка: 59
==========
[2026-03-24 05:48:11] Текст ошибки: Страница не найдена | Файл: C:\OSPanel\domains\new-ishop2\vendor\wfm\Router.php | Строка: 59
==========
[2026-03-24 05:48:11] Текст ошибки: Страница не найдена | Файл: C:\OSPanel\domains\new-ishop2\vendor\wfm\Router.php | Строка: 59
==========
[2026-03-24 05:48:11] Текст ошибки: Страница не найдена | Файл: C:\OSPanel\domains\new-ishop2\vendor\wfm\Router.php | Строка: 59
==========
[2026-03-24 05:48:11] Текст ошибки: Страница не найдена | Файл: C:\OSPanel\domains\new-ishop2\vendor\wfm\Router.php | Строка: 59
==========
[2026-03-24 06:52:19] Текст ошибки: Страница не найдена | Файл: C:\OSPanel\domains\new-ishop2\vendor\wfm\Router.php | Строка: 59
==========
[2026-03-24 06:52:19] Текст ошибки: Страница не найдена | Файл: C:\OSPanel\domains\new-ishop2\vendor\wfm\Router.php | Строка: 59
==========
[2026-03-24 06:52:19] Текст ошибки: Страница не найдена | Файл: C:\OSPanel\domains\new-ishop2\vendor\wfm\Router.php | Строка: 59
==========
[2026-03-24 06:52:19] Текст ошибки: Страница не найдена | Файл: C:\OSPanel\domains\new-ishop2\vendor\wfm\Router.php | Строка: 59
==========
[2026-03-24 06:52:19] Текст ошибки: Страница не найдена | Файл: C:\OSPanel\domains\new-ishop2\vendor\wfm\Router.php | Строка: 59
==========
[2026-03-24 06:52:27] Текст ошибки: Страница не найдена | Файл: C:\OSPanel\domains\new-ishop2\vendor\wfm\Router.php | Строка: 59
==========
[2026-03-24 06:55:45] Текст ошибки: Страница не найдена | Файл: C:\OSPanel\domains\new-ishop2\vendor\wfm\Router.php | Строка: 59
==========
[2026-03-24 07:17:09] Текст ошибки: Страница не найдена | Файл: C:\OSPanel\domains\new-ishop2\vendor\wfm\Router.php | Строка: 59
==========
[2026-03-24 07:17:09] Текст ошибки: Страница не найдена | Файл: C:\OSPanel\domains\new-ishop2\vendor\wfm\Router.php | Строка: 59
==========
[2026-03-24 07:17:09] Текст ошибки: Страница не найдена | Файл: C:\OSPanel\domains\new-ishop2\vendor\wfm\Router.php | Строка: 59
==========
[2026-03-24 07:17:09] Текст ошибки: Страница не найдена | Файл: C:\OSPanel\domains\new-ishop2\vendor\wfm\Router.php | Строка: 59
==========
[2026-03-24 07:17:09] Текст ошибки: Страница не найдена | Файл: C:\OSPanel\domains\new-ishop2\vendor\wfm\Router.php | Строка: 59
==========
[2026-03-24 07:46:20] Текст ошибки: Страница не найдена | Файл: C:\OSPanel\domains\new-ishop2\vendor\wfm\Router.php | Строка: 59
==========
[2026-03-24 07:46:20] Текст ошибки: Страница не найдена | Файл: C:\OSPanel\domains\new-ishop2\vendor\wfm\Router.php | Строка: 59
==========
[2026-03-24 07:46:20] Текст ошибки: Страница не найдена | Файл: C:\OSPanel\domains\new-ishop2\vendor\wfm\Router.php | Строка: 59
==========
[2026-03-24 07:46:20] Текст ошибки: Страница не найдена | Файл: C:\OSPanel\domains\new-ishop2\vendor\wfm\Router.php | Строка: 59
==========
[2026-03-24 07:46:20] Текст ошибки: Страница не найдена | Файл: C:\OSPanel\domains\new-ishop2\vendor\wfm\Router.php | Строка: 59
==========
[2026-03-24 07:47:11] Текст ошибки: Страница не найдена | Файл: C:\OSPanel\domains\new-ishop2\vendor\wfm\Router.php | Строка: 59
==========
[2026-03-24 07:47:11] Текст ошибки: Страница не найдена | Файл: C:\OSPanel\domains\new-ishop2\vendor\wfm\Router.php | Строка: 59
==========
[2026-03-24 07:47:11] Текст ошибки: Страница не найдена | Файл: C:\OSPanel\domains\new-ishop2\vendor\wfm\Router.php | Строка: 59
==========
[2026-03-24 07:47:11] Текст ошибки: Страница не найдена | Файл: C:\OSPanel\domains\new-ishop2\vendor\wfm\Router.php | Строка: 59
==========
[2026-03-24 07:47:11] Текст ошибки: Страница не найдена | Файл: C:\OSPanel\domains\new-ishop2\vendor\wfm\Router.php | Строка: 59
==========
[2026-03-24 07:47:42] Текст ошибки: Страница не найдена | Файл: C:\OSPanel\domains\new-ishop2\vendor\wfm\Router.php | Строка: 59
==========
[2026-03-24 07:47:42] Текст ошибки: Страница не найдена | Файл: C:\OSPanel\domains\new-ishop2\vendor\wfm\Router.php | Строка: 59
==========
[2026-03-24 07:47:42] Текст ошибки: Страница не найдена | Файл: C:\OSPanel\domains\new-ishop2\vendor\wfm\Router.php | Строка: 59
==========
[2026-03-24 07:47:42] Текст ошибки: Страница не найдена | Файл: C:\OSPanel\domains\new-ishop2\vendor\wfm\Router.php | Строка: 59
==========
[2026-03-24 07:47:42] Текст ошибки: Страница не найдена | Файл: C:\OSPanel\domains\new-ishop2\vendor\wfm\Router.php | Строка: 59
==========
[2026-03-24 07:48:40] Текст ошибки: Страница не найдена | Файл: C:\OSPanel\domains\new-ishop2\vendor\wfm\Router.php | Строка: 59
==========
[2026-03-24 07:48:40] Текст ошибки: Страница не найдена | Файл: C:\OSPanel\domains\new-ishop2\vendor\wfm\Router.php | Строка: 59
==========
[2026-03-24 07:48:40] Текст ошибки: Страница не найдена | Файл: C:\OSPanel\domains\new-ishop2\vendor\wfm\Router.php | Строка: 59
==========
[2026-03-24 07:48:40] Текст ошибки: Страница не найдена | Файл: C:\OSPanel\domains\new-ishop2\vendor\wfm\Router.php | Строка: 59
==========
[2026-03-24 07:48:40] Текст ошибки: Страница не найдена | Файл: C:\OSPanel\domains\new-ishop2\vendor\wfm\Router.php | Строка: 59
==========
[2026-03-24 07:48:47] Текст ошибки: Страница не найдена | Файл: C:\OSPanel\domains\new-ishop2\vendor\wfm\Router.php | Строка: 59
==========
[2026-03-24 07:48:47] Текст ошибки: Страница не найдена | Файл: C:\OSPanel\domains\new-ishop2\vendor\wfm\Router.php | Строка: 59
==========
[2026-03-24 07:48:47] Текст ошибки: Страница не найдена | Файл: C:\OSPanel\domains\new-ishop2\vendor\wfm\Router.php | Строка: 59
==========
[2026-03-24 07:48:47] Текст ошибки: Страница не найдена | Файл: C:\OSPanel\domains\new-ishop2\vendor\wfm\Router.php | Строка: 59
==========
[2026-03-24 07:52:02] Текст ошибки: Страница не найдена | Файл: C:\OSPanel\domains\new-ishop2\vendor\wfm\Router.php | Строка: 59
==========
[2026-03-24 07:52:02] Текст ошибки: Страница не найдена | Файл: C:\OSPanel\domains\new-ishop2\vendor\wfm\Router.php | Строка: 59
==========
[2026-03-24 07:52:02] Текст ошибки: Страница не найдена | Файл: C:\OSPanel\domains\new-ishop2\vendor\wfm\Router.php | Строка: 59
==========
[2026-03-24 07:52:02] Текст ошибки: Страница не найдена | Файл: C:\OSPanel\domains\new-ishop2\vendor\wfm\Router.php | Строка: 59
==========
[2026-03-24 07:52:02] Текст ошибки: Страница не найдена | Файл: C:\OSPanel\domains\new-ishop2\vendor\wfm\Router.php | Строка: 59
==========
[2026-03-24 09:58:10] Текст ошибки: Контроллер app\controllers\admin\ProductController не найден | Файл: C:\OSPanel\domains\new-ishop2\vendor\wfm\Router.php | Строка: 56
==========
[2026-03-24 09:58:10] Текст ошибки: Страница не найдена | Файл: C:\OSPanel\domains\new-ishop2\vendor\wfm\Router.php | Строка: 59
==========
[2026-03-24 09:58:15] Текст ошибки: Контроллер app\controllers\admin\ProductController не найден | Файл: C:\OSPanel\domains\new-ishop2\vendor\wfm\Router.php | Строка: 56
==========
[2026-03-24 09:58:28] Текст ошибки: Страница не найдена | Файл: C:\OSPanel\domains\new-ishop2\vendor\wfm\Router.php | Строка: 59
==========
[2026-03-24 09:58:40] Текст ошибки: Страница не найдена | Файл: C:\OSPanel\domains\new-ishop2\vendor\wfm\Router.php | Строка: 59
==========
[2026-03-24 09:58:42] Текст ошибки: Не найден вид C:\OSPanel\domains\new-ishop2/app/views/Product/view.php | Файл: C:\OSPanel\domains\new-ishop2\vendor\wfm\View.php | Строка: 35
==========
[2026-03-24 09:59:37] Текст ошибки: Call to a member function getDatabase() on null | Файл: C:\OSPanel\domains\new-ishop2\vendor\wfm\View.php | Строка: 57
==========
[2026-03-24 09:59:37] Текст ошибки: Страница не найдена | Файл: C:\OSPanel\domains\new-ishop2\vendor\wfm\Router.php | Строка: 59
==========
[2026-03-24 09:59:37] Текст ошибки: Страница не найдена | Файл: C:\OSPanel\domains\new-ishop2\vendor\wfm\Router.php | Строка: 59
==========
[2026-03-24 10:02:56] Текст ошибки: Страница не найдена | Файл: C:\OSPanel\domains\new-ishop2\vendor\wfm\Router.php | Строка: 59
==========
[2026-03-24 10:21:18] Текст ошибки: Не найден вид C:\OSPanel\domains\new-ishop2/app/views/Product/view.php | Файл: C:\OSPanel\domains\new-ishop2\vendor\wfm\View.php | Строка: 35
==========
[2026-03-24 10:21:56] Текст ошибки: Контроллер app\controllers\ProductsController не найден | Файл: C:\OSPanel\domains\new-ishop2\vendor\wfm\Router.php | Строка: 56
==========
[2026-03-24 10:22:47] Текст ошибки: Не найден вид C:\OSPanel\domains\new-ishop2/app/views/Product/view.php | Файл: C:\OSPanel\domains\new-ishop2\vendor\wfm\View.php | Строка: 35
==========
[2026-03-24 10:22:55] Текст ошибки: Контроллер app\controllers\ProductsController не найден | Файл: C:\OSPanel\domains\new-ishop2\vendor\wfm\Router.php | Строка: 56
==========
[2026-03-24 10:23:11] Текст ошибки: Не найден вид C:\OSPanel\domains\new-ishop2/app/views/Product/view.php | Файл: C:\OSPanel\domains\new-ishop2\vendor\wfm\View.php | Строка: 35
==========
[2026-03-24 10:24:31] Текст ошибки: Контроллер app\controllers\ProductsController не найден | Файл: C:\OSPanel\domains\new-ishop2\vendor\wfm\Router.php | Строка: 56
==========
[2026-03-24 10:24:45] Текст ошибки: Контроллер app\controllers\ProductsController не найден | Файл: C:\OSPanel\domains\new-ishop2\vendor\wfm\Router.php | Строка: 56
==========
[2026-03-24 10:24:46] Текст ошибки: Контроллер app\controllers\ProductsController не найден | Файл: C:\OSPanel\domains\new-ishop2\vendor\wfm\Router.php | Строка: 56
==========
[2026-03-24 10:24:46] Текст ошибки: Контроллер app\controllers\ProductsController не найден | Файл: C:\OSPanel\domains\new-ishop2\vendor\wfm\Router.php | Строка: 56
==========
[2026-03-24 10:24:47] Текст ошибки: Контроллер app\controllers\ProductsController не найден | Файл: C:\OSPanel\domains\new-ishop2\vendor\wfm\Router.php | Строка: 56
==========
[2026-03-24 10:24:47] Текст ошибки: Страница не найдена | Файл: C:\OSPanel\domains\new-ishop2\vendor\wfm\Router.php | Строка: 59
==========
[2026-03-24 10:24:59] Текст ошибки: Не найден вид C:\OSPanel\domains\new-ishop2/app/views/Product/view.php | Файл: C:\OSPanel\domains\new-ishop2\vendor\wfm\View.php | Строка: 35
==========
[2026-03-24 10:25:53] Текст ошибки: Не найден вид C:\OSPanel\domains\new-ishop2/app/views/Product/view.php | Файл: C:\OSPanel\domains\new-ishop2\vendor\wfm\View.php | Строка: 35
==========
[2026-03-24 10:26:57] Текст ошибки: Call to a member function getDatabase() on null | Файл: C:\OSPanel\domains\new-ishop2\vendor\wfm\View.php | Строка: 57
==========
[2026-03-24 10:26:57] Текст ошибки: Страница не найдена | Файл: C:\OSPanel\domains\new-ishop2\vendor\wfm\Router.php | Строка: 59
==========
[2026-03-24 10:26:57] Текст ошибки: Страница не найдена | Файл: C:\OSPanel\domains\new-ishop2\vendor\wfm\Router.php | Строка: 59
==========
[2026-03-24 10:27:50] Текст ошибки: Call to a member function getDatabase() on null | Файл: C:\OSPanel\domains\new-ishop2\vendor\wfm\View.php | Строка: 57
==========
[2026-03-24 10:27:50] Текст ошибки: Страница не найдена | Файл: C:\OSPanel\domains\new-ishop2\vendor\wfm\Router.php | Строка: 59
==========
[2026-03-24 10:27:50] Текст ошибки: Страница не найдена | Файл: C:\OSPanel\domains\new-ishop2\vendor\wfm\Router.php | Строка: 59
==========
[2026-03-24 10:32:09] Текст ошибки: Call to a member function getDatabase() on null | Файл: C:\OSPanel\domains\new-ishop2\vendor\wfm\View.php | Строка: 57
==========
[2026-03-24 10:32:09] Текст ошибки: Страница не найдена | Файл: C:\OSPanel\domains\new-ishop2\vendor\wfm\Router.php | Строка: 59
==========
[2026-03-24 10:32:09] Текст ошибки: Страница не найдена | Файл: C:\OSPanel\domains\new-ishop2\vendor\wfm\Router.php | Строка: 59
==========
[2026-03-24 10:32:20] Текст ошибки: Call to a member function getDatabase() on null | Файл: C:\OSPanel\domains\new-ishop2\vendor\wfm\View.php | Строка: 57
==========
[2026-03-24 10:32:20] Текст ошибки: Страница не найдена | Файл: C:\OSPanel\domains\new-ishop2\vendor\wfm\Router.php | Строка: 59
==========
[2026-03-24 10:32:20] Текст ошибки: Страница не найдена | Файл: C:\OSPanel\domains\new-ishop2\vendor\wfm\Router.php | Строка: 59
==========
[2026-03-24 10:32:20] Текст ошибки: Страница не найдена | Файл: C:\OSPanel\domains\new-ishop2\vendor\wfm\Router.php | Строка: 59
==========
[2026-03-24 10:32:21] Текст ошибки: Call to a member function getDatabase() on null | Файл: C:\OSPanel\domains\new-ishop2\vendor\wfm\View.php | Строка: 57
==========
[2026-03-24 10:32:21] Текст ошибки: Страница не найдена | Файл: C:\OSPanel\domains\new-ishop2\vendor\wfm\Router.php | Строка: 59
==========
[2026-03-24 10:32:21] Текст ошибки: Страница не найдена | Файл: C:\OSPanel\domains\new-ishop2\vendor\wfm\Router.php | Строка: 59
==========
[2026-03-24 10:32:21] Текст ошибки: Страница не найдена | Файл: C:\OSPanel\domains\new-ishop2\vendor\wfm\Router.php | Строка: 59
==========
[2026-03-24 10:32:59] Текст ошибки: Call to a member function getDatabase() on null | Файл: C:\OSPanel\domains\new-ishop2\vendor\wfm\View.php | Строка: 57
==========
[2026-03-24 10:32:59] Текст ошибки: Страница не найдена | Файл: C:\OSPanel\domains\new-ishop2\vendor\wfm\Router.php | Строка: 59
==========
[2026-03-24 10:32:59] Текст ошибки: Страница не найдена | Файл: C:\OSPanel\domains\new-ishop2\vendor\wfm\Router.php | Строка: 59
==========
[2026-03-24 10:34:51] Текст ошибки: Call to a member function getDatabase() on null | Файл: C:\OSPanel\domains\new-ishop2\vendor\wfm\View.php | Строка: 57
==========
[2026-03-24 10:34:51] Текст ошибки: Страница не найдена | Файл: C:\OSPanel\domains\new-ishop2\vendor\wfm\Router.php | Строка: 59
==========
[2026-03-24 10:34:51] Текст ошибки: Страница не найдена | Файл: C:\OSPanel\domains\new-ishop2\vendor\wfm\Router.php | Строка: 59
==========
[2026-03-24 10:34:51] Текст ошибки: Страница не найдена | Файл: C:\OSPanel\domains\new-ishop2\vendor\wfm\Router.php | Строка: 59
==========
[2026-03-24 10:52:36] Текст ошибки: Страница не найдена | Файл: C:\OSPanel\domains\new-ishop2\vendor\wfm\Router.php | Строка: 59
==========
[2026-03-24 10:52:36] Текст ошибки: Страница не найдена | Файл: C:\OSPanel\domains\new-ishop2\vendor\wfm\Router.php | Строка: 59
==========
[2026-03-24 10:52:36] Текст ошибки: Страница не найдена | Файл: C:\OSPanel\domains\new-ishop2\vendor\wfm\Router.php | Строка: 59
==========
[2026-03-24 10:52:36] Текст ошибки: Страница не найдена | Файл: C:\OSPanel\domains\new-ishop2\vendor\wfm\Router.php | Строка: 59
==========
[2026-03-24 10:52:36] Текст ошибки: Страница не найдена | Файл: C:\OSPanel\domains\new-ishop2\vendor\wfm\Router.php | Строка: 59
==========
[2026-03-26 04:10:44] Текст ошибки: Страница не найдена | Файл: C:\OSPanel\domains\new-ishop2\vendor\wfm\Router.php | Строка: 59
==========
[2026-03-26 04:10:44] Текст ошибки: Страница не найдена | Файл: C:\OSPanel\domains\new-ishop2\vendor\wfm\Router.php | Строка: 59
==========
[2026-03-26 04:10:44] Текст ошибки: Страница не найдена | Файл: C:\OSPanel\domains\new-ishop2\vendor\wfm\Router.php | Строка: 59
==========
[2026-03-26 04:10:44] Текст ошибки: Страница не найдена | Файл: C:\OSPanel\domains\new-ishop2\vendor\wfm\Router.php | Строка: 59
==========
[2026-03-26 04:15:24] Текст ошибки: Страница не найдена | Файл: C:\OSPanel\domains\new-ishop2\vendor\wfm\Router.php | Строка: 59
==========
[2026-03-26 04:15:24] Текст ошибки: Страница не найдена | Файл: C:\OSPanel\domains\new-ishop2\vendor\wfm\Router.php | Строка: 59
==========
[2026-03-26 04:15:24] Текст ошибки: Страница не найдена | Файл: C:\OSPanel\domains\new-ishop2\vendor\wfm\Router.php | Строка: 59
==========
[2026-03-26 04:15:24] Текст ошибки: Страница не найдена | Файл: C:\OSPanel\domains\new-ishop2\vendor\wfm\Router.php | Строка: 59
==========
[2026-03-26 04:15:24] Текст ошибки: Страница не найдена | Файл: C:\OSPanel\domains\new-ishop2\vendor\wfm\Router.php | Строка: 59
==========
[2026-03-26 04:15:24] Текст ошибки: Страница не найдена | Файл: C:\OSPanel\domains\new-ishop2\vendor\wfm\Router.php | Строка: 59
==========
[2026-03-26 04:17:36] Текст ошибки: Call to a member function getDatabase() on null | Файл: C:\OSPanel\domains\new-ishop2\vendor\wfm\View.php | Строка: 57
==========
[2026-03-26 04:17:36] Текст ошибки: Страница не найдена | Файл: C:\OSPanel\domains\new-ishop2\vendor\wfm\Router.php | Строка: 59
==========
[2026-03-26 04:17:36] Текст ошибки: Страница не найдена | Файл: C:\OSPanel\domains\new-ishop2\vendor\wfm\Router.php | Строка: 59
==========
[2026-03-26 04:21:27] Текст ошибки: Call to a member function getDatabase() on null | Файл: C:\OSPanel\domains\new-ishop2\vendor\wfm\View.php | Строка: 59
==========
[2026-03-26 04:21:27] Текст ошибки: Страница не найдена | Файл: C:\OSPanel\domains\new-ishop2\vendor\wfm\Router.php | Строка: 59
==========
[2026-03-26 04:21:27] Текст ошибки: Страница не найдена | Файл: C:\OSPanel\domains\new-ishop2\vendor\wfm\Router.php | Строка: 59
==========
[2026-03-26 04:21:28] Текст ошибки: Call to a member function getDatabase() on null | Файл: C:\OSPanel\domains\new-ishop2\vendor\wfm\View.php | Строка: 59
==========
[2026-03-26 04:21:28] Текст ошибки: Страница не найдена | Файл: C:\OSPanel\domains\new-ishop2\vendor\wfm\Router.php | Строка: 59
==========
[2026-03-26 04:21:28] Текст ошибки: Страница не найдена | Файл: C:\OSPanel\domains\new-ishop2\vendor\wfm\Router.php | Строка: 59
==========
[2026-03-26 04:22:06] Текст ошибки: Страница не найдена | Файл: C:\OSPanel\domains\new-ishop2\vendor\wfm\Router.php | Строка: 59
==========
[2026-03-26 04:22:06] Текст ошибки: Страница не найдена | Файл: C:\OSPanel\domains\new-ishop2\vendor\wfm\Router.php | Строка: 59
==========
[2026-03-26 04:22:06] Текст ошибки: Страница не найдена | Файл: C:\OSPanel\domains\new-ishop2\vendor\wfm\Router.php | Строка: 59
==========
[2026-03-26 04:22:06] Текст ошибки: Страница не найдена | Файл: C:\OSPanel\domains\new-ishop2\vendor\wfm\Router.php | Строка: 59
==========
[2026-03-26 04:22:06] Текст ошибки: Страница не найдена | Файл: C:\OSPanel\domains\new-ishop2\vendor\wfm\Router.php | Строка: 59
==========
[2026-03-26 04:22:33] Текст ошибки: Страница не найдена | Файл: C:\OSPanel\domains\new-ishop2\vendor\wfm\Router.php | Строка: 59
==========
[2026-03-26 04:22:33] Текст ошибки: Страница не найдена | Файл: C:\OSPanel\domains\new-ishop2\vendor\wfm\Router.php | Строка: 59
==========
[2026-03-26 04:22:33] Текст ошибки: Страница не найдена | Файл: C:\OSPanel\domains\new-ishop2\vendor\wfm\Router.php | Строка: 59
==========
[2026-03-26 04:22:48] Текст ошибки: Call to a member function getDatabase() on null | Файл: C:\OSPanel\domains\new-ishop2\vendor\wfm\View.php | Строка: 60
==========
[2026-03-26 04:22:48] Текст ошибки: Страница не найдена | Файл: C:\OSPanel\domains\new-ishop2\vendor\wfm\Router.php | Строка: 59
==========
[2026-03-26 04:22:48] Текст ошибки: Страница не найдена | Файл: C:\OSPanel\domains\new-ishop2\vendor\wfm\Router.php | Строка: 59
==========
[2026-03-26 04:25:01] Текст ошибки: Страница не найдена | Файл: C:\OSPanel\domains\new-ishop2\vendor\wfm\Router.php | Строка: 59
==========
[2026-03-26 04:25:01] Текст ошибки: Страница не найдена | Файл: C:\OSPanel\domains\new-ishop2\vendor\wfm\Router.php | Строка: 59
==========
[2026-03-26 04:25:01] Текст ошибки: Страница не найдена | Файл: C:\OSPanel\domains\new-ishop2\vendor\wfm\Router.php | Строка: 59
==========
[2026-03-26 04:25:01] Текст ошибки: Страница не найдена | Файл: C:\OSPanel\domains\new-ishop2\vendor\wfm\Router.php | Строка: 59
==========
[2026-03-26 04:25:01] Текст ошибки: Страница не найдена | Файл: C:\OSPanel\domains\new-ishop2\vendor\wfm\Router.php | Строка: 59
==========
[2026-03-26 04:32:05] Текст ошибки: Страница не найдена | Файл: C:\OSPanel\domains\new-ishop2\vendor\wfm\Router.php | Строка: 59
==========
[2026-03-26 04:32:05] Текст ошибки: Страница не найдена | Файл: C:\OSPanel\domains\new-ishop2\vendor\wfm\Router.php | Строка: 59
==========
[2026-03-26 04:32:05] Текст ошибки: Страница не найдена | Файл: C:\OSPanel\domains\new-ishop2\vendor\wfm\Router.php | Строка: 59
==========
[2026-03-26 04:32:05] Текст ошибки: Страница не найдена | Файл: C:\OSPanel\domains\new-ishop2\vendor\wfm\Router.php | Строка: 59
==========
[2026-03-26 04:32:05] Текст ошибки: Страница не найдена | Файл: C:\OSPanel\domains\new-ishop2\vendor\wfm\Router.php | Строка: 59
==========
[2026-03-26 04:32:05] Текст ошибки: Страница не найдена | Файл: C:\OSPanel\domains\new-ishop2\vendor\wfm\Router.php | Строка: 59
==========
[2026-03-26 04:32:05] Текст ошибки: Страница не найдена | Файл: C:\OSPanel\domains\new-ishop2\vendor\wfm\Router.php | Строка: 59
==========
[2026-03-26 04:32:05] Текст ошибки: Страница не найдена | Файл: C:\OSPanel\domains\new-ishop2\vendor\wfm\Router.php | Строка: 59
==========
[2026-03-26 04:32:05] Текст ошибки: Страница не найдена | Файл: C:\OSPanel\domains\new-ishop2\vendor\wfm\Router.php | Строка: 59
==========
[2026-03-26 04:32:51] Текст ошибки: Страница не найдена | Файл: C:\OSPanel\domains\new-ishop2\vendor\wfm\Router.php | Строка: 59
==========
[2026-03-26 04:32:51] Текст ошибки: Страница не найдена | Файл: C:\OSPanel\domains\new-ishop2\vendor\wfm\Router.php | Строка: 59
==========
[2026-03-26 04:32:51] Текст ошибки: Страница не найдена | Файл: C:\OSPanel\domains\new-ishop2\vendor\wfm\Router.php | Строка: 59
==========
[2026-03-26 04:32:51] Текст ошибки: Страница не найдена | Файл: C:\OSPanel\domains\new-ishop2\vendor\wfm\Router.php | Строка: 59
==========
[2026-03-26 04:32:51] Текст ошибки: Страница не найдена | Файл: C:\OSPanel\domains\new-ishop2\vendor\wfm\Router.php | Строка: 59
==========
[2026-03-26 04:32:51] Текст ошибки: Страница не найдена | Файл: C:\OSPanel\domains\new-ishop2\vendor\wfm\Router.php | Строка: 59
==========
[2026-03-26 04:32:51] Текст ошибки: Страница не найдена | Файл: C:\OSPanel\domains\new-ishop2\vendor\wfm\Router.php | Строка: 59
==========
[2026-03-26 04:37:17] Текст ошибки: Undefined variable $product | Файл: C:\OSPanel\domains\new-ishop2\app\views\Product\view.php | Строка: 35
==========
[2026-03-26 04:37:50] Текст ошибки: Страница не найдена | Файл: C:\OSPanel\domains\new-ishop2\vendor\wfm\Router.php | Строка: 59
==========
[2026-03-26 04:37:50] Текст ошибки: Страница не найдена | Файл: C:\OSPanel\domains\new-ishop2\vendor\wfm\Router.php | Строка: 59
==========
[2026-03-26 04:37:50] Текст ошибки: Страница не найдена | Файл: C:\OSPanel\domains\new-ishop2\vendor\wfm\Router.php | Строка: 59
==========
[2026-03-26 04:37:50] Текст ошибки: Страница не найдена | Файл: C:\OSPanel\domains\new-ishop2\vendor\wfm\Router.php | Строка: 59
==========
[2026-03-26 04:37:50] Текст ошибки: Страница не найдена | Файл: C:\OSPanel\domains\new-ishop2\vendor\wfm\Router.php | Строка: 59
==========
[2026-03-26 04:37:50] Текст ошибки: Страница не найдена | Файл: C:\OSPanel\domains\new-ishop2\vendor\wfm\Router.php | Строка: 59
==========
[2026-03-26 04:37:50] Текст ошибки: Страница не найдена | Файл: C:\OSPanel\domains\new-ishop2\vendor\wfm\Router.php | Строка: 59
==========
[2026-03-26 04:37:50] Текст ошибки: Страница не найдена | Файл: C:\OSPanel\domains\new-ishop2\vendor\wfm\Router.php | Строка: 59
==========
[2026-03-26 04:37:50] Текст ошибки: Страница не найдена | Файл: C:\OSPanel\domains\new-ishop2\vendor\wfm\Router.php | Строка: 59
==========
[2026-03-26 04:37:50] Текст ошибки: Страница не найдена | Файл: C:\OSPanel\domains\new-ishop2\vendor\wfm\Router.php | Строка: 59
==========
[2026-03-26 04:53:13] Текст ошибки: Class "App" not found | Файл: C:\OSPanel\domains\new-ishop2\app\views\parts\header.php | Строка: 76
==========
[2026-03-26 04:53:13] Текст ошибки: Страница не найдена | Файл: C:\OSPanel\domains\new-ishop2\vendor\wfm\Router.php | Строка: 59
==========
[2026-03-26 04:53:13] Текст ошибки: Страница не найдена | Файл: C:\OSPanel\domains\new-ishop2\vendor\wfm\Router.php | Строка: 59
==========
[2026-03-26 04:54:21] Текст ошибки: Страница не найдена | Файл: C:\OSPanel\domains\new-ishop2\vendor\wfm\Router.php | Строка: 59
==========
[2026-03-26 04:54:21] Текст ошибки: Страница не найдена | Файл: C:\OSPanel\domains\new-ishop2\vendor\wfm\Router.php | Строка: 59
==========
[2026-03-26 04:54:21] Текст ошибки: Страница не найдена | Файл: C:\OSPanel\domains\new-ishop2\vendor\wfm\Router.php | Строка: 59
==========
[2026-03-26 04:54:21] Текст ошибки: Страница не найдена | Файл: C:\OSPanel\domains\new-ishop2\vendor\wfm\Router.php | Строка: 59
==========
[2026-03-26 04:54:21] Текст ошибки: Страница не найдена | Файл: C:\OSPanel\domains\new-ishop2\vendor\wfm\Router.php | Строка: 59
==========
[2026-03-26 04:54:21] Текст ошибки: Страница не найдена | Файл: C:\OSPanel\domains\new-ishop2\vendor\wfm\Router.php | Строка: 59
==========
[2026-03-26 04:54:21] Текст ошибки: Страница не найдена | Файл: C:\OSPanel\domains\new-ishop2\vendor\wfm\Router.php | Строка: 59
==========
[2026-03-26 04:54:21] Текст ошибки: Страница не найдена | Файл: C:\OSPanel\domains\new-ishop2\vendor\wfm\Router.php | Строка: 59
==========
[2026-03-26 04:54:21] Текст ошибки: Страница не найдена | Файл: C:\OSPanel\domains\new-ishop2\vendor\wfm\Router.php | Строка: 59
==========
[2026-03-26 04:54:21] Текст ошибки: Страница не найдена | Файл: C:\OSPanel\domains\new-ishop2\vendor\wfm\Router.php | Строка: 59
==========
[2026-03-26 05:06:07] Текст ошибки: Страница не найдена | Файл: C:\OSPanel\domains\new-ishop2\vendor\wfm\Router.php | Строка: 59
==========
[2026-03-26 05:06:07] Текст ошибки: Страница не найдена | Файл: C:\OSPanel\domains\new-ishop2\vendor\wfm\Router.php | Строка: 59
==========
[2026-03-26 05:06:07] Текст ошибки: Страница не найдена | Файл: C:\OSPanel\domains\new-ishop2\vendor\wfm\Router.php | Строка: 59
==========
[2026-03-26 05:06:07] Текст ошибки: Страница не найдена | Файл: C:\OSPanel\domains\new-ishop2\vendor\wfm\Router.php | Строка: 59
==========
[2026-03-26 05:06:07] Текст ошибки: Страница не найдена | Файл: C:\OSPanel\domains\new-ishop2\vendor\wfm\Router.php | Строка: 59
==========
[2026-03-26 05:06:07] Текст ошибки: Страница не найдена | Файл: C:\OSPanel\domains\new-ishop2\vendor\wfm\Router.php | Строка: 59
==========
[2026-03-26 05:06:07] Текст ошибки: Страница не найдена | Файл: C:\OSPanel\domains\new-ishop2\vendor\wfm\Router.php | Строка: 59
==========
[2026-03-26 05:06:07] Текст ошибки: Страница не найдена | Файл: C:\OSPanel\domains\new-ishop2\vendor\wfm\Router.php | Строка: 59
==========
[2026-03-26 05:06:07] Текст ошибки: Страница не найдена | Файл: C:\OSPanel\domains\new-ishop2\vendor\wfm\Router.php | Строка: 59
==========
[2026-03-26 05:06:07] Текст ошибки: Страница не найдена | Файл: C:\OSPanel\domains\new-ishop2\vendor\wfm\Router.php | Строка: 59
==========
[2026-03-26 05:07:02] Текст ошибки: Class "wfm\App\App" not found | Файл: C:\OSPanel\domains\new-ishop2\app\views\parts\header.php | Строка: 79
==========
[2026-03-26 05:07:02] Текст ошибки: Страница не найдена | Файл: C:\OSPanel\domains\new-ishop2\vendor\wfm\Router.php | Строка: 59
==========
[2026-03-26 05:07:02] Текст ошибки: Страница не найдена | Файл: C:\OSPanel\domains\new-ishop2\vendor\wfm\Router.php | Строка: 59
==========
[2026-03-26 05:07:39] Текст ошибки: Страница не найдена | Файл: C:\OSPanel\domains\new-ishop2\vendor\wfm\Router.php | Строка: 59
==========
[2026-03-26 05:07:39] Текст ошибки: Страница не найдена | Файл: C:\OSPanel\domains\new-ishop2\vendor\wfm\Router.php | Строка: 59
==========
[2026-03-26 05:07:39] Текст ошибки: Страница не найдена | Файл: C:\OSPanel\domains\new-ishop2\vendor\wfm\Router.php | Строка: 59
==========
[2026-03-26 05:07:39] Текст ошибки: Страница не найдена | Файл: C:\OSPanel\domains\new-ishop2\vendor\wfm\Router.php | Строка: 59
==========
[2026-03-26 05:07:39] Текст ошибки: Страница не найдена | Файл: C:\OSPanel\domains\new-ishop2\vendor\wfm\Router.php | Строка: 59
==========
[2026-03-26 05:07:39] Текст ошибки: Страница не найдена | Файл: C:\OSPanel\domains\new-ishop2\vendor\wfm\Router.php | Строка: 59
==========
[2026-03-26 05:07:39] Текст ошибки: Страница не найдена | Файл: C:\OSPanel\domains\new-ishop2\vendor\wfm\Router.php | Строка: 59
==========
[2026-03-26 05:07:39] Текст ошибки: Страница не найдена | Файл: C:\OSPanel\domains\new-ishop2\vendor\wfm\Router.php | Строка: 59
==========
[2026-03-26 05:07:39] Текст ошибки: Страница не найдена | Файл: C:\OSPanel\domains\new-ishop2\vendor\wfm\Router.php | Строка: 59
==========
[2026-03-26 05:19:05] Текст ошибки: Call to a member function getDatabase() on null | Файл: C:\OSPanel\domains\new-ishop2\vendor\wfm\View.php | Строка: 58
==========
[2026-03-26 05:19:05] Текст ошибки: Страница не найдена | Файл: C:\OSPanel\domains\new-ishop2\vendor\wfm\Router.php | Строка: 59
==========
[2026-03-26 05:19:05] Текст ошибки: Страница не найдена | Файл: C:\OSPanel\domains\new-ishop2\vendor\wfm\Router.php | Строка: 59
==========
[2026-03-26 05:19:05] Текст ошибки: Страница не найдена | Файл: C:\OSPanel\domains\new-ishop2\vendor\wfm\Router.php | Строка: 59
==========
[2026-03-26 05:19:05] Текст ошибки: Страница не найдена | Файл: C:\OSPanel\domains\new-ishop2\vendor\wfm\Router.php | Строка: 59
==========
[2026-03-26 05:19:05] Текст ошибки: Страница не найдена | Файл: C:\OSPanel\domains\new-ishop2\vendor\wfm\Router.php | Строка: 59
==========
[2026-03-26 05:19:05] Текст ошибки: Страница не найдена | Файл: C:\OSPanel\domains\new-ishop2\vendor\wfm\Router.php | Строка: 59
==========
[2026-03-26 05:19:05] Текст ошибки: Страница не найдена | Файл: C:\OSPanel\domains\new-ishop2\vendor\wfm\Router.php | Строка: 59
==========
[2026-03-26 05:23:30] Текст ошибки: Страница не найдена | Файл: C:\OSPanel\domains\new-ishop2\vendor\wfm\Router.php | Строка: 59
==========
[2026-03-26 05:23:30] Текст ошибки: Страница не найдена | Файл: C:\OSPanel\domains\new-ishop2\vendor\wfm\Router.php | Строка: 59
==========
[2026-03-26 05:23:30] Текст ошибки: Страница не найдена | Файл: C:\OSPanel\domains\new-ishop2\vendor\wfm\Router.php | Строка: 59
==========
[2026-03-26 05:23:30] Текст ошибки: Страница не найдена | Файл: C:\OSPanel\domains\new-ishop2\vendor\wfm\Router.php | Строка: 59
==========
[2026-03-26 05:23:30] Текст ошибки: Страница не найдена | Файл: C:\OSPanel\domains\new-ishop2\vendor\wfm\Router.php | Строка: 59
==========
[2026-03-26 05:23:30] Текст ошибки: Страница не найдена | Файл: C:\OSPanel\domains\new-ishop2\vendor\wfm\Router.php | Строка: 59
==========
[2026-03-26 05:23:30] Текст ошибки: Страница не найдена | Файл: C:\OSPanel\domains\new-ishop2\vendor\wfm\Router.php | Строка: 59
==========
[2026-03-26 05:23:30] Текст ошибки: Страница не найдена | Файл: C:\OSPanel\domains\new-ishop2\vendor\wfm\Router.php | Строка: 59
==========
[2026-03-26 05:23:30] Текст ошибки: Страница не найдена | Файл: C:\OSPanel\domains\new-ishop2\vendor\wfm\Router.php | Строка: 59
==========
[2026-03-26 05:23:30] Текст ошибки: Страница не найдена | Файл: C:\OSPanel\domains\new-ishop2\vendor\wfm\Router.php | Строка: 59
==========
[2026-03-26 07:03:51] Текст ошибки: Страница не найдена | Файл: C:\OSPanel\domains\new-ishop2\vendor\wfm\Router.php | Строка: 59
==========
[2026-03-26 07:03:51] Текст ошибки: Страница не найдена | Файл: C:\OSPanel\domains\new-ishop2\vendor\wfm\Router.php | Строка: 59
==========
[2026-03-26 07:03:51] Текст ошибки: Страница не найдена | Файл: C:\OSPanel\domains\new-ishop2\vendor\wfm\Router.php | Строка: 59
==========
[2026-03-26 07:03:51] Текст ошибки: Страница не найдена | Файл: C:\OSPanel\domains\new-ishop2\vendor\wfm\Router.php | Строка: 59
==========
[2026-03-26 07:03:51] Текст ошибки: Страница не найдена | Файл: C:\OSPanel\domains\new-ishop2\vendor\wfm\Router.php | Строка: 59
==========
[2026-03-26 07:03:51] Текст ошибки: Страница не найдена | Файл: C:\OSPanel\domains\new-ishop2\vendor\wfm\Router.php | Строка: 59
==========
[2026-03-26 07:03:51] Текст ошибки: Страница не найдена | Файл: C:\OSPanel\domains\new-ishop2\vendor\wfm\Router.php | Строка: 59
==========
[2026-03-26 07:03:51] Текст ошибки: Страница не найдена | Файл: C:\OSPanel\domains\new-ishop2\vendor\wfm\Router.php | Строка: 59
==========
[2026-03-26 07:04:51] Текст ошибки: Too few arguments to function wfm\Registry::setProperty(), 1 passed in C:\OSPanel\domains\new-ishop2\app\controllers\AppController.php on line 19 and exactly 2 expected | Файл: C:\OSPanel\domains\new-ishop2\vendor\wfm\Registry.php | Строка: 11
==========
[2026-03-26 07:08:38] Текст ошибки: Too few arguments to function wfm\Registry::setProperty(), 1 passed in C:\OSPanel\domains\new-ishop2\app\controllers\AppController.php on line 19 and exactly 2 expected | Файл: C:\OSPanel\domains\new-ishop2\vendor\wfm\Registry.php | Строка: 11
==========
[2026-03-26 07:10:13] Текст ошибки: Страница не найдена | Файл: C:\OSPanel\domains\new-ishop2\vendor\wfm\Router.php | Строка: 59
==========
[2026-03-26 07:10:13] Текст ошибки: Страница не найдена | Файл: C:\OSPanel\domains\new-ishop2\vendor\wfm\Router.php | Строка: 59
==========
[2026-03-26 07:10:13] Текст ошибки: Страница не найдена | Файл: C:\OSPanel\domains\new-ishop2\vendor\wfm\Router.php | Строка: 59
==========
[2026-03-26 07:10:13] Текст ошибки: Страница не найдена | Файл: C:\OSPanel\domains\new-ishop2\vendor\wfm\Router.php | Строка: 59
==========
[2026-03-26 07:10:13] Текст ошибки: Страница не найдена | Файл: C:\OSPanel\domains\new-ishop2\vendor\wfm\Router.php | Строка: 59
==========
[2026-03-26 07:10:13] Текст ошибки: Страница не найдена | Файл: C:\OSPanel\domains\new-ishop2\vendor\wfm\Router.php | Строка: 59
==========
[2026-03-26 07:10:13] Текст ошибки: Страница не найдена | Файл: C:\OSPanel\domains\new-ishop2\vendor\wfm\Router.php | Строка: 59
==========
[2026-03-26 07:10:13] Текст ошибки: Страница не найдена | Файл: C:\OSPanel\domains\new-ishop2\vendor\wfm\Router.php | Строка: 59
==========
[2026-03-26 07:10:13] Текст ошибки: Страница не найдена | Файл: C:\OSPanel\domains\new-ishop2\vendor\wfm\Router.php | Строка: 59
==========
[2026-03-26 07:12:39] Текст ошибки: Страница не найдена | Файл: C:\OSPanel\domains\new-ishop2\vendor\wfm\Router.php | Строка: 59
==========
[2026-03-26 07:12:39] Текст ошибки: Страница не найдена | Файл: C:\OSPanel\domains\new-ishop2\vendor\wfm\Router.php | Строка: 59
==========
[2026-03-26 07:12:39] Текст ошибки: Страница не найдена | Файл: C:\OSPanel\domains\new-ishop2\vendor\wfm\Router.php | Строка: 59
==========
[2026-03-26 07:12:39] Текст ошибки: Страница не найдена | Файл: C:\OSPanel\domains\new-ishop2\vendor\wfm\Router.php | Строка: 59
==========
[2026-03-26 07:12:39] Текст ошибки: Страница не найдена | Файл: C:\OSPanel\domains\new-ishop2\vendor\wfm\Router.php | Строка: 59
==========
[2026-03-26 07:12:39] Текст ошибки: Страница не найдена | Файл: C:\OSPanel\domains\new-ishop2\vendor\wfm\Router.php | Строка: 59
==========
[2026-03-26 07:12:39] Текст ошибки: Страница не найдена | Файл: C:\OSPanel\domains\new-ishop2\vendor\wfm\Router.php | Строка: 59
==========
[2026-03-26 07:12:39] Текст ошибки: Страница не найдена | Файл: C:\OSPanel\domains\new-ishop2\vendor\wfm\Router.php | Строка: 59
==========
[2026-03-26 07:12:39] Текст ошибки: Страница не найдена | Файл: C:\OSPanel\domains\new-ishop2\vendor\wfm\Router.php | Строка: 59
==========
[2026-03-26 07:12:39] Текст ошибки: Страница не найдена | Файл: C:\OSPanel\domains\new-ishop2\vendor\wfm\Router.php | Строка: 59
==========
[2026-03-26 07:19:02] Текст ошибки: Страница не найдена | Файл: C:\OSPanel\domains\new-ishop2\vendor\wfm\Router.php | Строка: 59
==========
[2026-03-26 07:19:02] Текст ошибки: Страница не найдена | Файл: C:\OSPanel\domains\new-ishop2\vendor\wfm\Router.php | Строка: 59
==========
[2026-03-26 07:19:02] Текст ошибки: Страница не найдена | Файл: C:\OSPanel\domains\new-ishop2\vendor\wfm\Router.php | Строка: 59
==========
[2026-03-26 07:19:02] Текст ошибки: Страница не найдена | Файл: C:\OSPanel\domains\new-ishop2\vendor\wfm\Router.php | Строка: 59
==========
[2026-03-26 07:19:25] Текст ошибки: Страница не найдена | Файл: C:\OSPanel\domains\new-ishop2\vendor\wfm\Router.php | Строка: 59
==========
[2026-03-26 07:19:25] Текст ошибки: Страница не найдена | Файл: C:\OSPanel\domains\new-ishop2\vendor\wfm\Router.php | Строка: 59
==========
[2026-03-26 07:19:25] Текст ошибки: Страница не найдена | Файл: C:\OSPanel\domains\new-ishop2\vendor\wfm\Router.php | Строка: 59
==========
[2026-03-26 07:19:25] Текст ошибки: Страница не найдена | Файл: C:\OSPanel\domains\new-ishop2\vendor\wfm\Router.php | Строка: 59
==========
[2026-03-26 07:19:25] Текст ошибки: Страница не найдена | Файл: C:\OSPanel\domains\new-ishop2\vendor\wfm\Router.php | Строка: 59
==========
[2026-03-26 07:19:25] Текст ошибки: Страница не найдена | Файл: C:\OSPanel\domains\new-ishop2\vendor\wfm\Router.php | Строка: 59
==========
[2026-03-26 07:19:25] Текст ошибки: Страница не найдена | Файл: C:\OSPanel\domains\new-ishop2\vendor\wfm\Router.php | Строка: 59
==========
[2026-03-26 07:19:28] Текст ошибки: Страница не найдена | Файл: C:\OSPanel\domains\new-ishop2\vendor\wfm\Router.php | Строка: 59
==========
[2026-03-26 07:19:29] Текст ошибки: Страница не найдена | Файл: C:\OSPanel\domains\new-ishop2\vendor\wfm\Router.php | Строка: 59
==========
[2026-03-26 07:19:29] Текст ошибки: Страница не найдена | Файл: C:\OSPanel\domains\new-ishop2\vendor\wfm\Router.php | Строка: 59
==========
[2026-03-26 07:19:48] Текст ошибки: Too few arguments to function wfm\Registry::setProperty(), 1 passed in C:\OSPanel\domains\new-ishop2\app\controllers\AppController.php on line 19 and exactly 2 expected | Файл: C:\OSPanel\domains\new-ishop2\vendor\wfm\Registry.php | Строка: 11
==========
[2026-03-26 07:19:55] Текст ошибки: Too few arguments to function wfm\Registry::setProperty(), 1 passed in C:\OSPanel\domains\new-ishop2\app\controllers\AppController.php on line 19 and exactly 2 expected | Файл: C:\OSPanel\domains\new-ishop2\vendor\wfm\Registry.php | Строка: 11
==========
[2026-03-26 07:20:44] Текст ошибки: Страница не найдена | Файл: C:\OSPanel\domains\new-ishop2\vendor\wfm\Router.php | Строка: 59
==========
[2026-03-26 07:20:44] Текст ошибки: Страница не найдена | Файл: C:\OSPanel\domains\new-ishop2\vendor\wfm\Router.php | Строка: 59
==========
[2026-03-26 07:20:44] Текст ошибки: Страница не найдена | Файл: C:\OSPanel\domains\new-ishop2\vendor\wfm\Router.php | Строка: 59
==========
[2026-03-26 07:20:44] Текст ошибки: Страница не найдена | Файл: C:\OSPanel\domains\new-ishop2\vendor\wfm\Router.php | Строка: 59
==========
[2026-03-26 07:20:44] Текст ошибки: Страница не найдена | Файл: C:\OSPanel\domains\new-ishop2\vendor\wfm\Router.php | Строка: 59
==========
[2026-03-26 07:20:50] Текст ошибки: Страница не найдена | Файл: C:\OSPanel\domains\new-ishop2\vendor\wfm\Router.php | Строка: 59
==========
[2026-03-26 07:20:50] Текст ошибки: Страница не найдена | Файл: C:\OSPanel\domains\new-ishop2\vendor\wfm\Router.php | Строка: 59
==========
[2026-03-26 07:20:50] Текст ошибки: Страница не найдена | Файл: C:\OSPanel\domains\new-ishop2\vendor\wfm\Router.php | Строка: 59
==========
[2026-03-26 07:20:50] Текст ошибки: Страница не найдена | Файл: C:\OSPanel\domains\new-ishop2\vendor\wfm\Router.php | Строка: 59
==========
[2026-03-26 07:20:50] Текст ошибки: Страница не найдена | Файл: C:\OSPanel\domains\new-ishop2\vendor\wfm\Router.php | Строка: 59
==========
[2026-03-26 07:20:50] Текст ошибки: Страница не найдена | Файл: C:\OSPanel\domains\new-ishop2\vendor\wfm\Router.php | Строка: 59
==========
[2026-03-26 07:20:50] Текст ошибки: Страница не найдена | Файл: C:\OSPanel\domains\new-ishop2\vendor\wfm\Router.php | Строка: 59
==========
[2026-03-26 07:21:17] Текст ошибки: Страница не найдена | Файл: C:\OSPanel\domains\new-ishop2\vendor\wfm\Router.php | Строка: 59
==========
[2026-03-26 07:21:17] Текст ошибки: Страница не найдена | Файл: C:\OSPanel\domains\new-ishop2\vendor\wfm\Router.php | Строка: 59
==========
[2026-03-26 07:21:17] Текст ошибки: Страница не найдена | Файл: C:\OSPanel\domains\new-ishop2\vendor\wfm\Router.php | Строка: 59
==========
[2026-03-26 07:21:17] Текст ошибки: Страница не найдена | Файл: C:\OSPanel\domains\new-ishop2\vendor\wfm\Router.php | Строка: 59
==========
[2026-03-26 07:21:17] Текст ошибки: Страница не найдена | Файл: C:\OSPanel\domains\new-ishop2\vendor\wfm\Router.php | Строка: 59
==========
[2026-03-26 07:21:17] Текст ошибки: Страница не найдена | Файл: C:\OSPanel\domains\new-ishop2\vendor\wfm\Router.php | Строка: 59
==========
[2026-03-26 07:21:17] Текст ошибки: Страница не найдена | Файл: C:\OSPanel\domains\new-ishop2\vendor\wfm\Router.php | Строка: 59
==========
[2026-03-26 07:21:17] Текст ошибки: Страница не найдена | Файл: C:\OSPanel\domains\new-ishop2\vendor\wfm\Router.php | Строка: 59
==========
[2026-03-26 08:32:20] Текст ошибки: Страница не найдена | Файл: C:\OSPanel\domains\new-ishop2\vendor\wfm\Router.php | Строка: 59
==========
[2026-03-26 08:32:20] Текст ошибки: Страница не найдена | Файл: C:\OSPanel\domains\new-ishop2\vendor\wfm\Router.php | Строка: 59
==========
[2026-03-26 08:32:20] Текст ошибки: Страница не найдена | Файл: C:\OSPanel\domains\new-ishop2\vendor\wfm\Router.php | Строка: 59
==========
[2026-03-26 08:32:20] Текст ошибки: Страница не найдена | Файл: C:\OSPanel\domains\new-ishop2\vendor\wfm\Router.php | Строка: 59
==========
[2026-03-26 08:32:20] Текст ошибки: Страница не найдена | Файл: C:\OSPanel\domains\new-ishop2\vendor\wfm\Router.php | Строка: 59
==========
[2026-03-26 08:32:20] Текст ошибки: Страница не найдена | Файл: C:\OSPanel\domains\new-ishop2\vendor\wfm\Router.php | Строка: 59
==========
[2026-03-26 08:32:20] Текст ошибки: Страница не найдена | Файл: C:\OSPanel\domains\new-ishop2\vendor\wfm\Router.php | Строка: 59
==========
[2026-03-26 08:32:20] Текст ошибки: Страница не найдена | Файл: C:\OSPanel\domains\new-ishop2\vendor\wfm\Router.php | Строка: 59
==========
[2026-03-26 08:32:20] Текст ошибки: Страница не найдена | Файл: C:\OSPanel\domains\new-ishop2\vendor\wfm\Router.php | Строка: 59
==========
[2026-03-26 08:32:20] Текст ошибки: Страница не найдена | Файл: C:\OSPanel\domains\new-ishop2\vendor\wfm\Router.php | Строка: 59
==========
[2026-03-26 08:32:47] Текст ошибки: Страница не найдена | Файл: C:\OSPanel\domains\new-ishop2\vendor\wfm\Router.php | Строка: 59
==========
[2026-03-26 08:32:47] Текст ошибки: Страница не найдена | Файл: C:\OSPanel\domains\new-ishop2\vendor\wfm\Router.php | Строка: 59
==========
[2026-03-26 08:32:47] Текст ошибки: Страница не найдена | Файл: C:\OSPanel\domains\new-ishop2\vendor\wfm\Router.php | Строка: 59
==========
[2026-03-26 08:32:47] Текст ошибки: Страница не найдена | Файл: C:\OSPanel\domains\new-ishop2\vendor\wfm\Router.php | Строка: 59
==========
[2026-03-26 08:32:47] Текст ошибки: Страница не найдена | Файл: C:\OSPanel\domains\new-ishop2\vendor\wfm\Router.php | Строка: 59
==========
[2026-03-26 08:32:47] Текст ошибки: Страница не найдена | Файл: C:\OSPanel\domains\new-ishop2\vendor\wfm\Router.php | Строка: 59
==========
[2026-03-26 08:32:47] Текст ошибки: Страница не найдена | Файл: C:\OSPanel\domains\new-ishop2\vendor\wfm\Router.php | Строка: 59
==========
[2026-03-26 08:32:47] Текст ошибки: Страница не найдена | Файл: C:\OSPanel\domains\new-ishop2\vendor\wfm\Router.php | Строка: 59
==========
[2026-03-26 09:00:09] Текст ошибки: Страница не найдена | Файл: C:\OSPanel\domains\new-ishop2\vendor\wfm\Router.php | Строка: 59
==========
[2026-03-26 09:00:09] Текст ошибки: Страница не найдена | Файл: C:\OSPanel\domains\new-ishop2\vendor\wfm\Router.php | Строка: 59
==========
[2026-03-26 09:00:09] Текст ошибки: Страница не найдена | Файл: C:\OSPanel\domains\new-ishop2\vendor\wfm\Router.php | Строка: 59
==========
[2026-03-26 09:00:09] Текст ошибки: Страница не найдена | Файл: C:\OSPanel\domains\new-ishop2\vendor\wfm\Router.php | Строка: 59
==========
[2026-03-26 09:00:09] Текст ошибки: Страница не найдена | Файл: C:\OSPanel\domains\new-ishop2\vendor\wfm\Router.php | Строка: 59
==========
[2026-03-26 09:00:09] Текст ошибки: Страница не найдена | Файл: C:\OSPanel\domains\new-ishop2\vendor\wfm\Router.php | Строка: 59
==========
[2026-03-26 09:00:09] Текст ошибки: Страница не найдена | Файл: C:\OSPanel\domains\new-ishop2\vendor\wfm\Router.php | Строка: 59
==========
[2026-03-26 09:00:09] Текст ошибки: Страница не найдена | Файл: C:\OSPanel\domains\new-ishop2\vendor\wfm\Router.php | Строка: 59
==========
[2026-03-26 09:10:30] Текст ошибки: preg_match(): Compilation failed: unmatched closing parenthesis at offset 14 | Файл: C:\OSPanel\domains\new-ishop2\vendor\wfm\Router.php | Строка: 66
==========
[2026-03-26 09:10:43] Текст ошибки: preg_match(): Compilation failed: unmatched closing parenthesis at offset 14 | Файл: C:\OSPanel\domains\new-ishop2\vendor\wfm\Router.php | Строка: 66
==========
[2026-03-26 09:11:39] Текст ошибки: preg_match(): Compilation failed: unmatched closing parenthesis at offset 14 | Файл: C:\OSPanel\domains\new-ishop2\vendor\wfm\Router.php | Строка: 66
==========
[2026-03-26 09:13:56] Текст ошибки: preg_match(): Compilation failed: two named subpatterns have the same name (PCRE2_DUPNAMES not set) at offset 37 | Файл: C:\OSPanel\domains\new-ishop2\vendor\wfm\Router.php | Строка: 66
==========
[2026-03-26 09:14:22] Текст ошибки: Страница не найдена | Файл: C:\OSPanel\domains\new-ishop2\vendor\wfm\Router.php | Строка: 59
==========
[2026-03-26 09:14:22] Текст ошибки: Страница не найдена | Файл: C:\OSPanel\domains\new-ishop2\vendor\wfm\Router.php | Строка: 59
==========
[2026-03-26 09:14:22] Текст ошибки: Страница не найдена | Файл: C:\OSPanel\domains\new-ishop2\vendor\wfm\Router.php | Строка: 59
==========
[2026-03-26 09:14:22] Текст ошибки: Страница не найдена | Файл: C:\OSPanel\domains\new-ishop2\vendor\wfm\Router.php | Строка: 59
==========
[2026-03-26 09:14:22] Текст ошибки: Страница не найдена | Файл: C:\OSPanel\domains\new-ishop2\vendor\wfm\Router.php | Строка: 59
==========
[2026-03-26 09:14:22] Текст ошибки: Страница не найдена | Файл: C:\OSPanel\domains\new-ishop2\vendor\wfm\Router.php | Строка: 59
==========
[2026-03-26 09:14:22] Текст ошибки: Страница не найдена | Файл: C:\OSPanel\domains\new-ishop2\vendor\wfm\Router.php | Строка: 59
==========
[2026-03-26 09:14:22] Текст ошибки: Страница не найдена | Файл: C:\OSPanel\domains\new-ishop2\vendor\wfm\Router.php | Строка: 59
==========
[2026-03-26 09:14:22] Текст ошибки: Страница не найдена | Файл: C:\OSPanel\domains\new-ishop2\vendor\wfm\Router.php | Строка: 59
==========
[2026-03-26 09:15:57] Текст ошибки: Страница не найдена | Файл: C:\OSPanel\domains\new-ishop2\vendor\wfm\Router.php | Строка: 59
==========
[2026-03-26 09:15:57] Текст ошибки: Страница не найдена | Файл: C:\OSPanel\domains\new-ishop2\vendor\wfm\Router.php | Строка: 59
==========
[2026-03-26 09:15:57] Текст ошибки: Страница не найдена | Файл: C:\OSPanel\domains\new-ishop2\vendor\wfm\Router.php | Строка: 59
==========
[2026-03-26 09:15:57] Текст ошибки: Страница не найдена | Файл: C:\OSPanel\domains\new-ishop2\vendor\wfm\Router.php | Строка: 59
==========
[2026-03-26 09:15:57] Текст ошибки: Страница не найдена | Файл: C:\OSPanel\domains\new-ishop2\vendor\wfm\Router.php | Строка: 59
==========
[2026-03-26 09:15:57] Текст ошибки: Страница не найдена | Файл: C:\OSPanel\domains\new-ishop2\vendor\wfm\Router.php | Строка: 59
==========
[2026-03-26 09:15:57] Текст ошибки: Страница не найдена | Файл: C:\OSPanel\domains\new-ishop2\vendor\wfm\Router.php | Строка: 59
==========
[2026-03-26 09:15:57] Текст ошибки: Страница не найдена | Файл: C:\OSPanel\domains\new-ishop2\vendor\wfm\Router.php | Строка: 59
==========
[2026-03-26 09:15:57] Текст ошибки: Страница не найдена | Файл: C:\OSPanel\domains\new-ishop2\vendor\wfm\Router.php | Строка: 59
==========
[2026-03-26 09:15:57] Текст ошибки: Страница не найдена | Файл: C:\OSPanel\domains\new-ishop2\vendor\wfm\Router.php | Строка: 59
==========
[2026-03-26 09:17:34] Текст ошибки: Страница не найдена | Файл: C:\OSPanel\domains\new-ishop2\vendor\wfm\Router.php | Строка: 59
==========
[2026-03-26 09:17:34] Текст ошибки: Страница не найдена | Файл: C:\OSPanel\domains\new-ishop2\vendor\wfm\Router.php | Строка: 59
==========
[2026-03-26 09:17:34] Текст ошибки: Страница не найдена | Файл: C:\OSPanel\domains\new-ishop2\vendor\wfm\Router.php | Строка: 59
==========
[2026-03-26 09:17:34] Текст ошибки: Страница не найдена | Файл: C:\OSPanel\domains\new-ishop2\vendor\wfm\Router.php | Строка: 59
==========
[2026-03-26 09:17:34] Текст ошибки: Страница не найдена | Файл: C:\OSPanel\domains\new-ishop2\vendor\wfm\Router.php | Строка: 59
==========
[2026-03-26 09:17:34] Текст ошибки: Страница не найдена | Файл: C:\OSPanel\domains\new-ishop2\vendor\wfm\Router.php | Строка: 59
==========
[2026-03-26 09:17:34] Текст ошибки: Страница не найдена | Файл: C:\OSPanel\domains\new-ishop2\vendor\wfm\Router.php | Строка: 59
==========
[2026-03-26 09:17:34] Текст ошибки: Страница не найдена | Файл: C:\OSPanel\domains\new-ishop2\vendor\wfm\Router.php | Строка: 59
==========
[2026-03-26 09:17:34] Текст ошибки: Страница не найдена | Файл: C:\OSPanel\domains\new-ishop2\vendor\wfm\Router.php | Строка: 59
==========
[2026-03-26 09:23:50] Текст ошибки: Страница не найдена | Файл: C:\OSPanel\domains\new-ishop2\vendor\wfm\Router.php | Строка: 59
==========
[2026-03-26 09:23:50] Текст ошибки: Страница не найдена | Файл: C:\OSPanel\domains\new-ishop2\vendor\wfm\Router.php | Строка: 59
==========
[2026-03-26 09:23:50] Текст ошибки: Страница не найдена | Файл: C:\OSPanel\domains\new-ishop2\vendor\wfm\Router.php | Строка: 59
==========
[2026-03-26 09:23:50] Текст ошибки: Страница не найдена | Файл: C:\OSPanel\domains\new-ishop2\vendor\wfm\Router.php | Строка: 59
==========
[2026-03-26 09:23:50] Текст ошибки: Страница не найдена | Файл: C:\OSPanel\domains\new-ishop2\vendor\wfm\Router.php | Строка: 59
==========
[2026-03-26 09:23:50] Текст ошибки: Страница не найдена | Файл: C:\OSPanel\domains\new-ishop2\vendor\wfm\Router.php | Строка: 59
==========
[2026-03-26 09:23:50] Текст ошибки: Страница не найдена | Файл: C:\OSPanel\domains\new-ishop2\vendor\wfm\Router.php | Строка: 59
==========
[2026-03-26 09:23:50] Текст ошибки: Страница не найдена | Файл: C:\OSPanel\domains\new-ishop2\vendor\wfm\Router.php | Строка: 59
==========
[2026-03-26 09:23:50] Текст ошибки: Страница не найдена | Файл: C:\OSPanel\domains\new-ishop2\vendor\wfm\Router.php | Строка: 59
==========
[2026-03-26 09:23:50] Текст ошибки: Страница не найдена | Файл: C:\OSPanel\domains\new-ishop2\vendor\wfm\Router.php | Строка: 59
==========
[2026-03-26 09:23:55] Текст ошибки: Страница не найдена | Файл: C:\OSPanel\domains\new-ishop2\vendor\wfm\Router.php | Строка: 59
==========
[2026-03-26 09:23:55] Текст ошибки: Страница не найдена | Файл: C:\OSPanel\domains\new-ishop2\vendor\wfm\Router.php | Строка: 59
==========
[2026-03-26 09:23:55] Текст ошибки: Страница не найдена | Файл: C:\OSPanel\domains\new-ishop2\vendor\wfm\Router.php | Строка: 59
==========
[2026-03-26 09:23:55] Текст ошибки: Страница не найдена | Файл: C:\OSPanel\domains\new-ishop2\vendor\wfm\Router.php | Строка: 59
==========
[2026-03-26 09:23:55] Текст ошибки: Страница не найдена | Файл: C:\OSPanel\domains\new-ishop2\vendor\wfm\Router.php | Строка: 59
==========
[2026-03-26 09:23:57] Текст ошибки: Страница не найдена | Файл: C:\OSPanel\domains\new-ishop2\vendor\wfm\Router.php | Строка: 59
==========
[2026-03-26 09:23:57] Текст ошибки: Страница не найдена | Файл: C:\OSPanel\domains\new-ishop2\vendor\wfm\Router.php | Строка: 59
==========
[2026-03-26 09:23:57] Текст ошибки: Страница не найдена | Файл: C:\OSPanel\domains\new-ishop2\vendor\wfm\Router.php | Строка: 59
==========
[2026-03-26 09:23:57] Текст ошибки: Страница не найдена | Файл: C:\OSPanel\domains\new-ishop2\vendor\wfm\Router.php | Строка: 59
==========
[2026-03-26 09:24:08] Текст ошибки: Страница не найдена | Файл: C:\OSPanel\domains\new-ishop2\vendor\wfm\Router.php | Строка: 59
==========
[2026-03-26 09:24:08] Текст ошибки: Страница не найдена | Файл: C:\OSPanel\domains\new-ishop2\vendor\wfm\Router.php | Строка: 59
==========
[2026-03-26 09:24:08] Текст ошибки: Страница не найдена | Файл: C:\OSPanel\domains\new-ishop2\vendor\wfm\Router.php | Строка: 59
==========
[2026-03-26 09:24:08] Текст ошибки: Страница не найдена | Файл: C:\OSPanel\domains\new-ishop2\vendor\wfm\Router.php | Строка: 59
==========
[2026-03-26 09:24:08] Текст ошибки: Страница не найдена | Файл: C:\OSPanel\domains\new-ishop2\vendor\wfm\Router.php | Строка: 59
==========
[2026-03-26 09:24:08] Текст ошибки: Страница не найдена | Файл: C:\OSPanel\domains\new-ishop2\vendor\wfm\Router.php | Строка: 59
==========
[2026-03-26 09:24:08] Текст ошибки: Страница не найдена | Файл: C:\OSPanel\domains\new-ishop2\vendor\wfm\Router.php | Строка: 59
==========
[2026-03-26 09:24:08] Текст ошибки: Страница не найдена | Файл: C:\OSPanel\domains\new-ishop2\vendor\wfm\Router.php | Строка: 59
==========
[2026-03-26 09:25:01] Текст ошибки: Страница не найдена | Файл: C:\OSPanel\domains\new-ishop2\vendor\wfm\Router.php | Строка: 60
==========
[2026-03-26 09:25:01] Текст ошибки: Страница не найдена | Файл: C:\OSPanel\domains\new-ishop2\vendor\wfm\Router.php | Строка: 60
==========
[2026-03-26 09:25:01] Текст ошибки: Страница не найдена | Файл: C:\OSPanel\domains\new-ishop2\vendor\wfm\Router.php | Строка: 60
==========
[2026-03-26 09:25:01] Текст ошибки: Страница не найдена | Файл: C:\OSPanel\domains\new-ishop2\vendor\wfm\Router.php | Строка: 60
==========
[2026-03-26 09:25:01] Текст ошибки: Страница не найдена | Файл: C:\OSPanel\domains\new-ishop2\vendor\wfm\Router.php | Строка: 60
==========
[2026-03-26 09:25:01] Текст ошибки: Страница не найдена | Файл: C:\OSPanel\domains\new-ishop2\vendor\wfm\Router.php | Строка: 60
==========
[2026-03-26 09:25:01] Текст ошибки: Страница не найдена | Файл: C:\OSPanel\domains\new-ishop2\vendor\wfm\Router.php | Строка: 60
==========
[2026-03-26 09:25:01] Текст ошибки: Страница не найдена | Файл: C:\OSPanel\domains\new-ishop2\vendor\wfm\Router.php | Строка: 60
==========
[2026-03-26 09:25:01] Текст ошибки: Страница не найдена | Файл: C:\OSPanel\domains\new-ishop2\vendor\wfm\Router.php | Строка: 60
==========
[2026-03-26 09:28:32] Текст ошибки: Страница не найдена | Файл: C:\OSPanel\domains\new-ishop2\vendor\wfm\Router.php | Строка: 60
==========
[2026-03-26 09:28:32] Текст ошибки: Страница не найдена | Файл: C:\OSPanel\domains\new-ishop2\vendor\wfm\Router.php | Строка: 60
==========
[2026-03-26 09:28:32] Текст ошибки: Страница не найдена | Файл: C:\OSPanel\domains\new-ishop2\vendor\wfm\Router.php | Строка: 60
==========
[2026-03-26 09:28:32] Текст ошибки: Страница не найдена | Файл: C:\OSPanel\domains\new-ishop2\vendor\wfm\Router.php | Строка: 60
==========
[2026-03-26 09:28:32] Текст ошибки: Страница не найдена | Файл: C:\OSPanel\domains\new-ishop2\vendor\wfm\Router.php | Строка: 60
==========
[2026-03-26 09:28:32] Текст ошибки: Страница не найдена | Файл: C:\OSPanel\domains\new-ishop2\vendor\wfm\Router.php | Строка: 60
==========
[2026-03-26 09:28:32] Текст ошибки: Страница не найдена | Файл: C:\OSPanel\domains\new-ishop2\vendor\wfm\Router.php | Строка: 60
==========
[2026-03-26 09:28:32] Текст ошибки: Страница не найдена | Файл: C:\OSPanel\domains\new-ishop2\vendor\wfm\Router.php | Строка: 60
==========
[2026-03-26 09:28:32] Текст ошибки: Страница не найдена | Файл: C:\OSPanel\domains\new-ishop2\vendor\wfm\Router.php | Строка: 60
==========
[2026-03-26 09:52:28] Текст ошибки: app\widgets\language\Language::getLanguage(): Return value must be of type array, string returned | Файл: C:\OSPanel\domains\new-ishop2\app\widgets\language\Language.php | Строка: 27
==========
[2026-03-26 09:54:17] Текст ошибки: Страница не найдена | Файл: C:\OSPanel\domains\new-ishop2\vendor\wfm\Router.php | Строка: 62
==========
[2026-03-26 09:54:17] Текст ошибки: Страница не найдена | Файл: C:\OSPanel\domains\new-ishop2\vendor\wfm\Router.php | Строка: 62
==========
[2026-03-26 09:54:17] Текст ошибки: Страница не найдена | Файл: C:\OSPanel\domains\new-ishop2\vendor\wfm\Router.php | Строка: 62
==========
[2026-03-26 09:54:17] Текст ошибки: Страница не найдена | Файл: C:\OSPanel\domains\new-ishop2\vendor\wfm\Router.php | Строка: 62
==========
[2026-03-26 09:54:17] Текст ошибки: Страница не найдена | Файл: C:\OSPanel\domains\new-ishop2\vendor\wfm\Router.php | Строка: 62
==========
[2026-03-26 09:54:17] Текст ошибки: Страница не найдена | Файл: C:\OSPanel\domains\new-ishop2\vendor\wfm\Router.php | Строка: 62
==========
[2026-03-26 09:54:17] Текст ошибки: Страница не найдена | Файл: C:\OSPanel\domains\new-ishop2\vendor\wfm\Router.php | Строка: 62
==========
[2026-03-26 09:54:17] Текст ошибки: Страница не найдена | Файл: C:\OSPanel\domains\new-ishop2\vendor\wfm\Router.php | Строка: 62
==========
[2026-03-26 09:54:17] Текст ошибки: Страница не найдена | Файл: C:\OSPanel\domains\new-ishop2\vendor\wfm\Router.php | Строка: 62
==========
[2026-03-26 10:06:14] Текст ошибки: Страница не найдена | Файл: C:\OSPanel\domains\new-ishop2\vendor\wfm\Router.php | Строка: 62
==========
[2026-03-26 10:06:14] Текст ошибки: Страница не найдена | Файл: C:\OSPanel\domains\new-ishop2\vendor\wfm\Router.php | Строка: 62
==========
[2026-03-26 10:06:14] Текст ошибки: Страница не найдена | Файл: C:\OSPanel\domains\new-ishop2\vendor\wfm\Router.php | Строка: 62
==========
[2026-03-26 10:06:14] Текст ошибки: Страница не найдена | Файл: C:\OSPanel\domains\new-ishop2\vendor\wfm\Router.php | Строка: 62
==========
[2026-03-26 10:06:14] Текст ошибки: Страница не найдена | Файл: C:\OSPanel\domains\new-ishop2\vendor\wfm\Router.php | Строка: 62
==========
[2026-03-26 10:06:14] Текст ошибки: Страница не найдена | Файл: C:\OSPanel\domains\new-ishop2\vendor\wfm\Router.php | Строка: 62
==========
[2026-03-26 10:06:14] Текст ошибки: Страница не найдена | Файл: C:\OSPanel\domains\new-ishop2\vendor\wfm\Router.php | Строка: 62
==========
[2026-03-26 10:06:14] Текст ошибки: Страница не найдена | Файл: C:\OSPanel\domains\new-ishop2\vendor\wfm\Router.php | Строка: 62
==========
[2026-03-26 10:06:14] Текст ошибки: Страница не найдена | Файл: C:\OSPanel\domains\new-ishop2\vendor\wfm\Router.php | Строка: 62
==========
[2026-03-26 10:06:14] Текст ошибки: Страница не найдена | Файл: C:\OSPanel\domains\new-ishop2\vendor\wfm\Router.php | Строка: 62
==========
[2026-03-26 10:06:21] Текст ошибки: Страница не найдена | Файл: C:\OSPanel\domains\new-ishop2\vendor\wfm\Router.php | Строка: 62
==========
[2026-03-26 10:06:55] Текст ошибки: Страница не найдена | Файл: C:\OSPanel\domains\new-ishop2\vendor\wfm\Router.php | Строка: 62
==========
[2026-03-29 04:34:32] Текст ошибки: Страница не найдена | Файл: C:\OSPanel\domains\new-ishop2\vendor\wfm\Router.php | Строка: 62
==========
[2026-03-29 04:34:32] Текст ошибки: Страница не найдена | Файл: C:\OSPanel\domains\new-ishop2\vendor\wfm\Router.php | Строка: 62
==========
[2026-03-29 04:34:32] Текст ошибки: Страница не найдена | Файл: C:\OSPanel\domains\new-ishop2\vendor\wfm\Router.php | Строка: 62
==========
[2026-03-29 04:34:32] Текст ошибки: Страница не найдена | Файл: C:\OSPanel\domains\new-ishop2\vendor\wfm\Router.php | Строка: 62
==========
[2026-03-29 04:34:32] Текст ошибки: Страница не найдена | Файл: C:\OSPanel\domains\new-ishop2\vendor\wfm\Router.php | Строка: 62
==========
[2026-03-29 04:34:32] Текст ошибки: Страница не найдена | Файл: C:\OSPanel\domains\new-ishop2\vendor\wfm\Router.php | Строка: 62
==========
[2026-03-29 04:44:34] Текст ошибки: Страница не найдена | Файл: C:\OSPanel\domains\new-ishop2\vendor\wfm\Router.php | Строка: 62
==========
[2026-03-29 04:44:34] Текст ошибки: Страница не найдена | Файл: C:\OSPanel\domains\new-ishop2\vendor\wfm\Router.php | Строка: 62
==========
[2026-03-29 04:44:34] Текст ошибки: Страница не найдена | Файл: C:\OSPanel\domains\new-ishop2\vendor\wfm\Router.php | Строка: 62
==========
[2026-03-29 04:44:34] Текст ошибки: Страница не найдена | Файл: C:\OSPanel\domains\new-ishop2\vendor\wfm\Router.php | Строка: 62
==========
[2026-03-29 04:44:34] Текст ошибки: Страница не найдена | Файл: C:\OSPanel\domains\new-ishop2\vendor\wfm\Router.php | Строка: 62
==========
[2026-03-29 04:44:34] Текст ошибки: Страница не найдена | Файл: C:\OSPanel\domains\new-ishop2\vendor\wfm\Router.php | Строка: 62
==========
[2026-03-29 04:44:34] Текст ошибки: Страница не найдена | Файл: C:\OSPanel\domains\new-ishop2\vendor\wfm\Router.php | Строка: 62
==========
[2026-03-29 04:44:34] Текст ошибки: Страница не найдена | Файл: C:\OSPanel\domains\new-ishop2\vendor\wfm\Router.php | Строка: 62
==========
[2026-03-29 04:44:34] Текст ошибки: Страница не найдена | Файл: C:\OSPanel\domains\new-ishop2\vendor\wfm\Router.php | Строка: 62
==========
[2026-03-29 04:44:34] Текст ошибки: Страница не найдена | Файл: C:\OSPanel\domains\new-ishop2\vendor\wfm\Router.php | Строка: 62
==========
[2026-03-29 04:45:09] Текст ошибки: Страница не найдена | Файл: C:\OSPanel\domains\new-ishop2\vendor\wfm\Router.php | Строка: 62
==========
[2026-03-29 04:45:10] Текст ошибки: Страница не найдена | Файл: C:\OSPanel\domains\new-ishop2\vendor\wfm\Router.php | Строка: 62
==========
[2026-03-29 04:45:10] Текст ошибки: Страница не найдена | Файл: C:\OSPanel\domains\new-ishop2\vendor\wfm\Router.php | Строка: 62
==========
[2026-03-29 04:45:10] Текст ошибки: Страница не найдена | Файл: C:\OSPanel\domains\new-ishop2\vendor\wfm\Router.php | Строка: 62
==========
[2026-03-29 04:45:10] Текст ошибки: Страница не найдена | Файл: C:\OSPanel\domains\new-ishop2\vendor\wfm\Router.php | Строка: 62
==========
[2026-03-29 04:45:10] Текст ошибки: Страница не найдена | Файл: C:\OSPanel\domains\new-ishop2\vendor\wfm\Router.php | Строка: 62
==========
[2026-03-29 04:45:10] Текст ошибки: Страница не найдена | Файл: C:\OSPanel\domains\new-ishop2\vendor\wfm\Router.php | Строка: 62
==========
[2026-03-29 04:45:10] Текст ошибки: Страница не найдена | Файл: C:\OSPanel\domains\new-ishop2\vendor\wfm\Router.php | Строка: 62
==========
[2026-03-29 04:45:10] Текст ошибки: Страница не найдена | Файл: C:\OSPanel\domains\new-ishop2\vendor\wfm\Router.php | Строка: 62
==========
[2026-03-29 04:45:10] Текст ошибки: Страница не найдена | Файл: C:\OSPanel\domains\new-ishop2\vendor\wfm\Router.php | Строка: 62
==========
[2026-03-29 04:45:15] Текст ошибки: Страница не найдена | Файл: C:\OSPanel\domains\new-ishop2\vendor\wfm\Router.php | Строка: 62
==========
[2026-03-29 04:45:15] Текст ошибки: Страница не найдена | Файл: C:\OSPanel\domains\new-ishop2\vendor\wfm\Router.php | Строка: 62
==========
[2026-03-29 04:45:15] Текст ошибки: Страница не найдена | Файл: C:\OSPanel\domains\new-ishop2\vendor\wfm\Router.php | Строка: 62
==========
[2026-03-29 04:45:15] Текст ошибки: Страница не найдена | Файл: C:\OSPanel\domains\new-ishop2\vendor\wfm\Router.php | Строка: 62
==========
[2026-03-29 04:45:15] Текст ошибки: Страница не найдена | Файл: C:\OSPanel\domains\new-ishop2\vendor\wfm\Router.php | Строка: 62
==========
[2026-03-29 04:45:15] Текст ошибки: Страница не найдена | Файл: C:\OSPanel\domains\new-ishop2\vendor\wfm\Router.php | Строка: 62
==========
[2026-03-29 04:45:15] Текст ошибки: Страница не найдена | Файл: C:\OSPanel\domains\new-ishop2\vendor\wfm\Router.php | Строка: 62
==========
[2026-03-29 04:45:15] Текст ошибки: Страница не найдена | Файл: C:\OSPanel\domains\new-ishop2\vendor\wfm\Router.php | Строка: 62
==========
[2026-03-29 04:45:15] Текст ошибки: Страница не найдена | Файл: C:\OSPanel\domains\new-ishop2\vendor\wfm\Router.php | Строка: 62
==========
[2026-03-29 04:45:34] Текст ошибки: Страница не найдена | Файл: C:\OSPanel\domains\new-ishop2\vendor\wfm\Router.php | Строка: 62
==========
[2026-03-29 04:59:33] Текст ошибки: Страница не найдена | Файл: C:\OSPanel\domains\new-ishop2\vendor\wfm\Router.php | Строка: 62
==========
[2026-03-29 04:59:33] Текст ошибки: Страница не найдена | Файл: C:\OSPanel\domains\new-ishop2\vendor\wfm\Router.php | Строка: 62
==========
[2026-03-29 04:59:33] Текст ошибки: Страница не найдена | Файл: C:\OSPanel\domains\new-ishop2\vendor\wfm\Router.php | Строка: 62
==========
[2026-03-29 04:59:33] Текст ошибки: Страница не найдена | Файл: C:\OSPanel\domains\new-ishop2\vendor\wfm\Router.php | Строка: 62
==========
[2026-03-29 04:59:33] Текст ошибки: Страница не найдена | Файл: C:\OSPanel\domains\new-ishop2\vendor\wfm\Router.php | Строка: 62
==========
[2026-03-29 04:59:33] Текст ошибки: Страница не найдена | Файл: C:\OSPanel\domains\new-ishop2\vendor\wfm\Router.php | Строка: 62
==========
[2026-03-29 04:59:33] Текст ошибки: Страница не найдена | Файл: C:\OSPanel\domains\new-ishop2\vendor\wfm\Router.php | Строка: 62
==========
[2026-03-29 04:59:33] Текст ошибки: Страница не найдена | Файл: C:\OSPanel\domains\new-ishop2\vendor\wfm\Router.php | Строка: 62
==========
[2026-03-29 04:59:33] Текст ошибки: Страница не найдена | Файл: C:\OSPanel\domains\new-ishop2\vendor\wfm\Router.php | Строка: 62
==========
[2026-03-29 04:59:33] Текст ошибки: Страница не найдена | Файл: C:\OSPanel\domains\new-ishop2\vendor\wfm\Router.php | Строка: 62
==========
[2026-03-29 05:06:24] Текст ошибки: Страница не найдена | Файл: C:\OSPanel\domains\new-ishop2\vendor\wfm\Router.php | Строка: 63
==========
[2026-03-29 05:06:24] Текст ошибки: Страница не найдена | Файл: C:\OSPanel\domains\new-ishop2\vendor\wfm\Router.php | Строка: 63
==========
[2026-03-29 05:06:24] Текст ошибки: Страница не найдена | Файл: C:\OSPanel\domains\new-ishop2\vendor\wfm\Router.php | Строка: 63
==========
[2026-03-29 05:06:24] Текст ошибки: Страница не найдена | Файл: C:\OSPanel\domains\new-ishop2\vendor\wfm\Router.php | Строка: 63
==========
[2026-03-29 05:06:24] Текст ошибки: Страница не найдена | Файл: C:\OSPanel\domains\new-ishop2\vendor\wfm\Router.php | Строка: 63
==========
[2026-03-29 05:06:24] Текст ошибки: Страница не найдена | Файл: C:\OSPanel\domains\new-ishop2\vendor\wfm\Router.php | Строка: 63
==========
[2026-03-29 05:06:24] Текст ошибки: Страница не найдена | Файл: C:\OSPanel\domains\new-ishop2\vendor\wfm\Router.php | Строка: 63
==========
[2026-03-29 05:06:24] Текст ошибки: Страница не найдена | Файл: C:\OSPanel\domains\new-ishop2\vendor\wfm\Router.php | Строка: 63
==========
[2026-03-29 05:06:24] Текст ошибки: Страница не найдена | Файл: C:\OSPanel\domains\new-ishop2\vendor\wfm\Router.php | Строка: 63
==========
[2026-03-29 05:06:24] Текст ошибки: Страница не найдена | Файл: C:\OSPanel\domains\new-ishop2\vendor\wfm\Router.php | Строка: 63
==========
[2026-03-29 05:29:03] Текст ошибки: Страница не найдена | Файл: C:\OSPanel\domains\new-ishop2\vendor\wfm\Router.php | Строка: 63
==========
[2026-03-29 05:29:03] Текст ошибки: Страница не найдена | Файл: C:\OSPanel\domains\new-ishop2\vendor\wfm\Router.php | Строка: 63
==========
[2026-03-29 05:29:03] Текст ошибки: Страница не найдена | Файл: C:\OSPanel\domains\new-ishop2\vendor\wfm\Router.php | Строка: 63
==========
[2026-03-29 05:29:03] Текст ошибки: Страница не найдена | Файл: C:\OSPanel\domains\new-ishop2\vendor\wfm\Router.php | Строка: 63
==========
[2026-03-29 05:29:03] Текст ошибки: Страница не найдена | Файл: C:\OSPanel\domains\new-ishop2\vendor\wfm\Router.php | Строка: 63
==========
[2026-03-29 05:29:03] Текст ошибки: Страница не найдена | Файл: C:\OSPanel\domains\new-ishop2\vendor\wfm\Router.php | Строка: 63
==========
[2026-03-29 05:29:03] Текст ошибки: Страница не найдена | Файл: C:\OSPanel\domains\new-ishop2\vendor\wfm\Router.php | Строка: 63
==========
[2026-03-29 05:29:03] Текст ошибки: Страница не найдена | Файл: C:\OSPanel\domains\new-ishop2\vendor\wfm\Router.php | Строка: 63
==========
[2026-03-29 05:29:03] Текст ошибки: Страница не найдена | Файл: C:\OSPanel\domains\new-ishop2\vendor\wfm\Router.php | Строка: 63
==========
[2026-03-29 05:29:03] Текст ошибки: Страница не найдена | Файл: C:\OSPanel\domains\new-ishop2\vendor\wfm\Router.php | Строка: 63
==========
[2026-03-29 05:30:09] Текст ошибки: Страница не найдена | Файл: C:\OSPanel\domains\new-ishop2\vendor\wfm\Router.php | Строка: 63
==========
[2026-03-29 05:30:42] Текст ошибки: Страница не найдена | Файл: C:\OSPanel\domains\new-ishop2\vendor\wfm\Router.php | Строка: 63
==========
[2026-03-29 05:31:21] Текст ошибки: Undefined array key "languse" | Файл: C:\OSPanel\domains\new-ishop2\vendor\wfm\Router.php | Строка: 42
==========
[2026-03-29 05:31:22] Текст ошибки: Undefined array key "languse" | Файл: C:\OSPanel\domains\new-ishop2\vendor\wfm\Router.php | Строка: 42
==========
[2026-03-29 05:33:19] Текст ошибки: Страница не найдена | Файл: C:\OSPanel\domains\new-ishop2\vendor\wfm\Router.php | Строка: 63
==========
[2026-03-29 06:02:39] Текст ошибки: Страница не найдена | Файл: C:\OSPanel\domains\new-ishop2\vendor\wfm\Router.php | Строка: 62
==========
[2026-03-29 06:02:39] Текст ошибки: Страница не найдена | Файл: C:\OSPanel\domains\new-ishop2\vendor\wfm\Router.php | Строка: 62
==========
[2026-03-29 06:02:39] Текст ошибки: Страница не найдена | Файл: C:\OSPanel\domains\new-ishop2\vendor\wfm\Router.php | Строка: 62
==========
[2026-03-29 06:02:39] Текст ошибки: Страница не найдена | Файл: C:\OSPanel\domains\new-ishop2\vendor\wfm\Router.php | Строка: 62
==========
[2026-03-29 06:02:39] Текст ошибки: Страница не найдена | Файл: C:\OSPanel\domains\new-ishop2\vendor\wfm\Router.php | Строка: 62
==========
[2026-03-29 06:02:39] Текст ошибки: Страница не найдена | Файл: C:\OSPanel\domains\new-ishop2\vendor\wfm\Router.php | Строка: 62
==========
[2026-03-29 06:02:39] Текст ошибки: Страница не найдена | Файл: C:\OSPanel\domains\new-ishop2\vendor\wfm\Router.php | Строка: 62
==========
[2026-03-29 06:02:39] Текст ошибки: Страница не найдена | Файл: C:\OSPanel\domains\new-ishop2\vendor\wfm\Router.php | Строка: 62
==========
[2026-03-29 06:02:39] Текст ошибки: Страница не найдена | Файл: C:\OSPanel\domains\new-ishop2\vendor\wfm\Router.php | Строка: 62
==========
[2026-03-29 06:02:39] Текст ошибки: Страница не найдена | Файл: C:\OSPanel\domains\new-ishop2\vendor\wfm\Router.php | Строка: 62
==========
[2026-03-29 06:02:42] Текст ошибки: Страница не найдена | Файл: C:\OSPanel\domains\new-ishop2\vendor\wfm\Router.php | Строка: 62
==========
[2026-03-29 06:02:42] Текст ошибки: Страница не найдена | Файл: C:\OSPanel\domains\new-ishop2\vendor\wfm\Router.php | Строка: 62
==========
[2026-03-29 06:02:42] Текст ошибки: Страница не найдена | Файл: C:\OSPanel\domains\new-ishop2\vendor\wfm\Router.php | Строка: 62
==========
[2026-03-29 06:02:42] Текст ошибки: Страница не найдена | Файл: C:\OSPanel\domains\new-ishop2\vendor\wfm\Router.php | Строка: 62
==========
[2026-03-29 06:02:42] Текст ошибки: Страница не найдена | Файл: C:\OSPanel\domains\new-ishop2\vendor\wfm\Router.php | Строка: 62
==========
[2026-03-29 06:02:42] Текст ошибки: Страница не найдена | Файл: C:\OSPanel\domains\new-ishop2\vendor\wfm\Router.php | Строка: 62
==========
[2026-03-29 06:02:42] Текст ошибки: Страница не найдена | Файл: C:\OSPanel\domains\new-ishop2\vendor\wfm\Router.php | Строка: 62
==========
[2026-03-29 06:02:42] Текст ошибки: Страница не найдена | Файл: C:\OSPanel\domains\new-ishop2\vendor\wfm\Router.php | Строка: 62
==========
[2026-03-29 06:02:42] Текст ошибки: Страница не найдена | Файл: C:\OSPanel\domains\new-ishop2\vendor\wfm\Router.php | Строка: 62
==========
[2026-03-29 06:02:42] Текст ошибки: Страница не найдена | Файл: C:\OSPanel\domains\new-ishop2\vendor\wfm\Router.php | Строка: 62
==========
[2026-03-29 06:04:35] Текст ошибки: Страница не найдена | Файл: C:\OSPanel\domains\new-ishop2\vendor\wfm\Router.php | Строка: 62
==========
[2026-03-29 06:04:35] Текст ошибки: Страница не найдена | Файл: C:\OSPanel\domains\new-ishop2\vendor\wfm\Router.php | Строка: 62
==========
[2026-03-29 06:04:35] Текст ошибки: Страница не найдена | Файл: C:\OSPanel\domains\new-ishop2\vendor\wfm\Router.php | Строка: 62
==========
[2026-03-29 06:04:35] Текст ошибки: Страница не найдена | Файл: C:\OSPanel\domains\new-ishop2\vendor\wfm\Router.php | Строка: 62
==========
[2026-03-29 06:04:35] Текст ошибки: Страница не найдена | Файл: C:\OSPanel\domains\new-ishop2\vendor\wfm\Router.php | Строка: 62
==========
[2026-03-29 06:04:35] Текст ошибки: Страница не найдена | Файл: C:\OSPanel\domains\new-ishop2\vendor\wfm\Router.php | Строка: 62
==========
[2026-03-29 06:04:35] Текст ошибки: Страница не найдена | Файл: C:\OSPanel\domains\new-ishop2\vendor\wfm\Router.php | Строка: 62
==========
[2026-03-29 07:01:43] Текст ошибки: Страница не найдена | Файл: C:\OSPanel\domains\new-ishop2\vendor\wfm\Router.php | Строка: 62
==========
[2026-03-29 07:01:43] Текст ошибки: Страница не найдена | Файл: C:\OSPanel\domains\new-ishop2\vendor\wfm\Router.php | Строка: 62
==========
[2026-03-29 07:01:43] Текст ошибки: Страница не найдена | Файл: C:\OSPanel\domains\new-ishop2\vendor\wfm\Router.php | Строка: 62
==========
[2026-03-29 07:01:43] Текст ошибки: Страница не найдена | Файл: C:\OSPanel\domains\new-ishop2\vendor\wfm\Router.php | Строка: 62
==========
[2026-03-29 07:01:43] Текст ошибки: Страница не найдена | Файл: C:\OSPanel\domains\new-ishop2\vendor\wfm\Router.php | Строка: 62
==========
[2026-03-29 07:01:43] Текст ошибки: Страница не найдена | Файл: C:\OSPanel\domains\new-ishop2\vendor\wfm\Router.php | Строка: 62
==========
[2026-03-29 07:01:43] Текст ошибки: Страница не найдена | Файл: C:\OSPanel\domains\new-ishop2\vendor\wfm\Router.php | Строка: 62
==========
[2026-03-29 07:01:43] Текст ошибки: Страница не найдена | Файл: C:\OSPanel\domains\new-ishop2\vendor\wfm\Router.php | Строка: 62
==========
[2026-03-29 07:01:43] Текст ошибки: Страница не найдена | Файл: C:\OSPanel\domains\new-ishop2\vendor\wfm\Router.php | Строка: 62
==========
[2026-03-29 07:02:08] Текст ошибки: Not found language fr | Файл: C:\OSPanel\domains\new-ishop2\app\widgets\language\Language.php | Строка: 35
==========
[2026-03-29 07:02:24] Текст ошибки: Страница не найдена | Файл: C:\OSPanel\domains\new-ishop2\vendor\wfm\Router.php | Строка: 62
==========
[2026-03-29 07:02:24] Текст ошибки: Страница не найдена | Файл: C:\OSPanel\domains\new-ishop2\vendor\wfm\Router.php | Строка: 62
==========
[2026-03-29 07:02:24] Текст ошибки: Страница не найдена | Файл: C:\OSPanel\domains\new-ishop2\vendor\wfm\Router.php | Строка: 62
==========
[2026-03-29 07:02:24] Текст ошибки: Страница не найдена | Файл: C:\OSPanel\domains\new-ishop2\vendor\wfm\Router.php | Строка: 62
==========
[2026-03-29 07:02:24] Текст ошибки: Страница не найдена | Файл: C:\OSPanel\domains\new-ishop2\vendor\wfm\Router.php | Строка: 62
==========
[2026-03-29 07:02:24] Текст ошибки: Страница не найдена | Файл: C:\OSPanel\domains\new-ishop2\vendor\wfm\Router.php | Строка: 62
==========
[2026-03-29 07:02:24] Текст ошибки: Страница не найдена | Файл: C:\OSPanel\domains\new-ishop2\vendor\wfm\Router.php | Строка: 62
==========
[2026-03-29 07:02:24] Текст ошибки: Страница не найдена | Файл: C:\OSPanel\domains\new-ishop2\vendor\wfm\Router.php | Строка: 62
==========
[2026-03-29 07:02:24] Текст ошибки: Страница не найдена | Файл: C:\OSPanel\domains\new-ishop2\vendor\wfm\Router.php | Строка: 62
==========
[2026-03-29 07:03:03] Текст ошибки: Not found language fr | Файл: C:\OSPanel\domains\new-ishop2\app\widgets\language\Language.php | Строка: 35
==========
[2026-03-29 07:03:56] Текст ошибки: Страница не найдена | Файл: C:\OSPanel\domains\new-ishop2\vendor\wfm\Router.php | Строка: 62
==========
[2026-03-29 07:03:56] Текст ошибки: Страница не найдена | Файл: C:\OSPanel\domains\new-ishop2\vendor\wfm\Router.php | Строка: 62
==========
[2026-03-29 07:03:56] Текст ошибки: Страница не найдена | Файл: C:\OSPanel\domains\new-ishop2\vendor\wfm\Router.php | Строка: 62
==========
[2026-03-29 07:03:56] Текст ошибки: Страница не найдена | Файл: C:\OSPanel\domains\new-ishop2\vendor\wfm\Router.php | Строка: 62
==========
[2026-03-29 07:03:56] Текст ошибки: Страница не найдена | Файл: C:\OSPanel\domains\new-ishop2\vendor\wfm\Router.php | Строка: 62
==========
[2026-03-29 07:03:56] Текст ошибки: Страница не найдена | Файл: C:\OSPanel\domains\new-ishop2\vendor\wfm\Router.php | Строка: 62
==========
[2026-03-29 07:03:56] Текст ошибки: Страница не найдена | Файл: C:\OSPanel\domains\new-ishop2\vendor\wfm\Router.php | Строка: 62
==========
[2026-03-29 07:03:56] Текст ошибки: Страница не найдена | Файл: C:\OSPanel\domains\new-ishop2\vendor\wfm\Router.php | Строка: 62
==========
[2026-03-29 07:03:56] Текст ошибки: Страница не найдена | Файл: C:\OSPanel\domains\new-ishop2\vendor\wfm\Router.php | Строка: 62
==========
[2026-03-29 07:03:56] Текст ошибки: Страница не найдена | Файл: C:\OSPanel\domains\new-ishop2\vendor\wfm\Router.php | Строка: 62
==========
[2026-03-29 07:04:02] Текст ошибки: Not found language fr | Файл: C:\OSPanel\domains\new-ishop2\app\widgets\language\Language.php | Строка: 36
==========
[2026-03-29 07:06:24] Текст ошибки: Страница не найдена | Файл: C:\OSPanel\domains\new-ishop2\vendor\wfm\Router.php | Строка: 62
==========
[2026-03-29 07:06:24] Текст ошибки: Страница не найдена | Файл: C:\OSPanel\domains\new-ishop2\vendor\wfm\Router.php | Строка: 62
==========
[2026-03-29 07:06:24] Текст ошибки: Страница не найдена | Файл: C:\OSPanel\domains\new-ishop2\vendor\wfm\Router.php | Строка: 62
==========
[2026-03-29 07:06:24] Текст ошибки: Страница не найдена | Файл: C:\OSPanel\domains\new-ishop2\vendor\wfm\Router.php | Строка: 62
==========
[2026-03-29 07:06:24] Текст ошибки: Страница не найдена | Файл: C:\OSPanel\domains\new-ishop2\vendor\wfm\Router.php | Строка: 62
==========
[2026-03-29 07:06:24] Текст ошибки: Страница не найдена | Файл: C:\OSPanel\domains\new-ishop2\vendor\wfm\Router.php | Строка: 62
==========
[2026-03-29 07:06:24] Текст ошибки: Страница не найдена | Файл: C:\OSPanel\domains\new-ishop2\vendor\wfm\Router.php | Строка: 62
==========
[2026-03-29 07:06:24] Текст ошибки: Страница не найдена | Файл: C:\OSPanel\domains\new-ishop2\vendor\wfm\Router.php | Строка: 62
==========
[2026-03-29 07:06:24] Текст ошибки: Страница не найдена | Файл: C:\OSPanel\domains\new-ishop2\vendor\wfm\Router.php | Строка: 62
==========
[2026-03-29 07:10:41] Текст ошибки: Страница не найдена | Файл: C:\OSPanel\domains\new-ishop2\vendor\wfm\Router.php | Строка: 62
==========
[2026-03-29 07:10:41] Текст ошибки: Страница не найдена | Файл: C:\OSPanel\domains\new-ishop2\vendor\wfm\Router.php | Строка: 62
==========
[2026-03-29 07:10:41] Текст ошибки: Страница не найдена | Файл: C:\OSPanel\domains\new-ishop2\vendor\wfm\Router.php | Строка: 62
==========
[2026-03-29 07:10:41] Текст ошибки: Страница не найдена | Файл: C:\OSPanel\domains\new-ishop2\vendor\wfm\Router.php | Строка: 62
==========
[2026-03-29 07:10:41] Текст ошибки: Страница не найдена | Файл: C:\OSPanel\domains\new-ishop2\vendor\wfm\Router.php | Строка: 62
==========
[2026-03-29 07:10:41] Текст ошибки: Страница не найдена | Файл: C:\OSPanel\domains\new-ishop2\vendor\wfm\Router.php | Строка: 62
==========
[2026-03-29 07:10:41] Текст ошибки: Страница не найдена | Файл: C:\OSPanel\domains\new-ishop2\vendor\wfm\Router.php | Строка: 62
==========
[2026-03-29 07:10:41] Текст ошибки: Страница не найдена | Файл: C:\OSPanel\domains\new-ishop2\vendor\wfm\Router.php | Строка: 62
==========
[2026-03-29 07:10:41] Текст ошибки: Страница не найдена | Файл: C:\OSPanel\domains\new-ishop2\vendor\wfm\Router.php | Строка: 62
==========
[2026-03-29 07:10:41] Текст ошибки: Страница не найдена | Файл: C:\OSPanel\domains\new-ishop2\vendor\wfm\Router.php | Строка: 62
==========
[2026-03-29 07:11:23] Текст ошибки: Страница не найдена | Файл: C:\OSPanel\domains\new-ishop2\vendor\wfm\Router.php | Строка: 62
==========
[2026-03-29 07:11:23] Текст ошибки: Страница не найдена | Файл: C:\OSPanel\domains\new-ishop2\vendor\wfm\Router.php | Строка: 62
==========
[2026-03-29 07:11:23] Текст ошибки: Страница не найдена | Файл: C:\OSPanel\domains\new-ishop2\vendor\wfm\Router.php | Строка: 62
==========
[2026-03-29 07:11:23] Текст ошибки: Страница не найдена | Файл: C:\OSPanel\domains\new-ishop2\vendor\wfm\Router.php | Строка: 62
==========
[2026-03-29 07:11:23] Текст ошибки: Страница не найдена | Файл: C:\OSPanel\domains\new-ishop2\vendor\wfm\Router.php | Строка: 62
==========
[2026-03-29 07:11:23] Текст ошибки: Страница не найдена | Файл: C:\OSPanel\domains\new-ishop2\vendor\wfm\Router.php | Строка: 62
==========
[2026-03-29 07:11:23] Текст ошибки: Страница не найдена | Файл: C:\OSPanel\domains\new-ishop2\vendor\wfm\Router.php | Строка: 62
==========
[2026-03-29 07:11:23] Текст ошибки: Страница не найдена | Файл: C:\OSPanel\domains\new-ishop2\vendor\wfm\Router.php | Строка: 62
==========
[2026-03-29 07:11:23] Текст ошибки: Страница не найдена | Файл: C:\OSPanel\domains\new-ishop2\vendor\wfm\Router.php | Строка: 62
==========
[2026-03-29 07:11:23] Текст ошибки: Страница не найдена | Файл: C:\OSPanel\domains\new-ishop2\vendor\wfm\Router.php | Строка: 62
==========
[2026-03-29 07:11:48] Текст ошибки: Страница не найдена | Файл: C:\OSPanel\domains\new-ishop2\vendor\wfm\Router.php | Строка: 62
==========
[2026-03-29 07:11:48] Текст ошибки: Страница не найдена | Файл: C:\OSPanel\domains\new-ishop2\vendor\wfm\Router.php | Строка: 62
==========
[2026-03-29 07:11:48] Текст ошибки: Страница не найдена | Файл: C:\OSPanel\domains\new-ishop2\vendor\wfm\Router.php | Строка: 62
==========
[2026-03-29 07:11:48] Текст ошибки: Страница не найдена | Файл: C:\OSPanel\domains\new-ishop2\vendor\wfm\Router.php | Строка: 62
==========
[2026-03-29 07:11:48] Текст ошибки: Страница не найдена | Файл: C:\OSPanel\domains\new-ishop2\vendor\wfm\Router.php | Строка: 62
==========
[2026-03-29 07:11:48] Текст ошибки: Страница не найдена | Файл: C:\OSPanel\domains\new-ishop2\vendor\wfm\Router.php | Строка: 62
==========
[2026-03-29 07:11:48] Текст ошибки: Страница не найдена | Файл: C:\OSPanel\domains\new-ishop2\vendor\wfm\Router.php | Строка: 62
==========
[2026-03-29 07:11:48] Текст ошибки: Страница не найдена | Файл: C:\OSPanel\domains\new-ishop2\vendor\wfm\Router.php | Строка: 62
==========
[2026-03-29 07:16:50] Текст ошибки: Страница не найдена | Файл: C:\OSPanel\domains\new-ishop2\vendor\wfm\Router.php | Строка: 62
==========
[2026-03-29 07:16:50] Текст ошибки: Страница не найдена | Файл: C:\OSPanel\domains\new-ishop2\vendor\wfm\Router.php | Строка: 62
==========
[2026-03-29 07:16:50] Текст ошибки: Страница не найдена | Файл: C:\OSPanel\domains\new-ishop2\vendor\wfm\Router.php | Строка: 62
==========
[2026-03-29 07:16:50] Текст ошибки: Страница не найдена | Файл: C:\OSPanel\domains\new-ishop2\vendor\wfm\Router.php | Строка: 62
==========
[2026-03-29 07:16:50] Текст ошибки: Страница не найдена | Файл: C:\OSPanel\domains\new-ishop2\vendor\wfm\Router.php | Строка: 62
==========
[2026-03-29 07:16:50] Текст ошибки: Страница не найдена | Файл: C:\OSPanel\domains\new-ishop2\vendor\wfm\Router.php | Строка: 62
==========
[2026-03-29 07:16:50] Текст ошибки: Страница не найдена | Файл: C:\OSPanel\domains\new-ishop2\vendor\wfm\Router.php | Строка: 62
==========
[2026-03-29 07:16:50] Текст ошибки: Страница не найдена | Файл: C:\OSPanel\domains\new-ishop2\vendor\wfm\Router.php | Строка: 62
==========
[2026-03-29 07:16:50] Текст ошибки: Страница не найдена | Файл: C:\OSPanel\domains\new-ishop2\vendor\wfm\Router.php | Строка: 62
==========
[2026-03-29 07:16:50] Текст ошибки: Страница не найдена | Файл: C:\OSPanel\domains\new-ishop2\vendor\wfm\Router.php | Строка: 62
==========
[2026-03-29 07:17:45] Текст ошибки: Страница не найдена | Файл: C:\OSPanel\domains\new-ishop2\vendor\wfm\Router.php | Строка: 62
==========
[2026-03-29 07:17:45] Текст ошибки: Страница не найдена | Файл: C:\OSPanel\domains\new-ishop2\vendor\wfm\Router.php | Строка: 62
==========
[2026-03-29 07:17:45] Текст ошибки: Страница не найдена | Файл: C:\OSPanel\domains\new-ishop2\vendor\wfm\Router.php | Строка: 62
==========
[2026-03-29 07:17:45] Текст ошибки: Страница не найдена | Файл: C:\OSPanel\domains\new-ishop2\vendor\wfm\Router.php | Строка: 62
==========
[2026-03-29 07:17:45] Текст ошибки: Страница не найдена | Файл: C:\OSPanel\domains\new-ishop2\vendor\wfm\Router.php | Строка: 62
==========
[2026-03-29 07:17:45] Текст ошибки: Страница не найдена | Файл: C:\OSPanel\domains\new-ishop2\vendor\wfm\Router.php | Строка: 62
==========
[2026-03-29 07:17:45] Текст ошибки: Страница не найдена | Файл: C:\OSPanel\domains\new-ishop2\vendor\wfm\Router.php | Строка: 62
==========
[2026-03-29 07:17:45] Текст ошибки: Страница не найдена | Файл: C:\OSPanel\domains\new-ishop2\vendor\wfm\Router.php | Строка: 62
==========
[2026-03-29 07:17:54] Текст ошибки: Страница не найдена | Файл: C:\OSPanel\domains\new-ishop2\vendor\wfm\Router.php | Строка: 62
==========
[2026-03-29 07:17:54] Текст ошибки: Страница не найдена | Файл: C:\OSPanel\domains\new-ishop2\vendor\wfm\Router.php | Строка: 62
==========
[2026-03-29 07:17:54] Текст ошибки: Страница не найдена | Файл: C:\OSPanel\domains\new-ishop2\vendor\wfm\Router.php | Строка: 62
==========
[2026-03-29 07:17:54] Текст ошибки: Страница не найдена | Файл: C:\OSPanel\domains\new-ishop2\vendor\wfm\Router.php | Строка: 62
==========
[2026-03-29 07:17:54] Текст ошибки: Страница не найдена | Файл: C:\OSPanel\domains\new-ishop2\vendor\wfm\Router.php | Строка: 62
==========
[2026-03-29 07:17:54] Текст ошибки: Страница не найдена | Файл: C:\OSPanel\domains\new-ishop2\vendor\wfm\Router.php | Строка: 62
==========
[2026-03-29 07:17:54] Текст ошибки: Страница не найдена | Файл: C:\OSPanel\domains\new-ishop2\vendor\wfm\Router.php | Строка: 62
==========
[2026-03-29 07:17:54] Текст ошибки: Страница не найдена | Файл: C:\OSPanel\domains\new-ishop2\vendor\wfm\Router.php | Строка: 62
==========
[2026-03-29 07:17:54] Текст ошибки: Страница не найдена | Файл: C:\OSPanel\domains\new-ishop2\vendor\wfm\Router.php | Строка: 62
==========
[2026-03-29 07:17:54] Текст ошибки: Страница не найдена | Файл: C:\OSPanel\domains\new-ishop2\vendor\wfm\Router.php | Строка: 62
==========
[2026-03-29 07:29:33] Текст ошибки: Страница не найдена | Файл: C:\OSPanel\domains\new-ishop2\vendor\wfm\Router.php | Строка: 62
==========
[2026-03-29 07:29:33] Текст ошибки: Страница не найдена | Файл: C:\OSPanel\domains\new-ishop2\vendor\wfm\Router.php | Строка: 62
==========
[2026-03-29 07:29:33] Текст ошибки: Страница не найдена | Файл: C:\OSPanel\domains\new-ishop2\vendor\wfm\Router.php | Строка: 62
==========
[2026-03-29 07:29:33] Текст ошибки: Страница не найдена | Файл: C:\OSPanel\domains\new-ishop2\vendor\wfm\Router.php | Строка: 62
==========
[2026-03-29 07:29:33] Текст ошибки: Страница не найдена | Файл: C:\OSPanel\domains\new-ishop2\vendor\wfm\Router.php | Строка: 62
==========
[2026-03-29 07:29:33] Текст ошибки: Страница не найдена | Файл: C:\OSPanel\domains\new-ishop2\vendor\wfm\Router.php | Строка: 62
==========
[2026-03-29 07:29:33] Текст ошибки: Страница не найдена | Файл: C:\OSPanel\domains\new-ishop2\vendor\wfm\Router.php | Строка: 62
==========
[2026-03-29 07:29:33] Текст ошибки: Страница не найдена | Файл: C:\OSPanel\domains\new-ishop2\vendor\wfm\Router.php | Строка: 62
==========
[2026-03-29 07:29:33] Текст ошибки: Страница не найдена | Файл: C:\OSPanel\domains\new-ishop2\vendor\wfm\Router.php | Строка: 62
==========
[2026-03-29 07:29:33] Текст ошибки: Страница не найдена | Файл: C:\OSPanel\domains\new-ishop2\vendor\wfm\Router.php | Строка: 62
==========
[2026-03-29 07:31:49] Текст ошибки: Страница не найдена | Файл: C:\OSPanel\domains\new-ishop2\vendor\wfm\Router.php | Строка: 62
==========
[2026-03-29 07:31:49] Текст ошибки: Страница не найдена | Файл: C:\OSPanel\domains\new-ishop2\vendor\wfm\Router.php | Строка: 62
==========
[2026-03-29 07:31:49] Текст ошибки: Страница не найдена | Файл: C:\OSPanel\domains\new-ishop2\vendor\wfm\Router.php | Строка: 62
==========
[2026-03-29 07:31:49] Текст ошибки: Страница не найдена | Файл: C:\OSPanel\domains\new-ishop2\vendor\wfm\Router.php | Строка: 62
==========
[2026-03-29 07:31:49] Текст ошибки: Страница не найдена | Файл: C:\OSPanel\domains\new-ishop2\vendor\wfm\Router.php | Строка: 62
==========
[2026-03-29 07:31:49] Текст ошибки: Страница не найдена | Файл: C:\OSPanel\domains\new-ishop2\vendor\wfm\Router.php | Строка: 62
==========
[2026-03-29 07:31:49] Текст ошибки: Страница не найдена | Файл: C:\OSPanel\domains\new-ishop2\vendor\wfm\Router.php | Строка: 62
==========
[2026-03-29 07:31:49] Текст ошибки: Страница не найдена | Файл: C:\OSPanel\domains\new-ishop2\vendor\wfm\Router.php | Строка: 62
==========
[2026-03-29 07:31:49] Текст ошибки: Страница не найдена | Файл: C:\OSPanel\domains\new-ishop2\vendor\wfm\Router.php | Строка: 62
==========
[2026-03-29 07:31:49] Текст ошибки: Страница не найдена | Файл: C:\OSPanel\domains\new-ishop2\vendor\wfm\Router.php | Строка: 62
==========
[2026-03-29 07:32:19] Текст ошибки: Cannot access offset of type string on string | Файл: C:\OSPanel\domains\new-ishop2\app\widgets\language\Language.php | Строка: 39
==========
[2026-03-29 07:33:29] Текст ошибки: Страница не найдена | Файл: C:\OSPanel\domains\new-ishop2\vendor\wfm\Router.php | Строка: 62
==========
[2026-03-29 07:33:29] Текст ошибки: Страница не найдена | Файл: C:\OSPanel\domains\new-ishop2\vendor\wfm\Router.php | Строка: 62
==========
[2026-03-29 07:33:29] Текст ошибки: Страница не найдена | Файл: C:\OSPanel\domains\new-ishop2\vendor\wfm\Router.php | Строка: 62
==========
[2026-03-29 07:33:29] Текст ошибки: Страница не найдена | Файл: C:\OSPanel\domains\new-ishop2\vendor\wfm\Router.php | Строка: 62
==========
[2026-03-29 07:33:29] Текст ошибки: Страница не найдена | Файл: C:\OSPanel\domains\new-ishop2\vendor\wfm\Router.php | Строка: 62
==========
[2026-03-29 07:33:29] Текст ошибки: Страница не найдена | Файл: C:\OSPanel\domains\new-ishop2\vendor\wfm\Router.php | Строка: 62
==========
[2026-03-29 07:33:29] Текст ошибки: Страница не найдена | Файл: C:\OSPanel\domains\new-ishop2\vendor\wfm\Router.php | Строка: 62
==========
[2026-03-29 07:33:29] Текст ошибки: Страница не найдена | Файл: C:\OSPanel\domains\new-ishop2\vendor\wfm\Router.php | Строка: 62
==========
[2026-03-29 07:33:29] Текст ошибки: Страница не найдена | Файл: C:\OSPanel\domains\new-ishop2\vendor\wfm\Router.php | Строка: 62
==========
[2026-03-31 04:04:54] Текст ошибки: Страница не найдена | Файл: C:\OSPanel\domains\new-ishop2\vendor\wfm\Router.php | Строка: 62
==========
[2026-03-31 04:04:54] Текст ошибки: Страница не найдена | Файл: C:\OSPanel\domains\new-ishop2\vendor\wfm\Router.php | Строка: 62
==========
[2026-03-31 04:04:54] Текст ошибки: Страница не найдена | Файл: C:\OSPanel\domains\new-ishop2\vendor\wfm\Router.php | Строка: 62
==========
[2026-03-31 04:04:54] Текст ошибки: Страница не найдена | Файл: C:\OSPanel\domains\new-ishop2\vendor\wfm\Router.php | Строка: 62
==========
[2026-03-31 04:04:55] Текст ошибки: Страница не найдена | Файл: C:\OSPanel\domains\new-ishop2\vendor\wfm\Router.php | Строка: 62
==========
[2026-03-31 04:14:35] Текст ошибки: Страница не найдена | Файл: C:\OSPanel\domains\new-ishop2\vendor\wfm\Router.php | Строка: 62
==========
[2026-03-31 04:14:35] Текст ошибки: Страница не найдена | Файл: C:\OSPanel\domains\new-ishop2\vendor\wfm\Router.php | Строка: 62
==========
[2026-03-31 04:14:35] Текст ошибки: Страница не найдена | Файл: C:\OSPanel\domains\new-ishop2\vendor\wfm\Router.php | Строка: 62
==========
[2026-03-31 04:14:35] Текст ошибки: Страница не найдена | Файл: C:\OSPanel\domains\new-ishop2\vendor\wfm\Router.php | Строка: 62
==========
[2026-03-31 04:14:35] Текст ошибки: Страница не найдена | Файл: C:\OSPanel\domains\new-ishop2\vendor\wfm\Router.php | Строка: 62
==========
[2026-03-31 04:15:10] Текст ошибки: Страница не найдена | Файл: C:\OSPanel\domains\new-ishop2\vendor\wfm\Router.php | Строка: 62
==========
[2026-03-31 04:15:10] Текст ошибки: Страница не найдена | Файл: C:\OSPanel\domains\new-ishop2\vendor\wfm\Router.php | Строка: 62
==========
[2026-03-31 04:15:10] Текст ошибки: Страница не найдена | Файл: C:\OSPanel\domains\new-ishop2\vendor\wfm\Router.php | Строка: 62
==========
[2026-03-31 04:15:10] Текст ошибки: Страница не найдена | Файл: C:\OSPanel\domains\new-ishop2\vendor\wfm\Router.php | Строка: 62
==========
[2026-03-31 04:16:09] Текст ошибки: Страница не найдена | Файл: C:\OSPanel\domains\new-ishop2\vendor\wfm\Router.php | Строка: 62
==========
[2026-03-31 04:16:13] Текст ошибки: Страница не найдена | Файл: C:\OSPanel\domains\new-ishop2\vendor\wfm\Router.php | Строка: 62
==========
[2026-03-31 04:16:13] Текст ошибки: Страница не найдена | Файл: C:\OSPanel\domains\new-ishop2\vendor\wfm\Router.php | Строка: 62
==========
[2026-03-31 04:16:13] Текст ошибки: Страница не найдена | Файл: C:\OSPanel\domains\new-ishop2\vendor\wfm\Router.php | Строка: 62
==========
[2026-03-31 04:16:13] Текст ошибки: Страница не найдена | Файл: C:\OSPanel\domains\new-ishop2\vendor\wfm\Router.php | Строка: 62
==========
[2026-03-31 04:16:13] Текст ошибки: Страница не найдена | Файл: C:\OSPanel\domains\new-ishop2\vendor\wfm\Router.php | Строка: 62
==========
[2026-03-31 04:16:13] Текст ошибки: Страница не найдена | Файл: C:\OSPanel\domains\new-ishop2\vendor\wfm\Router.php | Строка: 62
==========
[2026-03-31 04:16:13] Текст ошибки: Страница не найдена | Файл: C:\OSPanel\domains\new-ishop2\vendor\wfm\Router.php | Строка: 62
==========
[2026-03-31 04:16:13] Текст ошибки: Страница не найдена | Файл: C:\OSPanel\domains\new-ishop2\vendor\wfm\Router.php | Строка: 62
==========
[2026-03-31 04:16:13] Текст ошибки: Страница не найдена | Файл: C:\OSPanel\domains\new-ishop2\vendor\wfm\Router.php | Строка: 62
==========
[2026-03-31 04:16:13] Текст ошибки: Страница не найдена | Файл: C:\OSPanel\domains\new-ishop2\vendor\wfm\Router.php | Строка: 62
==========
[2026-03-31 04:16:52] Текст ошибки: Страница не найдена | Файл: C:\OSPanel\domains\new-ishop2\vendor\wfm\Router.php | Строка: 62
==========
[2026-03-31 04:16:52] Текст ошибки: Страница не найдена | Файл: C:\OSPanel\domains\new-ishop2\vendor\wfm\Router.php | Строка: 62
==========
[2026-03-31 04:16:52] Текст ошибки: Страница не найдена | Файл: C:\OSPanel\domains\new-ishop2\vendor\wfm\Router.php | Строка: 62
==========
[2026-03-31 04:16:52] Текст ошибки: Страница не найдена | Файл: C:\OSPanel\domains\new-ishop2\vendor\wfm\Router.php | Строка: 62
==========
[2026-03-31 04:16:52] Текст ошибки: Страница не найдена | Файл: C:\OSPanel\domains\new-ishop2\vendor\wfm\Router.php | Строка: 62
==========
[2026-03-31 04:16:53] Текст ошибки: Страница не найдена | Файл: C:\OSPanel\domains\new-ishop2\vendor\wfm\Router.php | Строка: 62
==========
[2026-03-31 04:16:53] Текст ошибки: Страница не найдена | Файл: C:\OSPanel\domains\new-ishop2\vendor\wfm\Router.php | Строка: 62
==========
[2026-03-31 04:16:53] Текст ошибки: Страница не найдена | Файл: C:\OSPanel\domains\new-ishop2\vendor\wfm\Router.php | Строка: 62
==========
[2026-03-31 04:34:04] Текст ошибки: Страница не найдена | Файл: C:\OSPanel\domains\new-ishop2\vendor\wfm\Router.php | Строка: 62
==========
[2026-03-31 04:34:04] Текст ошибки: Страница не найдена | Файл: C:\OSPanel\domains\new-ishop2\vendor\wfm\Router.php | Строка: 62
==========
[2026-03-31 04:34:04] Текст ошибки: Страница не найдена | Файл: C:\OSPanel\domains\new-ishop2\vendor\wfm\Router.php | Строка: 62
==========
[2026-03-31 04:34:04] Текст ошибки: Страница не найдена | Файл: C:\OSPanel\domains\new-ishop2\vendor\wfm\Router.php | Строка: 62
==========
[2026-03-31 04:34:04] Текст ошибки: Страница не найдена | Файл: C:\OSPanel\domains\new-ishop2\vendor\wfm\Router.php | Строка: 62
==========
[2026-03-31 04:34:04] Текст ошибки: Страница не найдена | Файл: C:\OSPanel\domains\new-ishop2\vendor\wfm\Router.php | Строка: 62
==========
[2026-03-31 04:34:04] Текст ошибки: Страница не найдена | Файл: C:\OSPanel\domains\new-ishop2\vendor\wfm\Router.php | Строка: 62
==========
[2026-03-31 04:34:04] Текст ошибки: Страница не найдена | Файл: C:\OSPanel\domains\new-ishop2\vendor\wfm\Router.php | Строка: 62
==========
[2026-03-31 04:34:32] Текст ошибки: Страница не найдена | Файл: C:\OSPanel\domains\new-ishop2\vendor\wfm\Router.php | Строка: 62
==========
[2026-03-31 04:34:32] Текст ошибки: Страница не найдена | Файл: C:\OSPanel\domains\new-ishop2\vendor\wfm\Router.php | Строка: 62
==========
[2026-03-31 04:34:32] Текст ошибки: Страница не найдена | Файл: C:\OSPanel\domains\new-ishop2\vendor\wfm\Router.php | Строка: 62
==========
[2026-03-31 04:34:32] Текст ошибки: Страница не найдена | Файл: C:\OSPanel\domains\new-ishop2\vendor\wfm\Router.php | Строка: 62
==========
[2026-03-31 04:34:32] Текст ошибки: Страница не найдена | Файл: C:\OSPanel\domains\new-ishop2\vendor\wfm\Router.php | Строка: 62
==========
[2026-03-31 04:34:32] Текст ошибки: Страница не найдена | Файл: C:\OSPanel\domains\new-ishop2\vendor\wfm\Router.php | Строка: 62
==========
[2026-03-31 04:34:32] Текст ошибки: Страница не найдена | Файл: C:\OSPanel\domains\new-ishop2\vendor\wfm\Router.php | Строка: 62
==========
[2026-03-31 04:34:36] Текст ошибки: Страница не найдена | Файл: C:\OSPanel\domains\new-ishop2\vendor\wfm\Router.php | Строка: 62
==========
[2026-03-31 04:34:36] Текст ошибки: Страница не найдена | Файл: C:\OSPanel\domains\new-ishop2\vendor\wfm\Router.php | Строка: 62
==========
[2026-03-31 04:34:47] Текст ошибки: Страница не найдена | Файл: C:\OSPanel\domains\new-ishop2\vendor\wfm\Router.php | Строка: 62
==========
[2026-03-31 04:34:47] Текст ошибки: Страница не найдена | Файл: C:\OSPanel\domains\new-ishop2\vendor\wfm\Router.php | Строка: 62
==========
[2026-03-31 04:34:47] Текст ошибки: Страница не найдена | Файл: C:\OSPanel\domains\new-ishop2\vendor\wfm\Router.php | Строка: 62
==========
[2026-03-31 04:34:56] Текст ошибки: Страница не найдена | Файл: C:\OSPanel\domains\new-ishop2\vendor\wfm\Router.php | Строка: 62
==========
[2026-03-31 04:34:56] Текст ошибки: Страница не найдена | Файл: C:\OSPanel\domains\new-ishop2\vendor\wfm\Router.php | Строка: 62
==========
[2026-03-31 04:40:48] Текст ошибки: require_once(C:\OSPanel\domains\new-ishop2\app\widgets\languagelang_tpl.php): Failed to open stream: No such file or directory | Файл: C:\OSPanel\domains\new-ishop2\app\widgets\language\Language.php | Строка: 46
==========
[2026-03-31 04:41:57] Текст ошибки: Страница не найдена | Файл: C:\OSPanel\domains\new-ishop2\vendor\wfm\Router.php | Строка: 62
==========
[2026-03-31 04:41:57] Текст ошибки: Страница не найдена | Файл: C:\OSPanel\domains\new-ishop2\vendor\wfm\Router.php | Строка: 62
==========
[2026-03-31 04:41:57] Текст ошибки: Страница не найдена | Файл: C:\OSPanel\domains\new-ishop2\vendor\wfm\Router.php | Строка: 62
==========
[2026-03-31 04:47:17] Текст ошибки: Страница не найдена | Файл: C:\OSPanel\domains\new-ishop2\vendor\wfm\Router.php | Строка: 62
==========
[2026-03-31 04:47:17] Текст ошибки: Страница не найдена | Файл: C:\OSPanel\domains\new-ishop2\vendor\wfm\Router.php | Строка: 62
==========
[2026-03-31 04:47:17] Текст ошибки: Страница не найдена | Файл: C:\OSPanel\domains\new-ishop2\vendor\wfm\Router.php | Строка: 62
==========
[2026-03-31 04:47:17] Текст ошибки: Страница не найдена | Файл: C:\OSPanel\domains\new-ishop2\vendor\wfm\Router.php | Строка: 62
==========
[2026-03-31 04:47:17] Текст ошибки: Страница не найдена | Файл: C:\OSPanel\domains\new-ishop2\vendor\wfm\Router.php | Строка: 62
==========
[2026-03-31 04:53:12] Текст ошибки: Страница не найдена | Файл: C:\OSPanel\domains\new-ishop2\vendor\wfm\Router.php | Строка: 62
==========
[2026-03-31 04:53:12] Текст ошибки: Страница не найдена | Файл: C:\OSPanel\domains\new-ishop2\vendor\wfm\Router.php | Строка: 62
==========
[2026-03-31 04:53:12] Текст ошибки: Страница не найдена | Файл: C:\OSPanel\domains\new-ishop2\vendor\wfm\Router.php | Строка: 62
==========
[2026-03-31 04:53:12] Текст ошибки: Страница не найдена | Файл: C:\OSPanel\domains\new-ishop2\vendor\wfm\Router.php | Строка: 62
==========
[2026-03-31 05:27:46] Текст ошибки: Cannot access offset of type string on string | Файл: C:\OSPanel\domains\new-ishop2\app\widgets\language\lang_tpl.php | Строка: 6
==========
[2026-03-31 05:28:19] Текст ошибки: Cannot access offset of type string on string | Файл: C:\OSPanel\domains\new-ishop2\app\widgets\language\lang_tpl.php | Строка: 6
==========
[2026-03-31 05:29:57] Текст ошибки: Cannot access offset of type string on string | Файл: C:\OSPanel\domains\new-ishop2\app\widgets\language\lang_tpl.php | Строка: 3
==========
[2026-03-31 05:30:31] Текст ошибки: Cannot access offset of type string on string | Файл: C:\OSPanel\domains\new-ishop2\app\widgets\language\lang_tpl.php | Строка: 7
==========
[2026-03-31 05:30:45] Текст ошибки: Cannot access offset of type string on string | Файл: C:\OSPanel\domains\new-ishop2\app\widgets\language\lang_tpl.php | Строка: 3
==========
[2026-03-31 05:32:24] Текст ошибки: Cannot access offset of type string on string | Файл: C:\OSPanel\domains\new-ishop2\app\widgets\language\lang_tpl.php | Строка: 7
==========
[2026-03-31 05:32:57] Текст ошибки: Cannot access offset of type string on string | Файл: C:\OSPanel\domains\new-ishop2\app\widgets\language\lang_tpl.php | Строка: 11
==========
[2026-03-31 05:33:21] Текст ошибки: Cannot access offset of type string on string | Файл: C:\OSPanel\domains\new-ishop2\app\widgets\language\lang_tpl.php | Строка: 11
==========
[2026-03-31 05:33:30] Текст ошибки: Cannot access offset of type string on string | Файл: C:\OSPanel\domains\new-ishop2\app\widgets\language\lang_tpl.php | Строка: 11
==========
[2026-03-31 05:34:20] Текст ошибки: Cannot access offset of type string on string | Файл: C:\OSPanel\domains\new-ishop2\app\widgets\language\lang_tpl.php | Строка: 6
==========
[2026-03-31 05:35:30] Текст ошибки: Cannot access offset of type string on string | Файл: C:\OSPanel\domains\new-ishop2\app\widgets\language\lang_tpl.php | Строка: 4
==========
[2026-03-31 05:35:32] Текст ошибки: Cannot access offset of type string on string | Файл: C:\OSPanel\domains\new-ishop2\app\widgets\language\lang_tpl.php | Строка: 4
==========
[2026-03-31 05:35:32] Текст ошибки: Cannot access offset of type string on string | Файл: C:\OSPanel\domains\new-ishop2\app\widgets\language\lang_tpl.php | Строка: 4
==========
[2026-03-31 05:35:48] Текст ошибки: Cannot access offset of type string on string | Файл: C:\OSPanel\domains\new-ishop2\app\widgets\language\lang_tpl.php | Строка: 4
==========
[2026-03-31 05:35:48] Текст ошибки: Cannot access offset of type string on string | Файл: C:\OSPanel\domains\new-ishop2\app\widgets\language\lang_tpl.php | Строка: 4
==========
[2026-03-31 05:35:50] Текст ошибки: Cannot access offset of type string on string | Файл: C:\OSPanel\domains\new-ishop2\app\widgets\language\lang_tpl.php | Строка: 4
==========
[2026-03-31 05:36:29] Текст ошибки: Cannot access offset of type string on string | Файл: C:\OSPanel\domains\new-ishop2\app\widgets\language\lang_tpl.php | Строка: 6
==========
[2026-03-31 05:39:21] Текст ошибки: Страница не найдена | Файл: C:\OSPanel\domains\new-ishop2\vendor\wfm\Router.php | Строка: 62
==========
[2026-03-31 05:42:05] Текст ошибки: Cannot access offset of type string on string | Файл: C:\OSPanel\domains\new-ishop2\app\widgets\language\lang_tpl.php | Строка: 6
==========
[2026-03-31 05:42:05] Текст ошибки: Страница не найдена | Файл: C:\OSPanel\domains\new-ishop2\vendor\wfm\Router.php | Строка: 62
==========
[2026-03-31 05:43:07] Текст ошибки: Cannot access offset of type string on string | Файл: C:\OSPanel\domains\new-ishop2\app\widgets\language\lang_tpl.php | Строка: 6
==========
[2026-03-31 05:43:10] Текст ошибки: Cannot access offset of type string on string | Файл: C:\OSPanel\domains\new-ishop2\app\widgets\language\lang_tpl.php | Строка: 6
==========
[2026-03-31 05:43:21] Текст ошибки: Cannot access offset of type string on string | Файл: C:\OSPanel\domains\new-ishop2\app\widgets\language\lang_tpl.php | Строка: 6
==========
[2026-03-31 05:43:21] Текст ошибки: Страница не найдена | Файл: C:\OSPanel\domains\new-ishop2\vendor\wfm\Router.php | Строка: 62
==========
[2026-03-31 05:43:41] Текст ошибки: Cannot access offset of type string on string | Файл: C:\OSPanel\domains\new-ishop2\app\widgets\language\lang_tpl.php | Строка: 6
==========
[2026-03-31 05:43:58] Текст ошибки: Cannot access offset of type string on string | Файл: C:\OSPanel\domains\new-ishop2\app\widgets\language\lang_tpl.php | Строка: 6
==========
[2026-03-31 05:44:17] Текст ошибки: Cannot access offset of type string on string | Файл: C:\OSPanel\domains\new-ishop2\app\widgets\language\lang_tpl.php | Строка: 6
==========
[2026-03-31 05:45:29] Текст ошибки: Cannot access offset of type string on string | Файл: C:\OSPanel\domains\new-ishop2\app\widgets\language\lang_tpl.php | Строка: 6
==========
[2026-03-31 05:45:33] Текст ошибки: Cannot access offset of type string on string | Файл: C:\OSPanel\domains\new-ishop2\app\widgets\language\lang_tpl.php | Строка: 6
==========
[2026-03-31 05:45:34] Текст ошибки: Cannot access offset of type string on string | Файл: C:\OSPanel\domains\new-ishop2\app\widgets\language\lang_tpl.php | Строка: 6
==========
[2026-03-31 05:45:34] Текст ошибки: Cannot access offset of type string on string | Файл: C:\OSPanel\domains\new-ishop2\app\widgets\language\lang_tpl.php | Строка: 6
==========
[2026-03-31 05:45:37] Текст ошибки: Cannot access offset of type string on string | Файл: C:\OSPanel\domains\new-ishop2\app\widgets\language\lang_tpl.php | Строка: 6
==========
[2026-03-31 06:33:40] Текст ошибки: Cannot access offset of type string on string | Файл: C:\OSPanel\domains\new-ishop2\app\widgets\language\lang_tpl.php | Строка: 6
==========
[2026-03-31 06:33:55] Текст ошибки: Cannot access offset of type string on string | Файл: C:\OSPanel\domains\new-ishop2\app\widgets\language\lang_tpl.php | Строка: 6
==========
[2026-03-31 06:35:46] Текст ошибки: Array to string conversion | Файл: C:\OSPanel\domains\new-ishop2\app\widgets\language\lang_tpl.php | Строка: 6
==========
[2026-03-31 06:35:47] Текст ошибки: Array to string conversion | Файл: C:\OSPanel\domains\new-ishop2\app\widgets\language\lang_tpl.php | Строка: 6
==========
[2026-03-31 06:35:54] Текст ошибки: Array to string conversion | Файл: C:\OSPanel\domains\new-ishop2\app\widgets\language\lang_tpl.php | Строка: 6
==========
[2026-03-31 06:35:54] Текст ошибки: Страница не найдена | Файл: C:\OSPanel\domains\new-ishop2\vendor\wfm\Router.php | Строка: 62
==========
[2026-03-31 06:37:25] Текст ошибки: Cannot access offset of type string on string | Файл: C:\OSPanel\domains\new-ishop2\app\widgets\language\lang_tpl.php | Строка: 10
==========
[2026-03-31 06:37:46] Текст ошибки: Cannot access offset of type string on string | Файл: C:\OSPanel\domains\new-ishop2\app\widgets\language\lang_tpl.php | Строка: 6
==========
[2026-03-31 06:38:28] Текст ошибки: Cannot access offset of type string on string | Файл: C:\OSPanel\domains\new-ishop2\app\widgets\language\lang_tpl.php | Строка: 10
==========
[2026-03-31 06:38:33] Текст ошибки: Cannot access offset of type string on string | Файл: C:\OSPanel\domains\new-ishop2\app\widgets\language\lang_tpl.php | Строка: 10
==========
[2026-03-31 06:39:17] Текст ошибки: Страница не найдена | Файл: C:\OSPanel\domains\new-ishop2\vendor\wfm\Router.php | Строка: 62
==========
[2026-03-31 06:39:21] Текст ошибки: Страница не найдена | Файл: C:\OSPanel\domains\new-ishop2\vendor\wfm\Router.php | Строка: 62
==========
[2026-03-31 06:39:21] Текст ошибки: Страница не найдена | Файл: C:\OSPanel\domains\new-ishop2\vendor\wfm\Router.php | Строка: 62
==========
[2026-03-31 06:39:21] Текст ошибки: Страница не найдена | Файл: C:\OSPanel\domains\new-ishop2\vendor\wfm\Router.php | Строка: 62
==========
[2026-03-31 06:39:21] Текст ошибки: Страница не найдена | Файл: C:\OSPanel\domains\new-ishop2\vendor\wfm\Router.php | Строка: 62
==========
[2026-03-31 06:44:02] Текст ошибки: Trying to access array offset on value of type null | Файл: C:\OSPanel\domains\new-ishop2\app\widgets\language\lang_tpl.php | Строка: 10
==========
[2026-03-31 06:44:05] Текст ошибки: Trying to access array offset on value of type null | Файл: C:\OSPanel\domains\new-ishop2\app\widgets\language\lang_tpl.php | Строка: 10
==========
[2026-03-31 06:44:14] Текст ошибки: Страница не найдена | Файл: C:\OSPanel\domains\new-ishop2\vendor\wfm\Router.php | Строка: 62
==========
[2026-03-31 06:44:14] Текст ошибки: Страница не найдена | Файл: C:\OSPanel\domains\new-ishop2\vendor\wfm\Router.php | Строка: 62
==========
[2026-03-31 06:46:53] Текст ошибки: Страница не найдена | Файл: C:\OSPanel\domains\new-ishop2\vendor\wfm\Router.php | Строка: 62
==========
[2026-03-31 06:46:53] Текст ошибки: Страница не найдена | Файл: C:\OSPanel\domains\new-ishop2\vendor\wfm\Router.php | Строка: 62
==========
[2026-03-31 06:49:18] Текст ошибки: Страница не найдена | Файл: C:\OSPanel\domains\new-ishop2\vendor\wfm\Router.php | Строка: 62
==========
[2026-03-31 06:49:35] Текст ошибки: Страница не найдена | Файл: C:\OSPanel\domains\new-ishop2\vendor\wfm\Router.php | Строка: 62
==========
[2026-03-31 06:49:35] Текст ошибки: Страница не найдена | Файл: C:\OSPanel\domains\new-ishop2\vendor\wfm\Router.php | Строка: 62
==========
[2026-03-31 06:49:35] Текст ошибки: Страница не найдена | Файл: C:\OSPanel\domains\new-ishop2\vendor\wfm\Router.php | Строка: 62
==========
[2026-03-31 06:50:00] Текст ошибки: Страница не найдена | Файл: C:\OSPanel\domains\new-ishop2\vendor\wfm\Router.php | Строка: 62
==========
[2026-03-31 06:50:00] Текст ошибки: Страница не найдена | Файл: C:\OSPanel\domains\new-ishop2\vendor\wfm\Router.php | Строка: 62
==========
[2026-03-31 06:50:00] Текст ошибки: Страница не найдена | Файл: C:\OSPanel\domains\new-ishop2\vendor\wfm\Router.php | Строка: 62
==========
[2026-03-31 06:50:01] Текст ошибки: Страница не найдена | Файл: C:\OSPanel\domains\new-ishop2\vendor\wfm\Router.php | Строка: 62
==========
[2026-03-31 06:50:01] Текст ошибки: Страница не найдена | Файл: C:\OSPanel\domains\new-ishop2\vendor\wfm\Router.php | Строка: 62
==========
[2026-03-31 06:51:59] Текст ошибки: Страница не найдена | Файл: C:\OSPanel\domains\new-ishop2\vendor\wfm\Router.php | Строка: 62
==========
[2026-03-31 06:51:59] Текст ошибки: Страница не найдена | Файл: C:\OSPanel\domains\new-ishop2\vendor\wfm\Router.php | Строка: 62
==========
[2026-03-31 06:52:00] Текст ошибки: Страница не найдена | Файл: C:\OSPanel\domains\new-ishop2\vendor\wfm\Router.php | Строка: 62
==========
[2026-03-31 06:52:00] Текст ошибки: Страница не найдена | Файл: C:\OSPanel\domains\new-ishop2\vendor\wfm\Router.php | Строка: 62
==========
[2026-03-31 06:52:00] Текст ошибки: Страница не найдена | Файл: C:\OSPanel\domains\new-ishop2\vendor\wfm\Router.php | Строка: 62
==========
[2026-03-31 06:52:07] Текст ошибки: Страница не найдена | Файл: C:\OSPanel\domains\new-ishop2\vendor\wfm\Router.php | Строка: 62
==========
[2026-03-31 07:09:21] Текст ошибки: Страница не найдена | Файл: C:\OSPanel\domains\new-ishop2\vendor\wfm\Router.php | Строка: 62
==========
[2026-03-31 07:09:28] Текст ошибки: Страница не найдена | Файл: C:\OSPanel\domains\new-ishop2\vendor\wfm\Router.php | Строка: 62
==========
[2026-03-31 07:09:28] Текст ошибки: Страница не найдена | Файл: C:\OSPanel\domains\new-ishop2\vendor\wfm\Router.php | Строка: 62
==========
[2026-03-31 07:09:28] Текст ошибки: Страница не найдена | Файл: C:\OSPanel\domains\new-ishop2\vendor\wfm\Router.php | Строка: 62
==========
[2026-03-31 07:09:47] Текст ошибки: Страница не найдена | Файл: C:\OSPanel\domains\new-ishop2\vendor\wfm\Router.php | Строка: 62
==========
[2026-03-31 07:09:47] Текст ошибки: Страница не найдена | Файл: C:\OSPanel\domains\new-ishop2\vendor\wfm\Router.php | Строка: 62
==========
[2026-03-31 07:09:47] Текст ошибки: Страница не найдена | Файл: C:\OSPanel\domains\new-ishop2\vendor\wfm\Router.php | Строка: 62
==========
[2026-03-31 07:10:24] Текст ошибки: Страница не найдена | Файл: C:\OSPanel\domains\new-ishop2\vendor\wfm\Router.php | Строка: 62
==========
[2026-03-31 07:10:24] Текст ошибки: Страница не найдена | Файл: C:\OSPanel\domains\new-ishop2\vendor\wfm\Router.php | Строка: 62
==========
[2026-03-31 07:10:32] Текст ошибки: Страница не найдена | Файл: C:\OSPanel\domains\new-ishop2\vendor\wfm\Router.php | Строка: 62
==========
[2026-03-31 07:10:32] Текст ошибки: Страница не найдена | Файл: C:\OSPanel\domains\new-ishop2\vendor\wfm\Router.php | Строка: 62
==========
[2026-03-31 07:10:58] Текст ошибки: Страница не найдена | Файл: C:\OSPanel\domains\new-ishop2\vendor\wfm\Router.php | Строка: 62
==========
[2026-03-31 07:11:26] Текст ошибки: Страница не найдена | Файл: C:\OSPanel\domains\new-ishop2\vendor\wfm\Router.php | Строка: 62
==========
[2026-03-31 07:11:26] Текст ошибки: Страница не найдена | Файл: C:\OSPanel\domains\new-ishop2\vendor\wfm\Router.php | Строка: 62
==========
[2026-03-31 07:11:26] Текст ошибки: Страница не найдена | Файл: C:\OSPanel\domains\new-ishop2\vendor\wfm\Router.php | Строка: 62
==========
[2026-03-31 07:11:26] Текст ошибки: Страница не найдена | Файл: C:\OSPanel\domains\new-ishop2\vendor\wfm\Router.php | Строка: 62
==========
[2026-03-31 07:11:26] Текст ошибки: Страница не найдена | Файл: C:\OSPanel\domains\new-ishop2\vendor\wfm\Router.php | Строка: 62
==========
[2026-03-31 07:11:26] Текст ошибки: Страница не найдена | Файл: C:\OSPanel\domains\new-ishop2\vendor\wfm\Router.php | Строка: 62
==========
[2026-03-31 07:11:26] Текст ошибки: Страница не найдена | Файл: C:\OSPanel\domains\new-ishop2\vendor\wfm\Router.php | Строка: 62
==========
[2026-03-31 07:11:34] Текст ошибки: Страница не найдена | Файл: C:\OSPanel\domains\new-ishop2\vendor\wfm\Router.php | Строка: 62
==========
[2026-03-31 07:12:49] Текст ошибки: Страница не найдена | Файл: C:\OSPanel\domains\new-ishop2\vendor\wfm\Router.php | Строка: 62
==========
[2026-03-31 07:12:49] Текст ошибки: Страница не найдена | Файл: C:\OSPanel\domains\new-ishop2\vendor\wfm\Router.php | Строка: 62
==========
[2026-03-31 07:12:49] Текст ошибки: Страница не найдена | Файл: C:\OSPanel\domains\new-ishop2\vendor\wfm\Router.php | Строка: 62
==========
[2026-03-31 08:19:27] Текст ошибки: Страница не найдена | Файл: C:\OSPanel\domains\new-ishop2\vendor\wfm\Router.php | Строка: 62
==========
[2026-03-31 08:19:33] Текст ошибки: Страница не найдена | Файл: C:\OSPanel\domains\new-ishop2\vendor\wfm\Router.php | Строка: 62
==========
[2026-03-31 08:19:33] Текст ошибки: Страница не найдена | Файл: C:\OSPanel\domains\new-ishop2\vendor\wfm\Router.php | Строка: 62
==========
[2026-03-31 08:19:33] Текст ошибки: Страница не найдена | Файл: C:\OSPanel\domains\new-ishop2\vendor\wfm\Router.php | Строка: 62
==========
[2026-03-31 08:19:42] Текст ошибки: Страница не найдена | Файл: C:\OSPanel\domains\new-ishop2\vendor\wfm\Router.php | Строка: 62
==========
[2026-03-31 08:19:42] Текст ошибки: Страница не найдена | Файл: C:\OSPanel\domains\new-ishop2\vendor\wfm\Router.php | Строка: 62
==========
[2026-03-31 08:20:04] Текст ошибки: Страница не найдена | Файл: C:\OSPanel\domains\new-ishop2\vendor\wfm\Router.php | Строка: 62
==========
[2026-03-31 08:20:04] Текст ошибки: Страница не найдена | Файл: C:\OSPanel\domains\new-ishop2\vendor\wfm\Router.php | Строка: 62
==========
[2026-03-31 08:20:04] Текст ошибки: Страница не найдена | Файл: C:\OSPanel\domains\new-ishop2\vendor\wfm\Router.php | Строка: 62
==========
[2026-03-31 08:20:05] Текст ошибки: Страница не найдена | Файл: C:\OSPanel\domains\new-ishop2\vendor\wfm\Router.php | Строка: 62
==========
[2026-03-31 08:20:06] Текст ошибки: Страница не найдена | Файл: C:\OSPanel\domains\new-ishop2\vendor\wfm\Router.php | Строка: 62
==========
[2026-03-31 08:20:09] Текст ошибки: Страница не найдена | Файл: C:\OSPanel\domains\new-ishop2\vendor\wfm\Router.php | Строка: 62
==========
[2026-03-31 08:20:58] Текст ошибки: Страница не найдена | Файл: C:\OSPanel\domains\new-ishop2\vendor\wfm\Router.php | Строка: 62
==========
[2026-03-31 08:20:58] Текст ошибки: Страница не найдена | Файл: C:\OSPanel\domains\new-ishop2\vendor\wfm\Router.php | Строка: 62
==========
[2026-03-31 08:21:26] Текст ошибки: Страница не найдена | Файл: C:\OSPanel\domains\new-ishop2\vendor\wfm\Router.php | Строка: 62
==========
[2026-03-31 08:21:52] Текст ошибки: Страница не найдена | Файл: C:\OSPanel\domains\new-ishop2\vendor\wfm\Router.php | Строка: 62
==========
[2026-03-31 08:21:52] Текст ошибки: Страница не найдена | Файл: C:\OSPanel\domains\new-ishop2\vendor\wfm\Router.php | Строка: 62
==========
[2026-03-31 08:23:19] Текст ошибки: Страница не найдена | Файл: C:\OSPanel\domains\new-ishop2\vendor\wfm\Router.php | Строка: 62
==========
[2026-03-31 08:23:19] Текст ошибки: Страница не найдена | Файл: C:\OSPanel\domains\new-ishop2\vendor\wfm\Router.php | Строка: 62
==========
[2026-03-31 08:23:19] Текст ошибки: Страница не найдена | Файл: C:\OSPanel\domains\new-ishop2\vendor\wfm\Router.php | Строка: 62
==========
[2026-03-31 08:23:24] Текст ошибки: Страница не найдена | Файл: C:\OSPanel\domains\new-ishop2\vendor\wfm\Router.php | Строка: 62
==========
[2026-03-31 08:23:24] Текст ошибки: Страница не найдена | Файл: C:\OSPanel\domains\new-ishop2\vendor\wfm\Router.php | Строка: 62
==========
[2026-03-31 08:23:24] Текст ошибки: Страница не найдена | Файл: C:\OSPanel\domains\new-ishop2\vendor\wfm\Router.php | Строка: 62
==========
[2026-03-31 08:24:29] Текст ошибки: Страница не найдена | Файл: C:\OSPanel\domains\new-ishop2\vendor\wfm\Router.php | Строка: 62
==========
[2026-03-31 08:24:29] Текст ошибки: Страница не найдена | Файл: C:\OSPanel\domains\new-ishop2\vendor\wfm\Router.php | Строка: 62
==========
[2026-03-31 08:24:29] Текст ошибки: Страница не найдена | Файл: C:\OSPanel\domains\new-ishop2\vendor\wfm\Router.php | Строка: 62
==========
[2026-03-31 08:24:37] Текст ошибки: Страница не найдена | Файл: C:\OSPanel\domains\new-ishop2\vendor\wfm\Router.php | Строка: 62
==========
[2026-03-31 08:24:37] Текст ошибки: Страница не найдена | Файл: C:\OSPanel\domains\new-ishop2\vendor\wfm\Router.php | Строка: 62
==========
[2026-03-31 08:24:37] Текст ошибки: Страница не найдена | Файл: C:\OSPanel\domains\new-ishop2\vendor\wfm\Router.php | Строка: 62
==========
[2026-03-31 08:37:38] Текст ошибки: Страница не найдена | Файл: C:\OSPanel\domains\new-ishop2\vendor\wfm\Router.php | Строка: 62
==========
[2026-03-31 08:37:38] Текст ошибки: Страница не найдена | Файл: C:\OSPanel\domains\new-ishop2\vendor\wfm\Router.php | Строка: 62
==========
[2026-03-31 08:37:38] Текст ошибки: Страница не найдена | Файл: C:\OSPanel\domains\new-ishop2\vendor\wfm\Router.php | Строка: 62
==========
[2026-03-31 08:37:51] Текст ошибки: Страница не найдена | Файл: C:\OSPanel\domains\new-ishop2\vendor\wfm\Router.php | Строка: 62
==========
[2026-03-31 08:37:51] Текст ошибки: Страница не найдена | Файл: C:\OSPanel\domains\new-ishop2\vendor\wfm\Router.php | Строка: 62
==========
[2026-03-31 08:37:51] Текст ошибки: Страница не найдена | Файл: C:\OSPanel\domains\new-ishop2\vendor\wfm\Router.php | Строка: 62
==========
[2026-03-31 08:37:51] Текст ошибки: Страница не найдена | Файл: C:\OSPanel\domains\new-ishop2\vendor\wfm\Router.php | Строка: 62
==========
[2026-03-31 08:37:51] Текст ошибки: Страница не найдена | Файл: C:\OSPanel\domains\new-ishop2\vendor\wfm\Router.php | Строка: 62
==========
[2026-03-31 08:37:51] Текст ошибки: Страница не найдена | Файл: C:\OSPanel\domains\new-ishop2\vendor\wfm\Router.php | Строка: 62
==========
[2026-03-31 08:37:51] Текст ошибки: Страница не найдена | Файл: C:\OSPanel\domains\new-ishop2\vendor\wfm\Router.php | Строка: 62
==========
[2026-03-31 08:37:59] Текст ошибки: Страница не найдена | Файл: C:\OSPanel\domains\new-ishop2\vendor\wfm\Router.php | Строка: 62
==========
[2026-03-31 08:39:26] Текст ошибки: Страница не найдена | Файл: C:\OSPanel\domains\new-ishop2\vendor\wfm\Router.php | Строка: 62
==========
[2026-03-31 08:39:26] Текст ошибки: Страница не найдена | Файл: C:\OSPanel\domains\new-ishop2\vendor\wfm\Router.php | Строка: 62
==========
[2026-03-31 08:39:45] Текст ошибки: Страница не найдена | Файл: C:\OSPanel\domains\new-ishop2\vendor\wfm\Router.php | Строка: 62
==========
[2026-03-31 08:39:45] Текст ошибки: Страница не найдена | Файл: C:\OSPanel\domains\new-ishop2\vendor\wfm\Router.php | Строка: 62
==========
[2026-03-31 09:26:49] Текст ошибки: Страница не найдена | Файл: C:\OSPanel\domains\new-ishop2\vendor\wfm\Router.php | Строка: 62
==========
[2026-03-31 09:26:58] Текст ошибки: Контроллер app\controllers\LanguageController не найден | Файл: C:\OSPanel\domains\new-ishop2\vendor\wfm\Router.php | Строка: 59
==========
[2026-03-31 09:26:58] Текст ошибки: Страница не найдена | Файл: C:\OSPanel\domains\new-ishop2\vendor\wfm\Router.php | Строка: 62
==========
[2026-03-31 09:27:50] Текст ошибки: Контроллер app\controllers\LanguageController не найден | Файл: C:\OSPanel\domains\new-ishop2\vendor\wfm\Router.php | Строка: 59
==========
[2026-03-31 09:27:51] Текст ошибки: Контроллер app\controllers\LanguageController не найден | Файл: C:\OSPanel\domains\new-ishop2\vendor\wfm\Router.php | Строка: 59
==========
[2026-03-31 09:27:56] Текст ошибки: Контроллер app\controllers\LanguageController не найден | Файл: C:\OSPanel\domains\new-ishop2\vendor\wfm\Router.php | Строка: 59
==========
[2026-03-31 09:27:56] Текст ошибки: Страница не найдена | Файл: C:\OSPanel\domains\new-ishop2\vendor\wfm\Router.php | Строка: 62
==========
[2026-03-31 09:28:43] Текст ошибки: Контроллер app\controllers\LanguageController не найден | Файл: C:\OSPanel\domains\new-ishop2\vendor\wfm\Router.php | Строка: 59
==========
[2026-03-31 09:38:50] Текст ошибки: Не найден вид C:\OSPanel\domains\new-ishop2/app/views/Language/change.php | Файл: C:\OSPanel\domains\new-ishop2\vendor\wfm\View.php | Строка: 35
==========
[2026-03-31 09:47:09] Текст ошибки: Не найден вид C:\OSPanel\domains\new-ishop2/app/views/Language/change.php | Файл: C:\OSPanel\domains\new-ishop2\vendor\wfm\View.php | Строка: 35
==========
[2026-03-31 09:47:09] Текст ошибки: Не найден вид C:\OSPanel\domains\new-ishop2/app/views/Language/change.php | Файл: C:\OSPanel\domains\new-ishop2\vendor\wfm\View.php | Строка: 35
==========
[2026-03-31 09:47:09] Текст ошибки: Не найден вид C:\OSPanel\domains\new-ishop2/app/views/Language/change.php | Файл: C:\OSPanel\domains\new-ishop2\vendor\wfm\View.php | Строка: 35
==========
[2026-03-31 09:49:17] Текст ошибки: Страница не найдена | Файл: C:\OSPanel\domains\new-ishop2\vendor\wfm\Router.php | Строка: 62
==========
[2026-03-31 09:49:17] Текст ошибки: Страница не найдена | Файл: C:\OSPanel\domains\new-ishop2\vendor\wfm\Router.php | Строка: 62
==========
[2026-03-31 09:49:17] Текст ошибки: Страница не найдена | Файл: C:\OSPanel\domains\new-ishop2\vendor\wfm\Router.php | Строка: 62
==========
[2026-03-31 09:49:26] Текст ошибки: Страница не найдена | Файл: C:\OSPanel\domains\new-ishop2\vendor\wfm\Router.php | Строка: 62
==========
[2026-03-31 09:49:26] Текст ошибки: Страница не найдена | Файл: C:\OSPanel\domains\new-ishop2\vendor\wfm\Router.php | Строка: 62
==========
[2026-03-31 09:49:26] Текст ошибки: Страница не найдена | Файл: C:\OSPanel\domains\new-ishop2\vendor\wfm\Router.php | Строка: 62
==========
[2026-03-31 09:51:47] Текст ошибки: Страница не найдена | Файл: C:\OSPanel\domains\new-ishop2\vendor\wfm\Router.php | Строка: 62
==========
[2026-03-31 09:51:47] Текст ошибки: Страница не найдена | Файл: C:\OSPanel\domains\new-ishop2\vendor\wfm\Router.php | Строка: 62
==========
[2026-03-31 09:51:47] Текст ошибки: Страница не найдена | Файл: C:\OSPanel\domains\new-ishop2\vendor\wfm\Router.php | Строка: 62
==========
[2026-03-31 09:51:49] Текст ошибки: Страница не найдена | Файл: C:\OSPanel\domains\new-ishop2\vendor\wfm\Router.php | Строка: 62
==========
[2026-03-31 09:51:50] Текст ошибки: Страница не найдена | Файл: C:\OSPanel\domains\new-ishop2\vendor\wfm\Router.php | Строка: 62
==========
[2026-03-31 09:51:51] Текст ошибки: Страница не найдена | Файл: C:\OSPanel\domains\new-ishop2\vendor\wfm\Router.php | Строка: 62
==========
[2026-03-31 09:51:54] Текст ошибки: Страница не найдена | Файл: C:\OSPanel\domains\new-ishop2\vendor\wfm\Router.php | Строка: 62
==========
[2026-03-31 09:51:54] Текст ошибки: Страница не найдена | Файл: C:\OSPanel\domains\new-ishop2\vendor\wfm\Router.php | Строка: 62
==========
[2026-03-31 13:52:17] Текст ошибки: Страница не найдена | Файл: C:\OSPanel\domains\new-ishop2\vendor\wfm\Router.php | Строка: 62
==========
[2026-03-31 13:52:17] Текст ошибки: Страница не найдена | Файл: C:\OSPanel\domains\new-ishop2\vendor\wfm\Router.php | Строка: 62
==========
[2026-03-31 14:08:14] Текст ошибки: Страница не найдена | Файл: C:\OSPanel\domains\new-ishop2\vendor\wfm\Router.php | Строка: 62
==========
[2026-03-31 14:08:14] Текст ошибки: Страница не найдена | Файл: C:\OSPanel\domains\new-ishop2\vendor\wfm\Router.php | Строка: 62
==========
[2026-03-31 14:08:14] Текст ошибки: Страница не найдена | Файл: C:\OSPanel\domains\new-ishop2\vendor\wfm\Router.php | Строка: 62
==========
[2026-03-31 14:08:16] Текст ошибки: Страница не найдена | Файл: C:\OSPanel\domains\new-ishop2\vendor\wfm\Router.php | Строка: 62
==========
[2026-03-31 14:08:16] Текст ошибки: Страница не найдена | Файл: C:\OSPanel\domains\new-ishop2\vendor\wfm\Router.php | Строка: 62
==========
[2026-03-31 14:08:16] Текст ошибки: Страница не найдена | Файл: C:\OSPanel\domains\new-ishop2\vendor\wfm\Router.php | Строка: 62
==========
[2026-03-31 14:08:18] Текст ошибки: array_key_exists(): Argument #2 ($array) must be of type array, null given | Файл: C:\OSPanel\domains\new-ishop2\app\controllers\LanguageController.php | Строка: 10
==========
[2026-03-31 14:08:18] Текст ошибки: Страница не найдена | Файл: C:\OSPanel\domains\new-ishop2\vendor\wfm\Router.php | Строка: 62
==========
[2026-03-31 14:09:03] Текст ошибки: array_key_exists(): Argument #2 ($array) must be of type array, null given | Файл: C:\OSPanel\domains\new-ishop2\app\controllers\LanguageController.php | Строка: 10
==========
[2026-03-31 14:09:03] Текст ошибки: array_key_exists(): Argument #2 ($array) must be of type array, null given | Файл: C:\OSPanel\domains\new-ishop2\app\controllers\LanguageController.php | Строка: 10
==========
[2026-03-31 14:09:27] Текст ошибки: Страница не найдена | Файл: C:\OSPanel\domains\new-ishop2\vendor\wfm\Router.php | Строка: 62
==========
[2026-03-31 14:09:27] Текст ошибки: Страница не найдена | Файл: C:\OSPanel\domains\new-ishop2\vendor\wfm\Router.php | Строка: 62
==========
[2026-03-31 14:09:27] Текст ошибки: Страница не найдена | Файл: C:\OSPanel\domains\new-ishop2\vendor\wfm\Router.php | Строка: 62
==========
[2026-03-31 14:09:29] Текст ошибки: Страница не найдена | Файл: C:\OSPanel\domains\new-ishop2\vendor\wfm\Router.php | Строка: 62
==========
[2026-03-31 14:09:29] Текст ошибки: Страница не найдена | Файл: C:\OSPanel\domains\new-ishop2\vendor\wfm\Router.php | Строка: 62
==========
[2026-03-31 14:09:29] Текст ошибки: Страница не найдена | Файл: C:\OSPanel\domains\new-ishop2\vendor\wfm\Router.php | Строка: 62
==========
[2026-03-31 14:09:31] Текст ошибки: Страница не найдена | Файл: C:\OSPanel\domains\new-ishop2\vendor\wfm\Router.php | Строка: 62
==========
[2026-03-31 14:09:31] Текст ошибки: Страница не найдена | Файл: C:\OSPanel\domains\new-ishop2\vendor\wfm\Router.php | Строка: 62
==========
[2026-03-31 14:09:31] Текст ошибки: Страница не найдена | Файл: C:\OSPanel\domains\new-ishop2\vendor\wfm\Router.php | Строка: 62
==========
[2026-03-31 14:10:40] Текст ошибки: Страница не найдена | Файл: C:\OSPanel\domains\new-ishop2\vendor\wfm\Router.php | Строка: 62
==========
[2026-03-31 14:10:40] Текст ошибки: Страница не найдена | Файл: C:\OSPanel\domains\new-ishop2\vendor\wfm\Router.php | Строка: 62
==========
[2026-03-31 14:10:40] Текст ошибки: Страница не найдена | Файл: C:\OSPanel\domains\new-ishop2\vendor\wfm\Router.php | Строка: 62
==========
[2026-03-31 14:10:47] Текст ошибки: Страница не найдена | Файл: C:\OSPanel\domains\new-ishop2\vendor\wfm\Router.php | Строка: 62
==========
[2026-03-31 14:10:47] Текст ошибки: Страница не найдена | Файл: C:\OSPanel\domains\new-ishop2\vendor\wfm\Router.php | Строка: 62
==========
[2026-03-31 14:10:47] Текст ошибки: Страница не найдена | Файл: C:\OSPanel\domains\new-ishop2\vendor\wfm\Router.php | Строка: 62
==========
[2026-03-31 14:10:52] Текст ошибки: Страница не найдена | Файл: C:\OSPanel\domains\new-ishop2\vendor\wfm\Router.php | Строка: 62
==========
[2026-03-31 14:10:52] Текст ошибки: Страница не найдена | Файл: C:\OSPanel\domains\new-ishop2\vendor\wfm\Router.php | Строка: 62
==========
[2026-03-31 14:10:52] Текст ошибки: Страница не найдена | Файл: C:\OSPanel\domains\new-ishop2\vendor\wfm\Router.php | Строка: 62
==========
[2026-03-31 14:10:52] Текст ошибки: Страница не найдена | Файл: C:\OSPanel\domains\new-ishop2\vendor\wfm\Router.php | Строка: 62
==========
[2026-03-31 14:10:52] Текст ошибки: Страница не найдена | Файл: C:\OSPanel\domains\new-ishop2\vendor\wfm\Router.php | Строка: 62
==========
[2026-03-31 14:10:52] Текст ошибки: Страница не найдена | Файл: C:\OSPanel\domains\new-ishop2\vendor\wfm\Router.php | Строка: 62
==========
[2026-03-31 14:10:52] Текст ошибки: Страница не найдена | Файл: C:\OSPanel\domains\new-ishop2\vendor\wfm\Router.php | Строка: 62
==========
[2026-03-31 14:10:52] Текст ошибки: Страница не найдена | Файл: C:\OSPanel\domains\new-ishop2\vendor\wfm\Router.php | Строка: 62
==========
[2026-03-31 14:10:56] Текст ошибки: Страница не найдена | Файл: C:\OSPanel\domains\new-ishop2\vendor\wfm\Router.php | Строка: 62
==========
[2026-03-31 14:10:56] Текст ошибки: Страница не найдена | Файл: C:\OSPanel\domains\new-ishop2\vendor\wfm\Router.php | Строка: 62
==========
[2026-03-31 14:10:56] Текст ошибки: Страница не найдена | Файл: C:\OSPanel\domains\new-ishop2\vendor\wfm\Router.php | Строка: 62
==========
[2026-03-31 14:11:17] Текст ошибки: Страница не найдена | Файл: C:\OSPanel\domains\new-ishop2\vendor\wfm\Router.php | Строка: 62
==========
[2026-03-31 14:11:17] Текст ошибки: Страница не найдена | Файл: C:\OSPanel\domains\new-ishop2\vendor\wfm\Router.php | Строка: 62
==========
[2026-03-31 14:11:17] Текст ошибки: Страница не найдена | Файл: C:\OSPanel\domains\new-ishop2\vendor\wfm\Router.php | Строка: 62
==========
[2026-03-31 14:11:17] Текст ошибки: Страница не найдена | Файл: C:\OSPanel\domains\new-ishop2\vendor\wfm\Router.php | Строка: 62
==========
[2026-03-31 14:11:17] Текст ошибки: Страница не найдена | Файл: C:\OSPanel\domains\new-ishop2\vendor\wfm\Router.php | Строка: 62
==========
[2026-03-31 14:11:17] Текст ошибки: Страница не найдена | Файл: C:\OSPanel\domains\new-ishop2\vendor\wfm\Router.php | Строка: 62
==========
[2026-03-31 14:11:22] Текст ошибки: Страница не найдена | Файл: C:\OSPanel\domains\new-ishop2\vendor\wfm\Router.php | Строка: 62
==========
[2026-03-31 14:11:22] Текст ошибки: Страница не найдена | Файл: C:\OSPanel\domains\new-ishop2\vendor\wfm\Router.php | Строка: 62
==========
[2026-03-31 14:11:22] Текст ошибки: Страница не найдена | Файл: C:\OSPanel\domains\new-ishop2\vendor\wfm\Router.php | Строка: 62
==========
[2026-03-31 14:11:22] Текст ошибки: Страница не найдена | Файл: C:\OSPanel\domains\new-ishop2\vendor\wfm\Router.php | Строка: 62
==========
[2026-03-31 14:11:22] Текст ошибки: Страница не найдена | Файл: C:\OSPanel\domains\new-ishop2\vendor\wfm\Router.php | Строка: 62
==========
[2026-03-31 14:11:22] Текст ошибки: Страница не найдена | Файл: C:\OSPanel\domains\new-ishop2\vendor\wfm\Router.php | Строка: 62
==========
[2026-03-31 14:11:22] Текст ошибки: Страница не найдена | Файл: C:\OSPanel\domains\new-ishop2\vendor\wfm\Router.php | Строка: 62
==========
[2026-03-31 14:11:26] Текст ошибки: Страница не найдена | Файл: C:\OSPanel\domains\new-ishop2\vendor\wfm\Router.php | Строка: 62
==========
[2026-03-31 14:14:32] Текст ошибки: Страница не найдена | Файл: C:\OSPanel\domains\new-ishop2\vendor\wfm\Router.php | Строка: 62
==========
[2026-03-31 14:14:45] Текст ошибки: Страница не найдена | Файл: C:\OSPanel\domains\new-ishop2\vendor\wfm\Router.php | Строка: 62
==========
[2026-03-31 14:14:45] Текст ошибки: Страница не найдена | Файл: C:\OSPanel\domains\new-ishop2\vendor\wfm\Router.php | Строка: 62
==========
[2026-03-31 14:14:45] Текст ошибки: Страница не найдена | Файл: C:\OSPanel\domains\new-ishop2\vendor\wfm\Router.php | Строка: 62
==========
[2026-03-31 14:16:33] Текст ошибки: Страница не найдена | Файл: C:\OSPanel\domains\new-ishop2\vendor\wfm\Router.php | Строка: 62
==========
[2026-03-31 14:16:33] Текст ошибки: Страница не найдена | Файл: C:\OSPanel\domains\new-ishop2\vendor\wfm\Router.php | Строка: 62
==========
[2026-03-31 14:16:37] Текст ошибки: Страница не найдена | Файл: C:\OSPanel\domains\new-ishop2\vendor\wfm\Router.php | Строка: 62
==========
[2026-03-31 14:16:37] Текст ошибки: Страница не найдена | Файл: C:\OSPanel\domains\new-ishop2\vendor\wfm\Router.php | Строка: 62
==========
[2026-03-31 14:16:37] Текст ошибки: Страница не найдена | Файл: C:\OSPanel\domains\new-ishop2\vendor\wfm\Router.php | Строка: 62
==========
[2026-03-31 14:16:40] Текст ошибки: Страница не найдена | Файл: C:\OSPanel\domains\new-ishop2\vendor\wfm\Router.php | Строка: 62
==========
[2026-03-31 14:16:40] Текст ошибки: Страница не найдена | Файл: C:\OSPanel\domains\new-ishop2\vendor\wfm\Router.php | Строка: 62
==========
[2026-03-31 14:16:42] Текст ошибки: Страница не найдена | Файл: C:\OSPanel\domains\new-ishop2\vendor\wfm\Router.php | Строка: 62
==========
[2026-03-31 14:16:42] Текст ошибки: Страница не найдена | Файл: C:\OSPanel\domains\new-ishop2\vendor\wfm\Router.php | Строка: 62
==========
[2026-03-31 14:16:42] Текст ошибки: Страница не найдена | Файл: C:\OSPanel\domains\new-ishop2\vendor\wfm\Router.php | Строка: 62
==========
[2026-03-31 14:17:19] Текст ошибки: Страница не найдена | Файл: C:\OSPanel\domains\new-ishop2\vendor\wfm\Router.php | Строка: 62
==========
[2026-03-31 14:17:19] Текст ошибки: Страница не найдена | Файл: C:\OSPanel\domains\new-ishop2\vendor\wfm\Router.php | Строка: 62
==========
[2026-03-31 14:17:19] Текст ошибки: Страница не найдена | Файл: C:\OSPanel\domains\new-ishop2\vendor\wfm\Router.php | Строка: 62
==========
[2026-03-31 14:17:21] Текст ошибки: Страница не найдена | Файл: C:\OSPanel\domains\new-ishop2\vendor\wfm\Router.php | Строка: 62
==========
[2026-03-31 14:17:21] Текст ошибки: Страница не найдена | Файл: C:\OSPanel\domains\new-ishop2\vendor\wfm\Router.php | Строка: 62
==========
[2026-03-31 14:17:24] Текст ошибки: Страница не найдена | Файл: C:\OSPanel\domains\new-ishop2\vendor\wfm\Router.php | Строка: 62
==========
[2026-03-31 14:17:24] Текст ошибки: Страница не найдена | Файл: C:\OSPanel\domains\new-ishop2\vendor\wfm\Router.php | Строка: 62
==========
[2026-03-31 14:17:24] Текст ошибки: Страница не найдена | Файл: C:\OSPanel\domains\new-ishop2\vendor\wfm\Router.php | Строка: 62
==========
[2026-03-31 14:17:28] Текст ошибки: Страница не найдена | Файл: C:\OSPanel\domains\new-ishop2\vendor\wfm\Router.php | Строка: 62
==========
[2026-03-31 14:17:28] Текст ошибки: Страница не найдена | Файл: C:\OSPanel\domains\new-ishop2\vendor\wfm\Router.php | Строка: 62
==========
[2026-03-31 14:17:28] Текст ошибки: Страница не найдена | Файл: C:\OSPanel\domains\new-ishop2\vendor\wfm\Router.php | Строка: 62
==========
[2026-03-31 14:17:28] Текст ошибки: Страница не найдена | Файл: C:\OSPanel\domains\new-ishop2\vendor\wfm\Router.php | Строка: 62
==========
[2026-03-31 14:17:28] Текст ошибки: Страница не найдена | Файл: C:\OSPanel\domains\new-ishop2\vendor\wfm\Router.php | Строка: 62
==========
[2026-03-31 14:17:31] Текст ошибки: Страница не найдена | Файл: C:\OSPanel\domains\new-ishop2\vendor\wfm\Router.php | Строка: 62
==========
[2026-03-31 14:17:31] Текст ошибки: Страница не найдена | Файл: C:\OSPanel\domains\new-ishop2\vendor\wfm\Router.php | Строка: 62
==========
[2026-03-31 14:17:31] Текст ошибки: Страница не найдена | Файл: C:\OSPanel\domains\new-ishop2\vendor\wfm\Router.php | Строка: 62
==========
[2026-03-31 14:17:31] Текст ошибки: Страница не найдена | Файл: C:\OSPanel\domains\new-ishop2\vendor\wfm\Router.php | Строка: 62
==========
[2026-03-31 14:17:31] Текст ошибки: Страница не найдена | Файл: C:\OSPanel\domains\new-ishop2\vendor\wfm\Router.php | Строка: 62
==========
[2026-03-31 14:17:31] Текст ошибки: Страница не найдена | Файл: C:\OSPanel\domains\new-ishop2\vendor\wfm\Router.php | Строка: 62
==========
[2026-03-31 14:18:27] Текст ошибки: Страница не найдена | Файл: C:\OSPanel\domains\new-ishop2\vendor\wfm\Router.php | Строка: 62
==========
[2026-03-31 14:18:27] Текст ошибки: Страница не найдена | Файл: C:\OSPanel\domains\new-ishop2\vendor\wfm\Router.php | Строка: 62
==========
[2026-03-31 14:18:27] Текст ошибки: Страница не найдена | Файл: C:\OSPanel\domains\new-ishop2\vendor\wfm\Router.php | Строка: 62
==========
[2026-03-31 14:18:27] Текст ошибки: Страница не найдена | Файл: C:\OSPanel\domains\new-ishop2\vendor\wfm\Router.php | Строка: 62
==========
[2026-03-31 14:18:27] Текст ошибки: Страница не найдена | Файл: C:\OSPanel\domains\new-ishop2\vendor\wfm\Router.php | Строка: 62
==========
[2026-03-31 14:18:27] Текст ошибки: Страница не найдена | Файл: C:\OSPanel\domains\new-ishop2\vendor\wfm\Router.php | Строка: 62
==========
[2026-03-31 14:18:27] Текст ошибки: Страница не найдена | Файл: C:\OSPanel\domains\new-ishop2\vendor\wfm\Router.php | Строка: 62
==========
[2026-03-31 14:18:27] Текст ошибки: Страница не найдена | Файл: C:\OSPanel\domains\new-ishop2\vendor\wfm\Router.php | Строка: 62
==========
[2026-03-31 14:19:03] Текст ошибки: Страница не найдена | Файл: C:\OSPanel\domains\new-ishop2\vendor\wfm\Router.php | Строка: 62
==========
[2026-03-31 14:19:03] Текст ошибки: Страница не найдена | Файл: C:\OSPanel\domains\new-ishop2\vendor\wfm\Router.php | Строка: 62
==========
[2026-03-31 14:19:03] Текст ошибки: Страница не найдена | Файл: C:\OSPanel\domains\new-ishop2\vendor\wfm\Router.php | Строка: 62
==========
[2026-03-31 14:19:03] Текст ошибки: Страница не найдена | Файл: C:\OSPanel\domains\new-ishop2\vendor\wfm\Router.php | Строка: 62
==========
[2026-03-31 14:19:03] Текст ошибки: Страница не найдена | Файл: C:\OSPanel\domains\new-ishop2\vendor\wfm\Router.php | Строка: 62
==========
[2026-03-31 14:19:03] Текст ошибки: Страница не найдена | Файл: C:\OSPanel\domains\new-ishop2\vendor\wfm\Router.php | Строка: 62
==========
[2026-03-31 14:19:03] Текст ошибки: Страница не найдена | Файл: C:\OSPanel\domains\new-ishop2\vendor\wfm\Router.php | Строка: 62
==========
[2026-03-31 14:19:22] Текст ошибки: Страница не найдена | Файл: C:\OSPanel\domains\new-ishop2\vendor\wfm\Router.php | Строка: 62
==========
[2026-03-31 14:19:22] Текст ошибки: Страница не найдена | Файл: C:\OSPanel\domains\new-ishop2\vendor\wfm\Router.php | Строка: 62
==========
[2026-03-31 14:19:22] Текст ошибки: Страница не найдена | Файл: C:\OSPanel\domains\new-ishop2\vendor\wfm\Router.php | Строка: 62
==========
[2026-03-31 14:19:22] Текст ошибки: Страница не найдена | Файл: C:\OSPanel\domains\new-ishop2\vendor\wfm\Router.php | Строка: 62
==========
[2026-03-31 14:19:22] Текст ошибки: Страница не найдена | Файл: C:\OSPanel\domains\new-ishop2\vendor\wfm\Router.php | Строка: 62
==========
[2026-03-31 14:19:22] Текст ошибки: Страница не найдена | Файл: C:\OSPanel\domains\new-ishop2\vendor\wfm\Router.php | Строка: 62
==========
[2026-03-31 14:20:30] Текст ошибки: Страница не найдена | Файл: C:\OSPanel\domains\new-ishop2\vendor\wfm\Router.php | Строка: 62
==========
[2026-03-31 14:20:30] Текст ошибки: Страница не найдена | Файл: C:\OSPanel\domains\new-ishop2\vendor\wfm\Router.php | Строка: 62
==========
[2026-03-31 14:20:30] Текст ошибки: Страница не найдена | Файл: C:\OSPanel\domains\new-ishop2\vendor\wfm\Router.php | Строка: 62
==========
[2026-03-31 14:20:30] Текст ошибки: Страница не найдена | Файл: C:\OSPanel\domains\new-ishop2\vendor\wfm\Router.php | Строка: 62
==========
[2026-03-31 14:20:30] Текст ошибки: Страница не найдена | Файл: C:\OSPanel\domains\new-ishop2\vendor\wfm\Router.php | Строка: 62
==========
[2026-03-31 14:20:30] Текст ошибки: Страница не найдена | Файл: C:\OSPanel\domains\new-ishop2\vendor\wfm\Router.php | Строка: 62
==========
[2026-03-31 14:20:30] Текст ошибки: Страница не найдена | Файл: C:\OSPanel\domains\new-ishop2\vendor\wfm\Router.php | Строка: 62
==========
[2026-03-31 14:20:30] Текст ошибки: Страница не найдена | Файл: C:\OSPanel\domains\new-ishop2\vendor\wfm\Router.php | Строка: 62
==========
[2026-03-31 14:20:30] Текст ошибки: Страница не найдена | Файл: C:\OSPanel\domains\new-ishop2\vendor\wfm\Router.php | Строка: 62
==========
[2026-03-31 14:20:30] Текст ошибки: Страница не найдена | Файл: C:\OSPanel\domains\new-ishop2\vendor\wfm\Router.php | Строка: 62
==========
[2026-03-31 14:20:30] Текст ошибки: Страница не найдена | Файл: C:\OSPanel\domains\new-ishop2\vendor\wfm\Router.php | Строка: 62
==========
[2026-03-31 14:20:34] Текст ошибки: Страница не найдена | Файл: C:\OSPanel\domains\new-ishop2\vendor\wfm\Router.php | Строка: 62
==========
[2026-03-31 14:20:34] Текст ошибки: Страница не найдена | Файл: C:\OSPanel\domains\new-ishop2\vendor\wfm\Router.php | Строка: 62
==========
[2026-03-31 14:20:34] Текст ошибки: Страница не найдена | Файл: C:\OSPanel\domains\new-ishop2\vendor\wfm\Router.php | Строка: 62
==========
[2026-03-31 14:20:34] Текст ошибки: Страница не найдена | Файл: C:\OSPanel\domains\new-ishop2\vendor\wfm\Router.php | Строка: 62
==========
[2026-03-31 14:20:34] Текст ошибки: Страница не найдена | Файл: C:\OSPanel\domains\new-ishop2\vendor\wfm\Router.php | Строка: 62
==========
[2026-03-31 14:20:36] Текст ошибки: Страница не найдена | Файл: C:\OSPanel\domains\new-ishop2\vendor\wfm\Router.php | Строка: 62
==========
[2026-03-31 14:20:36] Текст ошибки: Страница не найдена | Файл: C:\OSPanel\domains\new-ishop2\vendor\wfm\Router.php | Строка: 62
==========
[2026-03-31 14:20:36] Текст ошибки: Страница не найдена | Файл: C:\OSPanel\domains\new-ishop2\vendor\wfm\Router.php | Строка: 62
==========
[2026-03-31 14:20:36] Текст ошибки: Страница не найдена | Файл: C:\OSPanel\domains\new-ishop2\vendor\wfm\Router.php | Строка: 62
==========
[2026-03-31 14:20:36] Текст ошибки: Страница не найдена | Файл: C:\OSPanel\domains\new-ishop2\vendor\wfm\Router.php | Строка: 62
==========
[2026-03-31 14:20:36] Текст ошибки: Страница не найдена | Файл: C:\OSPanel\domains\new-ishop2\vendor\wfm\Router.php | Строка: 62
==========
[2026-03-31 14:20:37] Текст ошибки: Страница не найдена | Файл: C:\OSPanel\domains\new-ishop2\vendor\wfm\Router.php | Строка: 62
==========
[2026-03-31 14:20:37] Текст ошибки: Страница не найдена | Файл: C:\OSPanel\domains\new-ishop2\vendor\wfm\Router.php | Строка: 62
==========
[2026-03-31 14:20:37] Текст ошибки: Страница не найдена | Файл: C:\OSPanel\domains\new-ishop2\vendor\wfm\Router.php | Строка: 62
==========
[2026-03-31 14:20:40] Текст ошибки: Страница не найдена | Файл: C:\OSPanel\domains\new-ishop2\vendor\wfm\Router.php | Строка: 62
==========
[2026-03-31 14:20:40] Текст ошибки: Страница не найдена | Файл: C:\OSPanel\domains\new-ishop2\vendor\wfm\Router.php | Строка: 62
==========
[2026-03-31 14:20:40] Текст ошибки: Страница не найдена | Файл: C:\OSPanel\domains\new-ishop2\vendor\wfm\Router.php | Строка: 62
==========
[2026-03-31 14:20:43] Текст ошибки: Страница не найдена | Файл: C:\OSPanel\domains\new-ishop2\vendor\wfm\Router.php | Строка: 62
==========
[2026-03-31 14:20:46] Текст ошибки: Страница не найдена | Файл: C:\OSPanel\domains\new-ishop2\vendor\wfm\Router.php | Строка: 62
==========
[2026-03-31 14:31:41] Текст ошибки: Страница не найдена | Файл: C:\OSPanel\domains\new-ishop2\vendor\wfm\Router.php | Строка: 62
==========
[2026-03-31 14:31:41] Текст ошибки: Страница не найдена | Файл: C:\OSPanel\domains\new-ishop2\vendor\wfm\Router.php | Строка: 62
==========
[2026-03-31 14:31:41] Текст ошибки: Страница не найдена | Файл: C:\OSPanel\domains\new-ishop2\vendor\wfm\Router.php | Строка: 62
==========
[2026-03-31 14:31:45] Текст ошибки: Страница не найдена | Файл: C:\OSPanel\domains\new-ishop2\vendor\wfm\Router.php | Строка: 62
==========
[2026-03-31 14:31:45] Текст ошибки: Страница не найдена | Файл: C:\OSPanel\domains\new-ishop2\vendor\wfm\Router.php | Строка: 62
==========
[2026-03-31 14:31:45] Текст ошибки: Страница не найдена | Файл: C:\OSPanel\domains\new-ishop2\vendor\wfm\Router.php | Строка: 62
==========
[2026-03-31 14:32:14] Текст ошибки: Страница не найдена | Файл: C:\OSPanel\domains\new-ishop2\vendor\wfm\Router.php | Строка: 62
==========
[2026-03-31 14:32:14] Текст ошибки: Страница не найдена | Файл: C:\OSPanel\domains\new-ishop2\vendor\wfm\Router.php | Строка: 62
==========
[2026-03-31 14:32:14] Текст ошибки: Страница не найдена | Файл: C:\OSPanel\domains\new-ishop2\vendor\wfm\Router.php | Строка: 62
==========
[2026-03-31 14:32:20] Текст ошибки: Страница не найдена | Файл: C:\OSPanel\domains\new-ishop2\vendor\wfm\Router.php | Строка: 62
==========
[2026-03-31 14:32:20] Текст ошибки: Страница не найдена | Файл: C:\OSPanel\domains\new-ishop2\vendor\wfm\Router.php | Строка: 62
==========
[2026-03-31 14:32:20] Текст ошибки: Страница не найдена | Файл: C:\OSPanel\domains\new-ishop2\vendor\wfm\Router.php | Строка: 62
==========
[2026-03-31 14:32:32] Текст ошибки: Страница не найдена | Файл: C:\OSPanel\domains\new-ishop2\vendor\wfm\Router.php | Строка: 62
==========
[2026-03-31 14:32:32] Текст ошибки: Страница не найдена | Файл: C:\OSPanel\domains\new-ishop2\vendor\wfm\Router.php | Строка: 62
==========
[2026-03-31 14:32:32] Текст ошибки: Страница не найдена | Файл: C:\OSPanel\domains\new-ishop2\vendor\wfm\Router.php | Строка: 62
==========
[2026-03-31 14:32:34] Текст ошибки: Страница не найдена | Файл: C:\OSPanel\domains\new-ishop2\vendor\wfm\Router.php | Строка: 62
==========
[2026-03-31 14:32:34] Текст ошибки: Страница не найдена | Файл: C:\OSPanel\domains\new-ishop2\vendor\wfm\Router.php | Строка: 62
==========
[2026-03-31 14:32:34] Текст ошибки: Страница не найдена | Файл: C:\OSPanel\domains\new-ishop2\vendor\wfm\Router.php | Строка: 62
==========
[2026-03-31 14:32:34] Текст ошибки: Страница не найдена | Файл: C:\OSPanel\domains\new-ishop2\vendor\wfm\Router.php | Строка: 62
==========
[2026-03-31 14:32:34] Текст ошибки: Страница не найдена | Файл: C:\OSPanel\domains\new-ishop2\vendor\wfm\Router.php | Строка: 62
==========
[2026-03-31 14:32:34] Текст ошибки: Страница не найдена | Файл: C:\OSPanel\domains\new-ishop2\vendor\wfm\Router.php | Строка: 62
==========
[2026-03-31 14:32:34] Текст ошибки: Страница не найдена | Файл: C:\OSPanel\domains\new-ishop2\vendor\wfm\Router.php | Строка: 62
==========
[2026-03-31 14:32:34] Текст ошибки: Страница не найдена | Файл: C:\OSPanel\domains\new-ishop2\vendor\wfm\Router.php | Строка: 62
==========
[2026-03-31 14:32:37] Текст ошибки: Страница не найдена | Файл: C:\OSPanel\domains\new-ishop2\vendor\wfm\Router.php | Строка: 62
==========
[2026-03-31 14:32:37] Текст ошибки: Страница не найдена | Файл: C:\OSPanel\domains\new-ishop2\vendor\wfm\Router.php | Строка: 62
==========
[2026-03-31 14:32:37] Текст ошибки: Страница не найдена | Файл: C:\OSPanel\domains\new-ishop2\vendor\wfm\Router.php | Строка: 62
==========
[2026-03-31 14:32:37] Текст ошибки: Страница не найдена | Файл: C:\OSPanel\domains\new-ishop2\vendor\wfm\Router.php | Строка: 62
==========
[2026-03-31 14:32:37] Текст ошибки: Страница не найдена | Файл: C:\OSPanel\domains\new-ishop2\vendor\wfm\Router.php | Строка: 62
==========
[2026-03-31 14:32:37] Текст ошибки: Страница не найдена | Файл: C:\OSPanel\domains\new-ishop2\vendor\wfm\Router.php | Строка: 62
==========
[2026-03-31 14:33:06] Текст ошибки: Страница не найдена | Файл: C:\OSPanel\domains\new-ishop2\vendor\wfm\Router.php | Строка: 62
==========
[2026-03-31 14:33:22] Текст ошибки: Страница не найдена | Файл: C:\OSPanel\domains\new-ishop2\vendor\wfm\Router.php | Строка: 62
==========
[2026-03-31 14:33:22] Текст ошибки: Страница не найдена | Файл: C:\OSPanel\domains\new-ishop2\vendor\wfm\Router.php | Строка: 62
==========
[2026-03-31 14:33:22] Текст ошибки: Страница не найдена | Файл: C:\OSPanel\domains\new-ishop2\vendor\wfm\Router.php | Строка: 62
==========
[2026-03-31 14:33:22] Текст ошибки: Страница не найдена | Файл: C:\OSPanel\domains\new-ishop2\vendor\wfm\Router.php | Строка: 62
==========
[2026-03-31 14:33:22] Текст ошибки: Страница не найдена | Файл: C:\OSPanel\domains\new-ishop2\vendor\wfm\Router.php | Строка: 62
==========
[2026-03-31 17:18:04] Текст ошибки: Страница не найдена | Файл: C:\OSPanel\domains\new-ishop2\vendor\wfm\Router.php | Строка: 62
==========
[2026-04-03 04:22:29] Текст ошибки: Страница не найдена | Файл: C:\OSPanel\domains\new-ishop2\vendor\wfm\Router.php | Строка: 62
==========
[2026-04-03 04:22:29] Текст ошибки: Страница не найдена | Файл: C:\OSPanel\domains\new-ishop2\vendor\wfm\Router.php | Строка: 62
==========
[2026-04-03 04:22:29] Текст ошибки: Страница не найдена | Файл: C:\OSPanel\domains\new-ishop2\vendor\wfm\Router.php | Строка: 62
==========
[2026-04-03 04:36:35] Текст ошибки: Страница не найдена | Файл: C:\OSPanel\domains\new-ishop2\vendor\wfm\Router.php | Строка: 62
==========
[2026-04-03 04:36:53] Текст ошибки: Страница не найдена | Файл: C:\OSPanel\domains\new-ishop2\vendor\wfm\Router.php | Строка: 62
==========
[2026-04-03 04:36:53] Текст ошибки: Страница не найдена | Файл: C:\OSPanel\domains\new-ishop2\vendor\wfm\Router.php | Строка: 62
==========
[2026-04-03 04:36:53] Текст ошибки: Страница не найдена | Файл: C:\OSPanel\domains\new-ishop2\vendor\wfm\Router.php | Строка: 62
==========
[2026-04-03 04:36:53] Текст ошибки: Страница не найдена | Файл: C:\OSPanel\domains\new-ishop2\vendor\wfm\Router.php | Строка: 62
==========
[2026-04-03 04:36:53] Текст ошибки: Страница не найдена | Файл: C:\OSPanel\domains\new-ishop2\vendor\wfm\Router.php | Строка: 62
==========
[2026-04-03 04:36:53] Текст ошибки: Страница не найдена | Файл: C:\OSPanel\domains\new-ishop2\vendor\wfm\Router.php | Строка: 62
==========
[2026-04-03 04:48:33] Текст ошибки: Страница не найдена | Файл: C:\OSPanel\domains\new-ishop2\vendor\wfm\Router.php | Строка: 62
==========
[2026-04-03 04:48:40] Текст ошибки: Страница не найдена | Файл: C:\OSPanel\domains\new-ishop2\vendor\wfm\Router.php | Строка: 62
==========
[2026-04-03 04:50:09] Текст ошибки: Страница не найдена | Файл: C:\OSPanel\domains\new-ishop2\vendor\wfm\Router.php | Строка: 62
==========
[2026-04-03 04:50:10] Текст ошибки: Страница не найдена | Файл: C:\OSPanel\domains\new-ishop2\vendor\wfm\Router.php | Строка: 62
==========
[2026-04-03 04:50:11] Текст ошибки: Страница не найдена | Файл: C:\OSPanel\domains\new-ishop2\vendor\wfm\Router.php | Строка: 62
==========
[2026-04-03 04:50:11] Текст ошибки: Страница не найдена | Файл: C:\OSPanel\domains\new-ishop2\vendor\wfm\Router.php | Строка: 62
==========
[2026-04-03 04:50:33] Текст ошибки: Страница не найдена | Файл: C:\OSPanel\domains\new-ishop2\vendor\wfm\Router.php | Строка: 62
==========
[2026-04-03 04:50:34] Текст ошибки: Страница не найдена | Файл: C:\OSPanel\domains\new-ishop2\vendor\wfm\Router.php | Строка: 62
==========
[2026-04-03 04:50:34] Текст ошибки: Страница не найдена | Файл: C:\OSPanel\domains\new-ishop2\vendor\wfm\Router.php | Строка: 62
==========
[2026-04-03 04:50:34] Текст ошибки: Страница не найдена | Файл: C:\OSPanel\domains\new-ishop2\vendor\wfm\Router.php | Строка: 62
==========
[2026-04-03 04:50:34] Текст ошибки: Страница не найдена | Файл: C:\OSPanel\domains\new-ishop2\vendor\wfm\Router.php | Строка: 62
==========
[2026-04-03 04:50:35] Текст ошибки: Страница не найдена | Файл: C:\OSPanel\domains\new-ishop2\vendor\wfm\Router.php | Строка: 62
==========
[2026-04-03 04:51:29] Текст ошибки: Undefined array key "HTTP_REFERER" | Файл: C:\OSPanel\domains\new-ishop2\app\controllers\LanguageController.php | Строка: 9
==========
[2026-04-03 04:52:51] Текст ошибки: Undefined array key "HTTP_REFERER" | Файл: C:\OSPanel\domains\new-ishop2\app\controllers\LanguageController.php | Строка: 9
==========
[2026-04-03 04:53:59] Текст ошибки: Undefined array key "HTTP_REFERER" | Файл: C:\OSPanel\domains\new-ishop2\app\controllers\LanguageController.php | Строка: 13
==========
[2026-04-03 05:04:49] Текст ошибки: Undefined array key "HTTP_REFERER" | Файл: C:\OSPanel\domains\new-ishop2\app\controllers\LanguageController.php | Строка: 13
==========
[2026-04-03 05:04:51] Текст ошибки: Undefined array key "HTTP_REFERER" | Файл: C:\OSPanel\domains\new-ishop2\app\controllers\LanguageController.php | Строка: 13
==========
[2026-04-03 05:07:13] Текст ошибки: syntax error, unexpected token ";", expecting ")" | Файл: C:\OSPanel\domains\new-ishop2\app\controllers\LanguageController.php | Строка: 13
==========
[2026-04-03 05:07:22] Текст ошибки: Страница не найдена | Файл: C:\OSPanel\domains\new-ishop2\vendor\wfm\Router.php | Строка: 62
==========
[2026-04-03 05:07:22] Текст ошибки: Страница не найдена | Файл: C:\OSPanel\domains\new-ishop2\vendor\wfm\Router.php | Строка: 62
==========
[2026-04-03 05:07:22] Текст ошибки: Страница не найдена | Файл: C:\OSPanel\domains\new-ishop2\vendor\wfm\Router.php | Строка: 62
==========
[2026-04-03 05:07:22] Текст ошибки: Страница не найдена | Файл: C:\OSPanel\domains\new-ishop2\vendor\wfm\Router.php | Строка: 62
==========
[2026-04-03 05:07:22] Текст ошибки: Страница не найдена | Файл: C:\OSPanel\domains\new-ishop2\vendor\wfm\Router.php | Строка: 62
==========
[2026-04-03 05:07:22] Текст ошибки: Страница не найдена | Файл: C:\OSPanel\domains\new-ishop2\vendor\wfm\Router.php | Строка: 62
==========
[2026-04-03 05:07:22] Текст ошибки: Страница не найдена | Файл: C:\OSPanel\domains\new-ishop2\vendor\wfm\Router.php | Строка: 62
==========
[2026-04-03 05:07:22] Текст ошибки: Страница не найдена | Файл: C:\OSPanel\domains\new-ishop2\vendor\wfm\Router.php | Строка: 62
==========
[2026-04-03 05:07:24] Текст ошибки: syntax error, unexpected token ";", expecting ")" | Файл: C:\OSPanel\domains\new-ishop2\app\controllers\LanguageController.php | Строка: 13
==========
[2026-04-03 11:34:22] Текст ошибки: Страница не найдена | Файл: C:\OSPanel\domains\new-ishop2\vendor\wfm\Router.php | Строка: 62
==========
[2026-04-03 11:34:22] Текст ошибки: Страница не найдена | Файл: C:\OSPanel\domains\new-ishop2\vendor\wfm\Router.php | Строка: 62
==========
[2026-04-03 11:34:22] Текст ошибки: Страница не найдена | Файл: C:\OSPanel\domains\new-ishop2\vendor\wfm\Router.php | Строка: 62
==========
[2026-04-03 11:34:25] Текст ошибки: Страница не найдена | Файл: C:\OSPanel\domains\new-ishop2\vendor\wfm\Router.php | Строка: 62
==========
[2026-04-03 11:35:19] Текст ошибки: Страница не найдена | Файл: C:\OSPanel\domains\new-ishop2\vendor\wfm\Router.php | Строка: 62
==========
[2026-04-03 11:36:01] Текст ошибки: Страница не найдена | Файл: C:\OSPanel\domains\new-ishop2\vendor\wfm\Router.php | Строка: 62
==========
[2026-04-05 05:04:04] Текст ошибки: Страница не найдена | Файл: C:\OSPanel\domains\new-ishop2\vendor\wfm\Router.php | Строка: 62
==========
[2026-04-05 05:04:08] Текст ошибки: Страница не найдена | Файл: C:\OSPanel\domains\new-ishop2\vendor\wfm\Router.php | Строка: 62
==========
[2026-04-05 05:12:14] Текст ошибки: Страница не найдена | Файл: C:\OSPanel\domains\new-ishop2\vendor\wfm\Router.php | Строка: 62
==========
[2026-04-05 05:12:14] Текст ошибки: Страница не найдена | Файл: C:\OSPanel\domains\new-ishop2\vendor\wfm\Router.php | Строка: 62
==========
[2026-04-05 05:12:14] Текст ошибки: Страница не найдена | Файл: C:\OSPanel\domains\new-ishop2\vendor\wfm\Router.php | Строка: 62
==========
[2026-04-05 05:12:14] Текст ошибки: Страница не найдена | Файл: C:\OSPanel\domains\new-ishop2\vendor\wfm\Router.php | Строка: 62
==========
[2026-04-05 05:12:14] Текст ошибки: Страница не найдена | Файл: C:\OSPanel\domains\new-ishop2\vendor\wfm\Router.php | Строка: 62
==========
[2026-04-05 05:12:14] Текст ошибки: Страница не найдена | Файл: C:\OSPanel\domains\new-ishop2\vendor\wfm\Router.php | Строка: 62
==========
[2026-04-05 05:12:14] Текст ошибки: Страница не найдена | Файл: C:\OSPanel\domains\new-ishop2\vendor\wfm\Router.php | Строка: 62
==========
[2026-04-05 05:19:11] Текст ошибки: Страница не найдена | Файл: C:\OSPanel\domains\new-ishop2\vendor\wfm\Router.php | Строка: 62
==========
[2026-04-05 05:19:11] Текст ошибки: Страница не найдена | Файл: C:\OSPanel\domains\new-ishop2\vendor\wfm\Router.php | Строка: 62
==========
[2026-04-05 05:19:11] Текст ошибки: Страница не найдена | Файл: C:\OSPanel\domains\new-ishop2\vendor\wfm\Router.php | Строка: 62
==========
[2026-04-05 05:23:34] Текст ошибки: Страница не найдена | Файл: C:\OSPanel\domains\new-ishop2\vendor\wfm\Router.php | Строка: 62
==========
[2026-04-05 05:23:34] Текст ошибки: Страница не найдена | Файл: C:\OSPanel\domains\new-ishop2\vendor\wfm\Router.php | Строка: 62
==========
[2026-04-05 05:23:34] Текст ошибки: Страница не найдена | Файл: C:\OSPanel\domains\new-ishop2\vendor\wfm\Router.php | Строка: 62
==========
[2026-04-05 05:23:34] Текст ошибки: Страница не найдена | Файл: C:\OSPanel\domains\new-ishop2\vendor\wfm\Router.php | Строка: 62
==========
[2026-04-05 05:23:34] Текст ошибки: Страница не найдена | Файл: C:\OSPanel\domains\new-ishop2\vendor\wfm\Router.php | Строка: 62
==========
[2026-04-05 05:23:34] Текст ошибки: Страница не найдена | Файл: C:\OSPanel\domains\new-ishop2\vendor\wfm\Router.php | Строка: 62
==========
[2026-04-05 05:23:34] Текст ошибки: Страница не найдена | Файл: C:\OSPanel\domains\new-ishop2\vendor\wfm\Router.php | Строка: 62
==========
[2026-04-05 05:23:34] Текст ошибки: Страница не найдена | Файл: C:\OSPanel\domains\new-ishop2\vendor\wfm\Router.php | Строка: 62
==========
[2026-04-05 05:23:36] Текст ошибки: Страница не найдена | Файл: C:\OSPanel\domains\new-ishop2\vendor\wfm\Router.php | Строка: 62
==========
[2026-04-05 05:23:36] Текст ошибки: Страница не найдена | Файл: C:\OSPanel\domains\new-ishop2\vendor\wfm\Router.php | Строка: 62
==========
[2026-04-05 05:23:36] Текст ошибки: Страница не найдена | Файл: C:\OSPanel\domains\new-ishop2\vendor\wfm\Router.php | Строка: 62
==========
[2026-04-05 05:23:36] Текст ошибки: Страница не найдена | Файл: C:\OSPanel\domains\new-ishop2\vendor\wfm\Router.php | Строка: 62
==========
[2026-04-05 05:23:36] Текст ошибки: Страница не найдена | Файл: C:\OSPanel\domains\new-ishop2\vendor\wfm\Router.php | Строка: 62
==========
[2026-04-05 05:23:36] Текст ошибки: Страница не найдена | Файл: C:\OSPanel\domains\new-ishop2\vendor\wfm\Router.php | Строка: 62
==========
[2026-04-05 05:23:38] Текст ошибки: Страница не найдена | Файл: C:\OSPanel\domains\new-ishop2\vendor\wfm\Router.php | Строка: 62
==========
[2026-04-05 05:23:38] Текст ошибки: Страница не найдена | Файл: C:\OSPanel\domains\new-ishop2\vendor\wfm\Router.php | Строка: 62
==========
[2026-04-05 05:23:38] Текст ошибки: Страница не найдена | Файл: C:\OSPanel\domains\new-ishop2\vendor\wfm\Router.php | Строка: 62
==========
[2026-04-05 05:23:38] Текст ошибки: Страница не найдена | Файл: C:\OSPanel\domains\new-ishop2\vendor\wfm\Router.php | Строка: 62
==========
[2026-04-05 05:23:38] Текст ошибки: Страница не найдена | Файл: C:\OSPanel\domains\new-ishop2\vendor\wfm\Router.php | Строка: 62
==========
[2026-04-05 05:23:38] Текст ошибки: Страница не найдена | Файл: C:\OSPanel\domains\new-ishop2\vendor\wfm\Router.php | Строка: 62
==========
[2026-04-05 05:23:38] Текст ошибки: Страница не найдена | Файл: C:\OSPanel\domains\new-ishop2\vendor\wfm\Router.php | Строка: 62
==========
[2026-04-05 05:23:38] Текст ошибки: Страница не найдена | Файл: C:\OSPanel\domains\new-ishop2\vendor\wfm\Router.php | Строка: 62
==========
[2026-04-05 05:23:41] Текст ошибки: Страница не найдена | Файл: C:\OSPanel\domains\new-ishop2\vendor\wfm\Router.php | Строка: 62
==========
[2026-04-05 05:23:41] Текст ошибки: Страница не найдена | Файл: C:\OSPanel\domains\new-ishop2\vendor\wfm\Router.php | Строка: 62
==========
[2026-04-05 05:23:41] Текст ошибки: Страница не найдена | Файл: C:\OSPanel\domains\new-ishop2\vendor\wfm\Router.php | Строка: 62
==========
[2026-04-05 05:23:41] Текст ошибки: Страница не найдена | Файл: C:\OSPanel\domains\new-ishop2\vendor\wfm\Router.php | Строка: 62
==========
[2026-04-05 05:23:41] Текст ошибки: Страница не найдена | Файл: C:\OSPanel\domains\new-ishop2\vendor\wfm\Router.php | Строка: 62
==========
[2026-04-05 05:23:41] Текст ошибки: Страница не найдена | Файл: C:\OSPanel\domains\new-ishop2\vendor\wfm\Router.php | Строка: 62
==========
[2026-04-05 05:23:41] Текст ошибки: Страница не найдена | Файл: C:\OSPanel\domains\new-ishop2\vendor\wfm\Router.php | Строка: 62
==========
[2026-04-05 05:23:41] Текст ошибки: Страница не найдена | Файл: C:\OSPanel\domains\new-ishop2\vendor\wfm\Router.php | Строка: 62
==========
[2026-04-05 05:25:59] Текст ошибки: Страница не найдена | Файл: C:\OSPanel\domains\new-ishop2\vendor\wfm\Router.php | Строка: 62
==========
[2026-04-05 05:25:59] Текст ошибки: Страница не найдена | Файл: C:\OSPanel\domains\new-ishop2\vendor\wfm\Router.php | Строка: 62
==========
[2026-04-05 05:25:59] Текст ошибки: Страница не найдена | Файл: C:\OSPanel\domains\new-ishop2\vendor\wfm\Router.php | Строка: 62
==========
[2026-04-05 05:26:13] Текст ошибки: Страница не найдена | Файл: C:\OSPanel\domains\new-ishop2\vendor\wfm\Router.php | Строка: 62
==========
[2026-04-05 05:26:13] Текст ошибки: Страница не найдена | Файл: C:\OSPanel\domains\new-ishop2\vendor\wfm\Router.php | Строка: 62
==========
[2026-04-05 05:26:13] Текст ошибки: Страница не найдена | Файл: C:\OSPanel\domains\new-ishop2\vendor\wfm\Router.php | Строка: 62
==========
[2026-04-05 05:26:13] Текст ошибки: Страница не найдена | Файл: C:\OSPanel\domains\new-ishop2\vendor\wfm\Router.php | Строка: 62
==========
[2026-04-05 05:26:13] Текст ошибки: Страница не найдена | Файл: C:\OSPanel\domains\new-ishop2\vendor\wfm\Router.php | Строка: 62
==========
[2026-04-05 05:26:13] Текст ошибки: Страница не найдена | Файл: C:\OSPanel\domains\new-ishop2\vendor\wfm\Router.php | Строка: 62
==========
[2026-04-05 05:26:13] Текст ошибки: Страница не найдена | Файл: C:\OSPanel\domains\new-ishop2\vendor\wfm\Router.php | Строка: 62
==========
[2026-04-05 05:26:13] Текст ошибки: Страница не найдена | Файл: C:\OSPanel\domains\new-ishop2\vendor\wfm\Router.php | Строка: 62
==========
[2026-04-05 05:26:16] Текст ошибки: str_replace(): Argument #4 ($count) cannot be passed by reference | Файл: C:\OSPanel\domains\new-ishop2\app\controllers\LanguageController.php | Строка: 12
==========
[2026-04-05 05:26:54] Текст ошибки: Страница не найдена | Файл: C:\OSPanel\domains\new-ishop2\vendor\wfm\Router.php | Строка: 62
==========
[2026-04-05 05:26:54] Текст ошибки: Страница не найдена | Файл: C:\OSPanel\domains\new-ishop2\vendor\wfm\Router.php | Строка: 62
==========
[2026-04-05 05:26:54] Текст ошибки: Страница не найдена | Файл: C:\OSPanel\domains\new-ishop2\vendor\wfm\Router.php | Строка: 62
==========
[2026-04-05 05:26:54] Текст ошибки: Страница не найдена | Файл: C:\OSPanel\domains\new-ishop2\vendor\wfm\Router.php | Строка: 62
==========
[2026-04-05 05:26:54] Текст ошибки: Страница не найдена | Файл: C:\OSPanel\domains\new-ishop2\vendor\wfm\Router.php | Строка: 62
==========
[2026-04-05 05:26:54] Текст ошибки: Страница не найдена | Файл: C:\OSPanel\domains\new-ishop2\vendor\wfm\Router.php | Строка: 62
==========
[2026-04-05 05:26:54] Текст ошибки: Страница не найдена | Файл: C:\OSPanel\domains\new-ishop2\vendor\wfm\Router.php | Строка: 62
==========
[2026-04-05 05:26:58] Текст ошибки: Страница не найдена | Файл: C:\OSPanel\domains\new-ishop2\vendor\wfm\Router.php | Строка: 62
==========
[2026-04-05 05:26:58] Текст ошибки: Страница не найдена | Файл: C:\OSPanel\domains\new-ishop2\vendor\wfm\Router.php | Строка: 62
==========
[2026-04-05 05:26:58] Текст ошибки: Страница не найдена | Файл: C:\OSPanel\domains\new-ishop2\vendor\wfm\Router.php | Строка: 62
==========
[2026-04-05 05:26:58] Текст ошибки: Страница не найдена | Файл: C:\OSPanel\domains\new-ishop2\vendor\wfm\Router.php | Строка: 62
==========
[2026-04-05 05:26:58] Текст ошибки: Страница не найдена | Файл: C:\OSPanel\domains\new-ishop2\vendor\wfm\Router.php | Строка: 62
==========
[2026-04-05 05:26:58] Текст ошибки: Страница не найдена | Файл: C:\OSPanel\domains\new-ishop2\vendor\wfm\Router.php | Строка: 62
==========
[2026-04-05 05:26:58] Текст ошибки: Страница не найдена | Файл: C:\OSPanel\domains\new-ishop2\vendor\wfm\Router.php | Строка: 62
==========
[2026-04-05 05:27:13] Текст ошибки: Страница не найдена | Файл: C:\OSPanel\domains\new-ishop2\vendor\wfm\Router.php | Строка: 62
==========
[2026-04-05 05:27:13] Текст ошибки: Страница не найдена | Файл: C:\OSPanel\domains\new-ishop2\vendor\wfm\Router.php | Строка: 62
==========
[2026-04-05 05:27:13] Текст ошибки: Страница не найдена | Файл: C:\OSPanel\domains\new-ishop2\vendor\wfm\Router.php | Строка: 62
==========
[2026-04-05 05:27:13] Текст ошибки: Страница не найдена | Файл: C:\OSPanel\domains\new-ishop2\vendor\wfm\Router.php | Строка: 62
==========
[2026-04-05 05:27:13] Текст ошибки: Страница не найдена | Файл: C:\OSPanel\domains\new-ishop2\vendor\wfm\Router.php | Строка: 62
==========
[2026-04-05 05:27:13] Текст ошибки: Страница не найдена | Файл: C:\OSPanel\domains\new-ishop2\vendor\wfm\Router.php | Строка: 62
==========
[2026-04-05 05:27:13] Текст ошибки: Страница не найдена | Файл: C:\OSPanel\domains\new-ishop2\vendor\wfm\Router.php | Строка: 62
==========
[2026-04-05 05:27:21] Текст ошибки: Страница не найдена | Файл: C:\OSPanel\domains\new-ishop2\vendor\wfm\Router.php | Строка: 62
==========
[2026-04-05 05:27:21] Текст ошибки: Страница не найдена | Файл: C:\OSPanel\domains\new-ishop2\vendor\wfm\Router.php | Строка: 62
==========
[2026-04-05 05:27:21] Текст ошибки: Страница не найдена | Файл: C:\OSPanel\domains\new-ishop2\vendor\wfm\Router.php | Строка: 62
==========
[2026-04-05 05:27:21] Текст ошибки: Страница не найдена | Файл: C:\OSPanel\domains\new-ishop2\vendor\wfm\Router.php | Строка: 62
==========
[2026-04-05 05:27:21] Текст ошибки: Страница не найдена | Файл: C:\OSPanel\domains\new-ishop2\vendor\wfm\Router.php | Строка: 62
==========
[2026-04-05 05:27:21] Текст ошибки: Страница не найдена | Файл: C:\OSPanel\domains\new-ishop2\vendor\wfm\Router.php | Строка: 62
==========
[2026-04-05 05:27:21] Текст ошибки: Страница не найдена | Файл: C:\OSPanel\domains\new-ishop2\vendor\wfm\Router.php | Строка: 62
==========
[2026-04-05 05:27:37] Текст ошибки: Страница не найдена | Файл: C:\OSPanel\domains\new-ishop2\vendor\wfm\Router.php | Строка: 62
==========
[2026-04-05 05:27:37] Текст ошибки: Страница не найдена | Файл: C:\OSPanel\domains\new-ishop2\vendor\wfm\Router.php | Строка: 62
==========
[2026-04-05 05:27:37] Текст ошибки: Страница не найдена | Файл: C:\OSPanel\domains\new-ishop2\vendor\wfm\Router.php | Строка: 62
==========
[2026-04-05 05:27:37] Текст ошибки: Страница не найдена | Файл: C:\OSPanel\domains\new-ishop2\vendor\wfm\Router.php | Строка: 62
==========
[2026-04-05 05:27:37] Текст ошибки: Страница не найдена | Файл: C:\OSPanel\domains\new-ishop2\vendor\wfm\Router.php | Строка: 62
==========
[2026-04-05 05:27:37] Текст ошибки: Страница не найдена | Файл: C:\OSPanel\domains\new-ishop2\vendor\wfm\Router.php | Строка: 62
==========
[2026-04-05 05:27:37] Текст ошибки: Страница не найдена | Файл: C:\OSPanel\domains\new-ishop2\vendor\wfm\Router.php | Строка: 62
==========
[2026-04-05 05:27:52] Текст ошибки: Страница не найдена | Файл: C:\OSPanel\domains\new-ishop2\vendor\wfm\Router.php | Строка: 62
==========
[2026-04-05 05:27:52] Текст ошибки: Страница не найдена | Файл: C:\OSPanel\domains\new-ishop2\vendor\wfm\Router.php | Строка: 62
==========
[2026-04-05 05:27:52] Текст ошибки: Страница не найдена | Файл: C:\OSPanel\domains\new-ishop2\vendor\wfm\Router.php | Строка: 62
==========
[2026-04-05 05:27:52] Текст ошибки: Страница не найдена | Файл: C:\OSPanel\domains\new-ishop2\vendor\wfm\Router.php | Строка: 62
==========
[2026-04-05 05:27:52] Текст ошибки: Страница не найдена | Файл: C:\OSPanel\domains\new-ishop2\vendor\wfm\Router.php | Строка: 62
==========
[2026-04-05 05:27:52] Текст ошибки: Страница не найдена | Файл: C:\OSPanel\domains\new-ishop2\vendor\wfm\Router.php | Строка: 62
==========
[2026-04-05 05:27:58] Текст ошибки: Страница не найдена | Файл: C:\OSPanel\domains\new-ishop2\vendor\wfm\Router.php | Строка: 62
==========
[2026-04-05 05:27:58] Текст ошибки: Страница не найдена | Файл: C:\OSPanel\domains\new-ishop2\vendor\wfm\Router.php | Строка: 62
==========
[2026-04-05 05:27:58] Текст ошибки: Страница не найдена | Файл: C:\OSPanel\domains\new-ishop2\vendor\wfm\Router.php | Строка: 62
==========
[2026-04-05 05:27:58] Текст ошибки: Страница не найдена | Файл: C:\OSPanel\domains\new-ishop2\vendor\wfm\Router.php | Строка: 62
==========
[2026-04-05 05:27:58] Текст ошибки: Страница не найдена | Файл: C:\OSPanel\domains\new-ishop2\vendor\wfm\Router.php | Строка: 62
==========
[2026-04-05 05:27:58] Текст ошибки: Страница не найдена | Файл: C:\OSPanel\domains\new-ishop2\vendor\wfm\Router.php | Строка: 62
==========
[2026-04-05 05:27:58] Текст ошибки: Страница не найдена | Файл: C:\OSPanel\domains\new-ishop2\vendor\wfm\Router.php | Строка: 62
==========
[2026-04-05 05:28:18] Текст ошибки: Страница не найдена | Файл: C:\OSPanel\domains\new-ishop2\vendor\wfm\Router.php | Строка: 62
==========
[2026-04-05 05:28:18] Текст ошибки: Страница не найдена | Файл: C:\OSPanel\domains\new-ishop2\vendor\wfm\Router.php | Строка: 62
==========
[2026-04-05 05:28:18] Текст ошибки: Страница не найдена | Файл: C:\OSPanel\domains\new-ishop2\vendor\wfm\Router.php | Строка: 62
==========
[2026-04-05 05:28:22] Текст ошибки: Страница не найдена | Файл: C:\OSPanel\domains\new-ishop2\vendor\wfm\Router.php | Строка: 62
==========
[2026-04-05 05:28:22] Текст ошибки: Страница не найдена | Файл: C:\OSPanel\domains\new-ishop2\vendor\wfm\Router.php | Строка: 62
==========
[2026-04-05 05:28:22] Текст ошибки: Страница не найдена | Файл: C:\OSPanel\domains\new-ishop2\vendor\wfm\Router.php | Строка: 62
==========
[2026-04-05 05:28:22] Текст ошибки: Страница не найдена | Файл: C:\OSPanel\domains\new-ishop2\vendor\wfm\Router.php | Строка: 62
==========
[2026-04-05 05:28:22] Текст ошибки: Страница не найдена | Файл: C:\OSPanel\domains\new-ishop2\vendor\wfm\Router.php | Строка: 62
==========
[2026-04-05 05:28:22] Текст ошибки: Страница не найдена | Файл: C:\OSPanel\domains\new-ishop2\vendor\wfm\Router.php | Строка: 62
==========
[2026-04-05 05:28:22] Текст ошибки: Страница не найдена | Файл: C:\OSPanel\domains\new-ishop2\vendor\wfm\Router.php | Строка: 62
==========
[2026-04-05 05:28:22] Текст ошибки: Страница не найдена | Файл: C:\OSPanel\domains\new-ishop2\vendor\wfm\Router.php | Строка: 62
==========
[2026-04-05 05:28:27] Текст ошибки: Страница не найдена | Файл: C:\OSPanel\domains\new-ishop2\vendor\wfm\Router.php | Строка: 62
==========
[2026-04-05 05:28:27] Текст ошибки: Страница не найдена | Файл: C:\OSPanel\domains\new-ishop2\vendor\wfm\Router.php | Строка: 62
==========
[2026-04-05 05:28:27] Текст ошибки: Страница не найдена | Файл: C:\OSPanel\domains\new-ishop2\vendor\wfm\Router.php | Строка: 62
==========
[2026-04-05 05:28:27] Текст ошибки: Страница не найдена | Файл: C:\OSPanel\domains\new-ishop2\vendor\wfm\Router.php | Строка: 62
==========
[2026-04-05 05:28:27] Текст ошибки: Страница не найдена | Файл: C:\OSPanel\domains\new-ishop2\vendor\wfm\Router.php | Строка: 62
==========
[2026-04-05 05:28:27] Текст ошибки: Страница не найдена | Файл: C:\OSPanel\domains\new-ishop2\vendor\wfm\Router.php | Строка: 62
==========
[2026-04-05 05:28:27] Текст ошибки: Страница не найдена | Файл: C:\OSPanel\domains\new-ishop2\vendor\wfm\Router.php | Строка: 62
==========
[2026-04-05 05:28:35] Текст ошибки: Страница не найдена | Файл: C:\OSPanel\domains\new-ishop2\vendor\wfm\Router.php | Строка: 62
==========
[2026-04-05 05:28:35] Текст ошибки: Страница не найдена | Файл: C:\OSPanel\domains\new-ishop2\vendor\wfm\Router.php | Строка: 62
==========
[2026-04-05 05:28:35] Текст ошибки: Страница не найдена | Файл: C:\OSPanel\domains\new-ishop2\vendor\wfm\Router.php | Строка: 62
==========
[2026-04-05 05:28:35] Текст ошибки: Страница не найдена | Файл: C:\OSPanel\domains\new-ishop2\vendor\wfm\Router.php | Строка: 62
==========
[2026-04-05 05:28:35] Текст ошибки: Страница не найдена | Файл: C:\OSPanel\domains\new-ishop2\vendor\wfm\Router.php | Строка: 62
==========
[2026-04-05 05:28:35] Текст ошибки: Страница не найдена | Файл: C:\OSPanel\domains\new-ishop2\vendor\wfm\Router.php | Строка: 62
==========
[2026-04-05 05:28:35] Текст ошибки: Страница не найдена | Файл: C:\OSPanel\domains\new-ishop2\vendor\wfm\Router.php | Строка: 62
==========
[2026-04-05 05:29:08] Текст ошибки: Страница не найдена | Файл: C:\OSPanel\domains\new-ishop2\vendor\wfm\Router.php | Строка: 62
==========
[2026-04-05 05:29:08] Текст ошибки: Страница не найдена | Файл: C:\OSPanel\domains\new-ishop2\vendor\wfm\Router.php | Строка: 62
==========
[2026-04-05 05:29:08] Текст ошибки: Страница не найдена | Файл: C:\OSPanel\domains\new-ishop2\vendor\wfm\Router.php | Строка: 62
==========
[2026-04-05 05:29:08] Текст ошибки: Страница не найдена | Файл: C:\OSPanel\domains\new-ishop2\vendor\wfm\Router.php | Строка: 62
==========
[2026-04-05 05:29:08] Текст ошибки: Страница не найдена | Файл: C:\OSPanel\domains\new-ishop2\vendor\wfm\Router.php | Строка: 62
==========
[2026-04-05 05:29:09] Текст ошибки: Страница не найдена | Файл: C:\OSPanel\domains\new-ishop2\vendor\wfm\Router.php | Строка: 62
==========
[2026-04-05 05:29:09] Текст ошибки: Страница не найдена | Файл: C:\OSPanel\domains\new-ishop2\vendor\wfm\Router.php | Строка: 62
==========
[2026-04-05 05:29:09] Текст ошибки: Страница не найдена | Файл: C:\OSPanel\domains\new-ishop2\vendor\wfm\Router.php | Строка: 62
==========
[2026-04-05 05:29:09] Текст ошибки: Страница не найдена | Файл: C:\OSPanel\domains\new-ishop2\vendor\wfm\Router.php | Строка: 62
==========
[2026-04-05 05:29:09] Текст ошибки: Страница не найдена | Файл: C:\OSPanel\domains\new-ishop2\vendor\wfm\Router.php | Строка: 62
==========
[2026-04-05 05:29:09] Текст ошибки: Страница не найдена | Файл: C:\OSPanel\domains\new-ishop2\vendor\wfm\Router.php | Строка: 62
==========
[2026-04-05 05:29:09] Текст ошибки: Страница не найдена | Файл: C:\OSPanel\domains\new-ishop2\vendor\wfm\Router.php | Строка: 62
==========
[2026-04-05 05:29:11] Текст ошибки: str_replace(): Argument #4 ($count) cannot be passed by reference | Файл: C:\OSPanel\domains\new-ishop2\app\controllers\LanguageController.php | Строка: 12
==========
[2026-04-05 05:29:20] Текст ошибки: Страница не найдена | Файл: C:\OSPanel\domains\new-ishop2\vendor\wfm\Router.php | Строка: 62
==========
[2026-04-05 05:29:20] Текст ошибки: Страница не найдена | Файл: C:\OSPanel\domains\new-ishop2\vendor\wfm\Router.php | Строка: 62
==========
[2026-04-05 05:29:20] Текст ошибки: Страница не найдена | Файл: C:\OSPanel\domains\new-ishop2\vendor\wfm\Router.php | Строка: 62
==========
[2026-04-05 05:29:20] Текст ошибки: Страница не найдена | Файл: C:\OSPanel\domains\new-ishop2\vendor\wfm\Router.php | Строка: 62
==========
[2026-04-05 05:29:20] Текст ошибки: Страница не найдена | Файл: C:\OSPanel\domains\new-ishop2\vendor\wfm\Router.php | Строка: 62
==========
[2026-04-05 05:29:43] Текст ошибки: Страница не найдена | Файл: C:\OSPanel\domains\new-ishop2\vendor\wfm\Router.php | Строка: 62
==========
[2026-04-05 05:29:43] Текст ошибки: Страница не найдена | Файл: C:\OSPanel\domains\new-ishop2\vendor\wfm\Router.php | Строка: 62
==========
[2026-04-05 05:29:43] Текст ошибки: Страница не найдена | Файл: C:\OSPanel\domains\new-ishop2\vendor\wfm\Router.php | Строка: 62
==========
[2026-04-05 05:32:08] Текст ошибки: Страница не найдена | Файл: C:\OSPanel\domains\new-ishop2\vendor\wfm\Router.php | Строка: 62
==========
[2026-04-05 05:32:08] Текст ошибки: Страница не найдена | Файл: C:\OSPanel\domains\new-ishop2\vendor\wfm\Router.php | Строка: 62
==========
[2026-04-05 05:32:08] Текст ошибки: Страница не найдена | Файл: C:\OSPanel\domains\new-ishop2\vendor\wfm\Router.php | Строка: 62
==========
[2026-04-05 05:32:08] Текст ошибки: Страница не найдена | Файл: C:\OSPanel\domains\new-ishop2\vendor\wfm\Router.php | Строка: 62
==========
[2026-04-05 05:32:08] Текст ошибки: Страница не найдена | Файл: C:\OSPanel\domains\new-ishop2\vendor\wfm\Router.php | Строка: 62
==========
[2026-04-05 05:32:08] Текст ошибки: Страница не найдена | Файл: C:\OSPanel\domains\new-ishop2\vendor\wfm\Router.php | Строка: 62
==========
[2026-04-05 05:32:08] Текст ошибки: Страница не найдена | Файл: C:\OSPanel\domains\new-ishop2\vendor\wfm\Router.php | Строка: 62
==========
[2026-04-05 05:32:08] Текст ошибки: Страница не найдена | Файл: C:\OSPanel\domains\new-ishop2\vendor\wfm\Router.php | Строка: 62
==========
[2026-04-05 05:32:33] Текст ошибки: Страница не найдена | Файл: C:\OSPanel\domains\new-ishop2\vendor\wfm\Router.php | Строка: 62
==========
[2026-04-05 05:32:33] Текст ошибки: Страница не найдена | Файл: C:\OSPanel\domains\new-ishop2\vendor\wfm\Router.php | Строка: 62
==========
[2026-04-05 05:32:33] Текст ошибки: Страница не найдена | Файл: C:\OSPanel\domains\new-ishop2\vendor\wfm\Router.php | Строка: 62
==========
[2026-04-05 05:32:44] Текст ошибки: Страница не найдена | Файл: C:\OSPanel\domains\new-ishop2\vendor\wfm\Router.php | Строка: 62
==========
[2026-04-05 05:32:44] Текст ошибки: Страница не найдена | Файл: C:\OSPanel\domains\new-ishop2\vendor\wfm\Router.php | Строка: 62
==========
[2026-04-05 05:32:44] Текст ошибки: Страница не найдена | Файл: C:\OSPanel\domains\new-ishop2\vendor\wfm\Router.php | Строка: 62
==========
[2026-04-05 05:32:44] Текст ошибки: Страница не найдена | Файл: C:\OSPanel\domains\new-ishop2\vendor\wfm\Router.php | Строка: 62
==========
[2026-04-05 05:32:44] Текст ошибки: Страница не найдена | Файл: C:\OSPanel\domains\new-ishop2\vendor\wfm\Router.php | Строка: 62
==========
[2026-04-05 05:32:44] Текст ошибки: Страница не найдена | Файл: C:\OSPanel\domains\new-ishop2\vendor\wfm\Router.php | Строка: 62
==========
[2026-04-05 05:32:44] Текст ошибки: Страница не найдена | Файл: C:\OSPanel\domains\new-ishop2\vendor\wfm\Router.php | Строка: 62
==========
[2026-04-05 05:32:44] Текст ошибки: Страница не найдена | Файл: C:\OSPanel\domains\new-ishop2\vendor\wfm\Router.php | Строка: 62
==========
[2026-04-05 05:33:36] Текст ошибки: Страница не найдена | Файл: C:\OSPanel\domains\new-ishop2\vendor\wfm\Router.php | Строка: 62
==========
[2026-04-05 05:33:36] Текст ошибки: Страница не найдена | Файл: C:\OSPanel\domains\new-ishop2\vendor\wfm\Router.php | Строка: 62
==========
[2026-04-05 05:33:36] Текст ошибки: Страница не найдена | Файл: C:\OSPanel\domains\new-ishop2\vendor\wfm\Router.php | Строка: 62
==========
[2026-04-05 05:33:36] Текст ошибки: Страница не найдена | Файл: C:\OSPanel\domains\new-ishop2\vendor\wfm\Router.php | Строка: 62
==========
[2026-04-05 05:33:36] Текст ошибки: Страница не найдена | Файл: C:\OSPanel\domains\new-ishop2\vendor\wfm\Router.php | Строка: 62
==========
[2026-04-05 05:33:36] Текст ошибки: Страница не найдена | Файл: C:\OSPanel\domains\new-ishop2\vendor\wfm\Router.php | Строка: 62
==========
[2026-04-05 05:33:36] Текст ошибки: Страница не найдена | Файл: C:\OSPanel\domains\new-ishop2\vendor\wfm\Router.php | Строка: 62
==========
[2026-04-05 05:33:36] Текст ошибки: Страница не найдена | Файл: C:\OSPanel\domains\new-ishop2\vendor\wfm\Router.php | Строка: 62
==========
[2026-04-05 05:33:39] Текст ошибки: Страница не найдена | Файл: C:\OSPanel\domains\new-ishop2\vendor\wfm\Router.php | Строка: 62
==========
[2026-04-05 05:33:39] Текст ошибки: Страница не найдена | Файл: C:\OSPanel\domains\new-ishop2\vendor\wfm\Router.php | Строка: 62
==========
[2026-04-05 05:33:39] Текст ошибки: Страница не найдена | Файл: C:\OSPanel\domains\new-ishop2\vendor\wfm\Router.php | Строка: 62
==========
[2026-04-05 05:33:39] Текст ошибки: Страница не найдена | Файл: C:\OSPanel\domains\new-ishop2\vendor\wfm\Router.php | Строка: 62
==========
[2026-04-05 05:33:41] Текст ошибки: Страница не найдена | Файл: C:\OSPanel\domains\new-ishop2\vendor\wfm\Router.php | Строка: 62
==========
[2026-04-05 05:33:41] Текст ошибки: Страница не найдена | Файл: C:\OSPanel\domains\new-ishop2\vendor\wfm\Router.php | Строка: 62
==========
[2026-04-05 05:33:41] Текст ошибки: Страница не найдена | Файл: C:\OSPanel\domains\new-ishop2\vendor\wfm\Router.php | Строка: 62
==========
[2026-04-05 05:33:41] Текст ошибки: Страница не найдена | Файл: C:\OSPanel\domains\new-ishop2\vendor\wfm\Router.php | Строка: 62
==========
[2026-04-05 05:33:41] Текст ошибки: Страница не найдена | Файл: C:\OSPanel\domains\new-ishop2\vendor\wfm\Router.php | Строка: 62
==========
[2026-04-05 05:33:41] Текст ошибки: Страница не найдена | Файл: C:\OSPanel\domains\new-ishop2\vendor\wfm\Router.php | Строка: 62
==========
[2026-04-05 05:34:48] Текст ошибки: Страница не найдена | Файл: C:\OSPanel\domains\new-ishop2\vendor\wfm\Router.php | Строка: 62
==========
[2026-04-05 05:34:48] Текст ошибки: Страница не найдена | Файл: C:\OSPanel\domains\new-ishop2\vendor\wfm\Router.php | Строка: 62
==========
[2026-04-05 05:34:48] Текст ошибки: Страница не найдена | Файл: C:\OSPanel\domains\new-ishop2\vendor\wfm\Router.php | Строка: 62
==========
[2026-04-05 05:34:51] Текст ошибки: Страница не найдена | Файл: C:\OSPanel\domains\new-ishop2\vendor\wfm\Router.php | Строка: 62
==========
[2026-04-05 05:34:51] Текст ошибки: Страница не найдена | Файл: C:\OSPanel\domains\new-ishop2\vendor\wfm\Router.php | Строка: 62
==========
[2026-04-05 05:34:51] Текст ошибки: Страница не найдена | Файл: C:\OSPanel\domains\new-ishop2\vendor\wfm\Router.php | Строка: 62
==========
[2026-04-05 05:34:51] Текст ошибки: Страница не найдена | Файл: C:\OSPanel\domains\new-ishop2\vendor\wfm\Router.php | Строка: 62
==========
[2026-04-05 05:34:51] Текст ошибки: Страница не найдена | Файл: C:\OSPanel\domains\new-ishop2\vendor\wfm\Router.php | Строка: 62
==========
[2026-04-05 05:35:10] Текст ошибки: Страница не найдена | Файл: C:\OSPanel\domains\new-ishop2\vendor\wfm\Router.php | Строка: 62
==========
[2026-04-05 05:35:10] Текст ошибки: Страница не найдена | Файл: C:\OSPanel\domains\new-ishop2\vendor\wfm\Router.php | Строка: 62
==========
[2026-04-05 05:35:10] Текст ошибки: Страница не найдена | Файл: C:\OSPanel\domains\new-ishop2\vendor\wfm\Router.php | Строка: 62
==========
[2026-04-05 05:35:10] Текст ошибки: Страница не найдена | Файл: C:\OSPanel\domains\new-ishop2\vendor\wfm\Router.php | Строка: 62
==========
[2026-04-05 05:35:10] Текст ошибки: Страница не найдена | Файл: C:\OSPanel\domains\new-ishop2\vendor\wfm\Router.php | Строка: 62
==========
[2026-04-05 05:35:10] Текст ошибки: Страница не найдена | Файл: C:\OSPanel\domains\new-ishop2\vendor\wfm\Router.php | Строка: 62
==========
[2026-04-05 05:35:15] Текст ошибки: str_replace(): Argument #4 ($count) cannot be passed by reference | Файл: C:\OSPanel\domains\new-ishop2\app\controllers\LanguageController.php | Строка: 12
==========
[2026-04-05 05:36:36] Текст ошибки: Страница не найдена | Файл: C:\OSPanel\domains\new-ishop2\vendor\wfm\Router.php | Строка: 62
==========
[2026-04-05 05:36:36] Текст ошибки: Страница не найдена | Файл: C:\OSPanel\domains\new-ishop2\vendor\wfm\Router.php | Строка: 62
==========
[2026-04-05 05:36:36] Текст ошибки: Страница не найдена | Файл: C:\OSPanel\domains\new-ishop2\vendor\wfm\Router.php | Строка: 62
==========
[2026-04-05 05:36:36] Текст ошибки: Страница не найдена | Файл: C:\OSPanel\domains\new-ishop2\vendor\wfm\Router.php | Строка: 62
==========
[2026-04-05 05:36:36] Текст ошибки: Страница не найдена | Файл: C:\OSPanel\domains\new-ishop2\vendor\wfm\Router.php | Строка: 62
==========
[2026-04-05 05:36:36] Текст ошибки: Страница не найдена | Файл: C:\OSPanel\domains\new-ishop2\vendor\wfm\Router.php | Строка: 62
==========
[2026-04-05 05:36:36] Текст ошибки: Страница не найдена | Файл: C:\OSPanel\domains\new-ishop2\vendor\wfm\Router.php | Строка: 62
==========
[2026-04-05 05:36:42] Текст ошибки: Страница не найдена | Файл: C:\OSPanel\domains\new-ishop2\vendor\wfm\Router.php | Строка: 62
==========
[2026-04-05 05:36:42] Текст ошибки: Страница не найдена | Файл: C:\OSPanel\domains\new-ishop2\vendor\wfm\Router.php | Строка: 62
==========
[2026-04-05 05:36:42] Текст ошибки: Страница не найдена | Файл: C:\OSPanel\domains\new-ishop2\vendor\wfm\Router.php | Строка: 62
==========
[2026-04-05 05:36:42] Текст ошибки: Страница не найдена | Файл: C:\OSPanel\domains\new-ishop2\vendor\wfm\Router.php | Строка: 62
==========
[2026-04-05 05:36:42] Текст ошибки: Страница не найдена | Файл: C:\OSPanel\domains\new-ishop2\vendor\wfm\Router.php | Строка: 62
==========
[2026-04-05 05:36:45] Текст ошибки: Страница не найдена | Файл: C:\OSPanel\domains\new-ishop2\vendor\wfm\Router.php | Строка: 62
==========
[2026-04-05 05:36:45] Текст ошибки: Страница не найдена | Файл: C:\OSPanel\domains\new-ishop2\vendor\wfm\Router.php | Строка: 62
==========
[2026-04-05 05:36:45] Текст ошибки: Страница не найдена | Файл: C:\OSPanel\domains\new-ishop2\vendor\wfm\Router.php | Строка: 62
==========
[2026-04-05 05:36:45] Текст ошибки: Страница не найдена | Файл: C:\OSPanel\domains\new-ishop2\vendor\wfm\Router.php | Строка: 62
==========
[2026-04-05 05:36:45] Текст ошибки: Страница не найдена | Файл: C:\OSPanel\domains\new-ishop2\vendor\wfm\Router.php | Строка: 62
==========
[2026-04-05 05:36:45] Текст ошибки: Страница не найдена | Файл: C:\OSPanel\domains\new-ishop2\vendor\wfm\Router.php | Строка: 62
==========
[2026-04-05 05:36:45] Текст ошибки: Страница не найдена | Файл: C:\OSPanel\domains\new-ishop2\vendor\wfm\Router.php | Строка: 62
==========
[2026-04-05 05:36:49] Текст ошибки: Страница не найдена | Файл: C:\OSPanel\domains\new-ishop2\vendor\wfm\Router.php | Строка: 62
==========
[2026-04-05 05:36:49] Текст ошибки: Страница не найдена | Файл: C:\OSPanel\domains\new-ishop2\vendor\wfm\Router.php | Строка: 62
==========
[2026-04-05 05:36:49] Текст ошибки: Страница не найдена | Файл: C:\OSPanel\domains\new-ishop2\vendor\wfm\Router.php | Строка: 62
==========
[2026-04-05 05:36:49] Текст ошибки: Страница не найдена | Файл: C:\OSPanel\domains\new-ishop2\vendor\wfm\Router.php | Строка: 62
==========
[2026-04-05 05:36:49] Текст ошибки: Страница не найдена | Файл: C:\OSPanel\domains\new-ishop2\vendor\wfm\Router.php | Строка: 62
==========
[2026-04-05 05:36:49] Текст ошибки: Страница не найдена | Файл: C:\OSPanel\domains\new-ishop2\vendor\wfm\Router.php | Строка: 62
==========
[2026-04-05 05:36:49] Текст ошибки: Страница не найдена | Файл: C:\OSPanel\domains\new-ishop2\vendor\wfm\Router.php | Строка: 62
==========
[2026-04-05 05:36:56] Текст ошибки: Страница не найдена | Файл: C:\OSPanel\domains\new-ishop2\vendor\wfm\Router.php | Строка: 62
==========
[2026-04-05 05:36:56] Текст ошибки: Страница не найдена | Файл: C:\OSPanel\domains\new-ishop2\vendor\wfm\Router.php | Строка: 62
==========
[2026-04-05 05:36:56] Текст ошибки: Страница не найдена | Файл: C:\OSPanel\domains\new-ishop2\vendor\wfm\Router.php | Строка: 62
==========
[2026-04-05 05:36:56] Текст ошибки: Страница не найдена | Файл: C:\OSPanel\domains\new-ishop2\vendor\wfm\Router.php | Строка: 62
==========
[2026-04-05 05:36:56] Текст ошибки: Страница не найдена | Файл: C:\OSPanel\domains\new-ishop2\vendor\wfm\Router.php | Строка: 62
==========
[2026-04-05 05:36:56] Текст ошибки: Страница не найдена | Файл: C:\OSPanel\domains\new-ishop2\vendor\wfm\Router.php | Строка: 62
==========
[2026-04-05 05:36:56] Текст ошибки: Страница не найдена | Файл: C:\OSPanel\domains\new-ishop2\vendor\wfm\Router.php | Строка: 62
==========
[2026-04-05 05:36:56] Текст ошибки: Страница не найдена | Файл: C:\OSPanel\domains\new-ishop2\vendor\wfm\Router.php | Строка: 62
==========
[2026-04-05 05:37:13] Текст ошибки: Страница не найдена | Файл: C:\OSPanel\domains\new-ishop2\vendor\wfm\Router.php | Строка: 62
==========
[2026-04-05 05:37:13] Текст ошибки: Страница не найдена | Файл: C:\OSPanel\domains\new-ishop2\vendor\wfm\Router.php | Строка: 62
==========
[2026-04-05 05:37:13] Текст ошибки: Страница не найдена | Файл: C:\OSPanel\domains\new-ishop2\vendor\wfm\Router.php | Строка: 62
==========
[2026-04-05 05:37:13] Текст ошибки: Страница не найдена | Файл: C:\OSPanel\domains\new-ishop2\vendor\wfm\Router.php | Строка: 62
==========
[2026-04-05 05:37:13] Текст ошибки: Страница не найдена | Файл: C:\OSPanel\domains\new-ishop2\vendor\wfm\Router.php | Строка: 62
==========
[2026-04-05 05:37:13] Текст ошибки: Страница не найдена | Файл: C:\OSPanel\domains\new-ishop2\vendor\wfm\Router.php | Строка: 62
==========
[2026-04-05 05:37:13] Текст ошибки: Страница не найдена | Файл: C:\OSPanel\domains\new-ishop2\vendor\wfm\Router.php | Строка: 62
==========
[2026-04-05 05:37:13] Текст ошибки: Страница не найдена | Файл: C:\OSPanel\domains\new-ishop2\vendor\wfm\Router.php | Строка: 62
==========
[2026-04-05 05:37:21] Текст ошибки: Страница не найдена | Файл: C:\OSPanel\domains\new-ishop2\vendor\wfm\Router.php | Строка: 62
==========
[2026-04-05 05:37:21] Текст ошибки: Страница не найдена | Файл: C:\OSPanel\domains\new-ishop2\vendor\wfm\Router.php | Строка: 62
==========
[2026-04-05 05:37:21] Текст ошибки: Страница не найдена | Файл: C:\OSPanel\domains\new-ishop2\vendor\wfm\Router.php | Строка: 62
==========
[2026-04-05 05:37:21] Текст ошибки: Страница не найдена | Файл: C:\OSPanel\domains\new-ishop2\vendor\wfm\Router.php | Строка: 62
==========
[2026-04-05 05:37:21] Текст ошибки: Страница не найдена | Файл: C:\OSPanel\domains\new-ishop2\vendor\wfm\Router.php | Строка: 62
==========
[2026-04-05 05:37:25] Текст ошибки: Страница не найдена | Файл: C:\OSPanel\domains\new-ishop2\vendor\wfm\Router.php | Строка: 62
==========
[2026-04-05 05:37:25] Текст ошибки: Страница не найдена | Файл: C:\OSPanel\domains\new-ishop2\vendor\wfm\Router.php | Строка: 62
==========
[2026-04-05 05:37:25] Текст ошибки: Страница не найдена | Файл: C:\OSPanel\domains\new-ishop2\vendor\wfm\Router.php | Строка: 62
==========
[2026-04-05 05:37:28] Текст ошибки: Страница не найдена | Файл: C:\OSPanel\domains\new-ishop2\vendor\wfm\Router.php | Строка: 62
==========
[2026-04-05 05:37:28] Текст ошибки: Страница не найдена | Файл: C:\OSPanel\domains\new-ishop2\vendor\wfm\Router.php | Строка: 62
==========
[2026-04-05 05:37:28] Текст ошибки: Страница не найдена | Файл: C:\OSPanel\domains\new-ishop2\vendor\wfm\Router.php | Строка: 62
==========
[2026-04-05 05:37:28] Текст ошибки: Страница не найдена | Файл: C:\OSPanel\domains\new-ishop2\vendor\wfm\Router.php | Строка: 62
==========
[2026-04-05 05:37:28] Текст ошибки: Страница не найдена | Файл: C:\OSPanel\domains\new-ishop2\vendor\wfm\Router.php | Строка: 62
==========
[2026-04-05 05:37:28] Текст ошибки: Страница не найдена | Файл: C:\OSPanel\domains\new-ishop2\vendor\wfm\Router.php | Строка: 62
==========
[2026-04-05 05:37:28] Текст ошибки: Страница не найдена | Файл: C:\OSPanel\domains\new-ishop2\vendor\wfm\Router.php | Строка: 62
==========
[2026-04-05 05:37:32] Текст ошибки: Страница не найдена | Файл: C:\OSPanel\domains\new-ishop2\vendor\wfm\Router.php | Строка: 62
==========
[2026-04-05 05:37:32] Текст ошибки: Страница не найдена | Файл: C:\OSPanel\domains\new-ishop2\vendor\wfm\Router.php | Строка: 62
==========
[2026-04-05 05:37:32] Текст ошибки: Страница не найдена | Файл: C:\OSPanel\domains\new-ishop2\vendor\wfm\Router.php | Строка: 62
==========
[2026-04-05 05:37:32] Текст ошибки: Страница не найдена | Файл: C:\OSPanel\domains\new-ishop2\vendor\wfm\Router.php | Строка: 62
==========
[2026-04-05 05:37:32] Текст ошибки: Страница не найдена | Файл: C:\OSPanel\domains\new-ishop2\vendor\wfm\Router.php | Строка: 62
==========
[2026-04-05 05:37:32] Текст ошибки: Страница не найдена | Файл: C:\OSPanel\domains\new-ishop2\vendor\wfm\Router.php | Строка: 62
==========
[2026-04-05 05:38:47] Текст ошибки: Страница не найдена | Файл: C:\OSPanel\domains\new-ishop2\vendor\wfm\Router.php | Строка: 62
==========
[2026-04-05 05:38:47] Текст ошибки: Страница не найдена | Файл: C:\OSPanel\domains\new-ishop2\vendor\wfm\Router.php | Строка: 62
==========
[2026-04-05 05:38:47] Текст ошибки: Страница не найдена | Файл: C:\OSPanel\domains\new-ishop2\vendor\wfm\Router.php | Строка: 62
==========
[2026-04-05 05:38:47] Текст ошибки: Страница не найдена | Файл: C:\OSPanel\domains\new-ishop2\vendor\wfm\Router.php | Строка: 62
==========
[2026-04-05 05:38:47] Текст ошибки: Страница не найдена | Файл: C:\OSPanel\domains\new-ishop2\vendor\wfm\Router.php | Строка: 62
==========
[2026-04-05 05:38:47] Текст ошибки: Страница не найдена | Файл: C:\OSPanel\domains\new-ishop2\vendor\wfm\Router.php | Строка: 62
==========
[2026-04-05 05:38:51] Текст ошибки: Страница не найдена | Файл: C:\OSPanel\domains\new-ishop2\vendor\wfm\Router.php | Строка: 62
==========
[2026-04-05 05:38:51] Текст ошибки: Страница не найдена | Файл: C:\OSPanel\domains\new-ishop2\vendor\wfm\Router.php | Строка: 62
==========
[2026-04-05 05:38:53] Текст ошибки: Страница не найдена | Файл: C:\OSPanel\domains\new-ishop2\vendor\wfm\Router.php | Строка: 62
==========
[2026-04-05 05:38:53] Текст ошибки: Страница не найдена | Файл: C:\OSPanel\domains\new-ishop2\vendor\wfm\Router.php | Строка: 62
==========
[2026-04-05 05:38:53] Текст ошибки: Страница не найдена | Файл: C:\OSPanel\domains\new-ishop2\vendor\wfm\Router.php | Строка: 62
==========
[2026-04-05 05:38:53] Текст ошибки: Страница не найдена | Файл: C:\OSPanel\domains\new-ishop2\vendor\wfm\Router.php | Строка: 62
==========
[2026-04-05 05:38:53] Текст ошибки: Страница не найдена | Файл: C:\OSPanel\domains\new-ishop2\vendor\wfm\Router.php | Строка: 62
==========
[2026-04-05 05:38:53] Текст ошибки: Страница не найдена | Файл: C:\OSPanel\domains\new-ishop2\vendor\wfm\Router.php | Строка: 62
==========
[2026-04-05 05:38:53] Текст ошибки: Страница не найдена | Файл: C:\OSPanel\domains\new-ishop2\vendor\wfm\Router.php | Строка: 62
==========
[2026-04-05 05:38:53] Текст ошибки: Страница не найдена | Файл: C:\OSPanel\domains\new-ishop2\vendor\wfm\Router.php | Строка: 62
==========
[2026-04-05 05:40:40] Текст ошибки: Страница не найдена | Файл: C:\OSPanel\domains\new-ishop2\vendor\wfm\Router.php | Строка: 62
==========
[2026-04-05 05:54:00] Текст ошибки: Undefined array key "HTTP_REFERER" | Файл: C:\OSPanel\domains\new-ishop2\app\controllers\LanguageController.php | Строка: 12
==========
[2026-04-05 05:54:10] Текст ошибки: Страница не найдена | Файл: C:\OSPanel\domains\new-ishop2\vendor\wfm\Router.php | Строка: 62
==========
[2026-04-05 05:54:10] Текст ошибки: Страница не найдена | Файл: C:\OSPanel\domains\new-ishop2\vendor\wfm\Router.php | Строка: 62
==========
[2026-04-05 05:54:10] Текст ошибки: Страница не найдена | Файл: C:\OSPanel\domains\new-ishop2\vendor\wfm\Router.php | Строка: 62
==========
[2026-04-05 05:54:12] Текст ошибки: Страница не найдена | Файл: C:\OSPanel\domains\new-ishop2\vendor\wfm\Router.php | Строка: 62
==========
[2026-04-05 05:54:28] Текст ошибки: Страница не найдена | Файл: C:\OSPanel\domains\new-ishop2\vendor\wfm\Router.php | Строка: 62
==========
[2026-04-05 05:54:33] Текст ошибки: Страница не найдена | Файл: C:\OSPanel\domains\new-ishop2\vendor\wfm\Router.php | Строка: 62
==========
[2026-04-05 05:54:33] Текст ошибки: Страница не найдена | Файл: C:\OSPanel\domains\new-ishop2\vendor\wfm\Router.php | Строка: 62
==========
[2026-04-05 05:54:33] Текст ошибки: Страница не найдена | Файл: C:\OSPanel\domains\new-ishop2\vendor\wfm\Router.php | Строка: 62
==========
[2026-04-05 05:54:33] Текст ошибки: Страница не найдена | Файл: C:\OSPanel\domains\new-ishop2\vendor\wfm\Router.php | Строка: 62
==========
[2026-04-05 05:54:33] Текст ошибки: Страница не найдена | Файл: C:\OSPanel\domains\new-ishop2\vendor\wfm\Router.php | Строка: 62
==========
[2026-04-05 05:54:33] Текст ошибки: Страница не найдена | Файл: C:\OSPanel\domains\new-ishop2\vendor\wfm\Router.php | Строка: 62
==========
[2026-04-05 05:54:33] Текст ошибки: Страница не найдена | Файл: C:\OSPanel\domains\new-ishop2\vendor\wfm\Router.php | Строка: 62
==========
[2026-04-05 05:54:33] Текст ошибки: Страница не найдена | Файл: C:\OSPanel\domains\new-ishop2\vendor\wfm\Router.php | Строка: 62
==========
[2026-04-05 05:54:35] Текст ошибки: Страница не найдена | Файл: C:\OSPanel\domains\new-ishop2\vendor\wfm\Router.php | Строка: 62
==========
[2026-04-05 05:54:35] Текст ошибки: Страница не найдена | Файл: C:\OSPanel\domains\new-ishop2\vendor\wfm\Router.php | Строка: 62
==========
[2026-04-05 05:54:35] Текст ошибки: Страница не найдена | Файл: C:\OSPanel\domains\new-ishop2\vendor\wfm\Router.php | Строка: 62
==========
[2026-04-05 05:54:35] Текст ошибки: Страница не найдена | Файл: C:\OSPanel\domains\new-ishop2\vendor\wfm\Router.php | Строка: 62
==========
[2026-04-05 05:54:35] Текст ошибки: Страница не найдена | Файл: C:\OSPanel\domains\new-ishop2\vendor\wfm\Router.php | Строка: 62
==========
[2026-04-05 05:54:35] Текст ошибки: Страница не найдена | Файл: C:\OSPanel\domains\new-ishop2\vendor\wfm\Router.php | Строка: 62
==========
[2026-04-05 05:54:56] Текст ошибки: Страница не найдена | Файл: C:\OSPanel\domains\new-ishop2\vendor\wfm\Router.php | Строка: 62
==========
[2026-04-05 05:54:56] Текст ошибки: Страница не найдена | Файл: C:\OSPanel\domains\new-ishop2\vendor\wfm\Router.php | Строка: 62
==========
[2026-04-05 05:54:56] Текст ошибки: Страница не найдена | Файл: C:\OSPanel\domains\new-ishop2\vendor\wfm\Router.php | Строка: 62
==========
[2026-04-05 05:54:57] Текст ошибки: Страница не найдена | Файл: C:\OSPanel\domains\new-ishop2\vendor\wfm\Router.php | Строка: 62
==========
[2026-04-05 05:54:57] Текст ошибки: Страница не найдена | Файл: C:\OSPanel\domains\new-ishop2\vendor\wfm\Router.php | Строка: 62
==========
[2026-04-05 05:54:57] Текст ошибки: Страница не найдена | Файл: C:\OSPanel\domains\new-ishop2\vendor\wfm\Router.php | Строка: 62
==========
[2026-04-05 05:54:57] Текст ошибки: Страница не найдена | Файл: C:\OSPanel\domains\new-ishop2\vendor\wfm\Router.php | Строка: 62
==========
[2026-04-05 05:54:57] Текст ошибки: Страница не найдена | Файл: C:\OSPanel\domains\new-ishop2\vendor\wfm\Router.php | Строка: 62
==========
[2026-04-05 05:54:59] Текст ошибки: Страница не найдена | Файл: C:\OSPanel\domains\new-ishop2\vendor\wfm\Router.php | Строка: 62
==========
[2026-04-05 05:54:59] Текст ошибки: Страница не найдена | Файл: C:\OSPanel\domains\new-ishop2\vendor\wfm\Router.php | Строка: 62
==========
[2026-04-05 05:54:59] Текст ошибки: Страница не найдена | Файл: C:\OSPanel\domains\new-ishop2\vendor\wfm\Router.php | Строка: 62
==========
[2026-04-05 05:54:59] Текст ошибки: Страница не найдена | Файл: C:\OSPanel\domains\new-ishop2\vendor\wfm\Router.php | Строка: 62
==========
[2026-04-05 05:54:59] Текст ошибки: Страница не найдена | Файл: C:\OSPanel\domains\new-ishop2\vendor\wfm\Router.php | Строка: 62
==========
[2026-04-05 05:54:59] Текст ошибки: Страница не найдена | Файл: C:\OSPanel\domains\new-ishop2\vendor\wfm\Router.php | Строка: 62
==========
[2026-04-05 05:54:59] Текст ошибки: Страница не найдена | Файл: C:\OSPanel\domains\new-ishop2\vendor\wfm\Router.php | Строка: 62
==========
[2026-04-05 05:54:59] Текст ошибки: Страница не найдена | Файл: C:\OSPanel\domains\new-ishop2\vendor\wfm\Router.php | Строка: 62
==========
[2026-04-05 06:05:34] Текст ошибки: Страница не найдена | Файл: C:\OSPanel\domains\new-ishop2\vendor\wfm\Router.php | Строка: 62
==========
[2026-04-05 06:05:34] Текст ошибки: Страница не найдена | Файл: C:\OSPanel\domains\new-ishop2\vendor\wfm\Router.php | Строка: 62
==========
[2026-04-05 06:05:34] Текст ошибки: Страница не найдена | Файл: C:\OSPanel\domains\new-ishop2\vendor\wfm\Router.php | Строка: 62
==========
[2026-04-05 06:05:34] Текст ошибки: Страница не найдена | Файл: C:\OSPanel\domains\new-ishop2\vendor\wfm\Router.php | Строка: 62
==========
[2026-04-05 06:05:34] Текст ошибки: Страница не найдена | Файл: C:\OSPanel\domains\new-ishop2\vendor\wfm\Router.php | Строка: 62
==========
[2026-04-05 06:05:34] Текст ошибки: Страница не найдена | Файл: C:\OSPanel\domains\new-ishop2\vendor\wfm\Router.php | Строка: 62
==========
[2026-04-05 06:05:34] Текст ошибки: Страница не найдена | Файл: C:\OSPanel\domains\new-ishop2\vendor\wfm\Router.php | Строка: 62
==========
[2026-04-05 06:05:39] Текст ошибки: Страница не найдена | Файл: C:\OSPanel\domains\new-ishop2\vendor\wfm\Router.php | Строка: 62
==========
[2026-04-05 06:05:39] Текст ошибки: Страница не найдена | Файл: C:\OSPanel\domains\new-ishop2\vendor\wfm\Router.php | Строка: 62
==========
[2026-04-05 06:05:39] Текст ошибки: Страница не найдена | Файл: C:\OSPanel\domains\new-ishop2\vendor\wfm\Router.php | Строка: 62
==========
[2026-04-05 06:05:39] Текст ошибки: Страница не найдена | Файл: C:\OSPanel\domains\new-ishop2\vendor\wfm\Router.php | Строка: 62
==========
[2026-04-05 06:05:39] Текст ошибки: Страница не найдена | Файл: C:\OSPanel\domains\new-ishop2\vendor\wfm\Router.php | Строка: 62
==========
[2026-04-05 06:05:39] Текст ошибки: Страница не найдена | Файл: C:\OSPanel\domains\new-ishop2\vendor\wfm\Router.php | Строка: 62
==========
[2026-04-05 06:06:09] Текст ошибки: Страница не найдена | Файл: C:\OSPanel\domains\new-ishop2\vendor\wfm\Router.php | Строка: 62
==========
[2026-04-05 06:06:09] Текст ошибки: Страница не найдена | Файл: C:\OSPanel\domains\new-ishop2\vendor\wfm\Router.php | Строка: 62
==========
[2026-04-05 06:06:09] Текст ошибки: Страница не найдена | Файл: C:\OSPanel\domains\new-ishop2\vendor\wfm\Router.php | Строка: 62
==========
[2026-04-05 06:06:29] Текст ошибки: Страница не найдена | Файл: C:\OSPanel\domains\new-ishop2\vendor\wfm\Router.php | Строка: 62
==========
[2026-04-05 06:13:10] Текст ошибки: Страница не найдена | Файл: C:\OSPanel\domains\new-ishop2\vendor\wfm\Router.php | Строка: 62
==========
[2026-04-05 06:15:16] Текст ошибки: Страница не найдена | Файл: C:\OSPanel\domains\new-ishop2\vendor\wfm\Router.php | Строка: 62
==========
[2026-04-05 06:15:16] Текст ошибки: Страница не найдена | Файл: C:\OSPanel\domains\new-ishop2\vendor\wfm\Router.php | Строка: 62
==========
[2026-04-05 06:15:16] Текст ошибки: Страница не найдена | Файл: C:\OSPanel\domains\new-ishop2\vendor\wfm\Router.php | Строка: 62
==========
[2026-04-05 06:15:21] Текст ошибки: Страница не найдена | Файл: C:\OSPanel\domains\new-ishop2\vendor\wfm\Router.php | Строка: 62
==========
[2026-04-05 06:15:21] Текст ошибки: Страница не найдена | Файл: C:\OSPanel\domains\new-ishop2\vendor\wfm\Router.php | Строка: 62
==========
[2026-04-05 06:15:24] Текст ошибки: Страница не найдена | Файл: C:\OSPanel\domains\new-ishop2\vendor\wfm\Router.php | Строка: 62
==========
[2026-04-05 06:15:24] Текст ошибки: Страница не найдена | Файл: C:\OSPanel\domains\new-ishop2\vendor\wfm\Router.php | Строка: 62
==========
[2026-04-05 06:15:24] Текст ошибки: Страница не найдена | Файл: C:\OSPanel\domains\new-ishop2\vendor\wfm\Router.php | Строка: 62
==========
[2026-04-05 06:15:28] Текст ошибки: Страница не найдена | Файл: C:\OSPanel\domains\new-ishop2\vendor\wfm\Router.php | Строка: 62
==========
[2026-04-05 06:15:28] Текст ошибки: Страница не найдена | Файл: C:\OSPanel\domains\new-ishop2\vendor\wfm\Router.php | Строка: 62
==========
[2026-04-05 06:15:28] Текст ошибки: Страница не найдена | Файл: C:\OSPanel\domains\new-ishop2\vendor\wfm\Router.php | Строка: 62
==========
[2026-04-05 06:15:30] Текст ошибки: Страница не найдена | Файл: C:\OSPanel\domains\new-ishop2\vendor\wfm\Router.php | Строка: 62
==========
[2026-04-05 06:15:30] Текст ошибки: Страница не найдена | Файл: C:\OSPanel\domains\new-ishop2\vendor\wfm\Router.php | Строка: 62
==========
[2026-04-05 06:15:37] Текст ошибки: Страница не найдена | Файл: C:\OSPanel\domains\new-ishop2\vendor\wfm\Router.php | Строка: 62
==========
[2026-04-05 06:15:37] Текст ошибки: Страница не найдена | Файл: C:\OSPanel\domains\new-ishop2\vendor\wfm\Router.php | Строка: 62
==========
[2026-04-05 06:15:37] Текст ошибки: Страница не найдена | Файл: C:\OSPanel\domains\new-ishop2\vendor\wfm\Router.php | Строка: 62
==========
[2026-04-05 06:42:44] Текст ошибки: Страница не найдена | Файл: C:\OSPanel\domains\new-ishop2\vendor\wfm\Router.php | Строка: 62
==========
[2026-04-05 06:42:44] Текст ошибки: Страница не найдена | Файл: C:\OSPanel\domains\new-ishop2\vendor\wfm\Router.php | Строка: 62
==========
[2026-04-05 06:42:44] Текст ошибки: Страница не найдена | Файл: C:\OSPanel\domains\new-ishop2\vendor\wfm\Router.php | Строка: 62
==========
[2026-04-05 06:50:21] Текст ошибки: Страница не найдена | Файл: C:\OSPanel\domains\new-ishop2\vendor\wfm\Router.php | Строка: 62
==========
[2026-04-05 06:50:21] Текст ошибки: Страница не найдена | Файл: C:\OSPanel\domains\new-ishop2\vendor\wfm\Router.php | Строка: 62
==========
[2026-04-05 06:50:21] Текст ошибки: Страница не найдена | Файл: C:\OSPanel\domains\new-ishop2\vendor\wfm\Router.php | Строка: 62
==========
[2026-04-05 06:51:27] Текст ошибки: Страница не найдена | Файл: C:\OSPanel\domains\new-ishop2\vendor\wfm\Router.php | Строка: 62
==========
[2026-04-05 06:51:27] Текст ошибки: Страница не найдена | Файл: C:\OSPanel\domains\new-ishop2\vendor\wfm\Router.php | Строка: 62
==========
[2026-04-05 06:51:27] Текст ошибки: Страница не найдена | Файл: C:\OSPanel\domains\new-ishop2\vendor\wfm\Router.php | Строка: 62
==========
[2026-04-05 06:51:29] Текст ошибки: Страница не найдена | Файл: C:\OSPanel\domains\new-ishop2\vendor\wfm\Router.php | Строка: 62
==========
[2026-04-05 06:51:29] Текст ошибки: Страница не найдена | Файл: C:\OSPanel\domains\new-ishop2\vendor\wfm\Router.php | Строка: 62
==========
[2026-04-05 06:51:29] Текст ошибки: Страница не найдена | Файл: C:\OSPanel\domains\new-ishop2\vendor\wfm\Router.php | Строка: 62
==========
[2026-04-05 06:51:31] Текст ошибки: Страница не найдена | Файл: C:\OSPanel\domains\new-ishop2\vendor\wfm\Router.php | Строка: 62
==========
[2026-04-05 06:51:31] Текст ошибки: Страница не найдена | Файл: C:\OSPanel\domains\new-ishop2\vendor\wfm\Router.php | Строка: 62
==========
[2026-04-05 06:51:31] Текст ошибки: Страница не найдена | Файл: C:\OSPanel\domains\new-ishop2\vendor\wfm\Router.php | Строка: 62
==========
[2026-04-05 06:51:33] Текст ошибки: Страница не найдена | Файл: C:\OSPanel\domains\new-ishop2\vendor\wfm\Router.php | Строка: 62
==========
[2026-04-05 06:51:33] Текст ошибки: Страница не найдена | Файл: C:\OSPanel\domains\new-ishop2\vendor\wfm\Router.php | Строка: 62
==========
[2026-04-05 06:51:33] Текст ошибки: Страница не найдена | Файл: C:\OSPanel\domains\new-ishop2\vendor\wfm\Router.php | Строка: 62
==========
[2026-04-05 06:51:36] Текст ошибки: Страница не найдена | Файл: C:\OSPanel\domains\new-ishop2\vendor\wfm\Router.php | Строка: 62
==========
[2026-04-05 06:51:36] Текст ошибки: Страница не найдена | Файл: C:\OSPanel\domains\new-ishop2\vendor\wfm\Router.php | Строка: 62
==========
[2026-04-05 06:51:36] Текст ошибки: Страница не найдена | Файл: C:\OSPanel\domains\new-ishop2\vendor\wfm\Router.php | Строка: 62
==========
[2026-04-05 06:51:41] Текст ошибки: Страница не найдена | Файл: C:\OSPanel\domains\new-ishop2\vendor\wfm\Router.php | Строка: 62
==========
[2026-04-05 06:51:41] Текст ошибки: Страница не найдена | Файл: C:\OSPanel\domains\new-ishop2\vendor\wfm\Router.php | Строка: 62
==========
[2026-04-05 06:51:41] Текст ошибки: Страница не найдена | Файл: C:\OSPanel\domains\new-ishop2\vendor\wfm\Router.php | Строка: 62
==========
[2026-04-05 06:51:43] Текст ошибки: Страница не найдена | Файл: C:\OSPanel\domains\new-ishop2\vendor\wfm\Router.php | Строка: 62
==========
[2026-04-05 06:51:43] Текст ошибки: Страница не найдена | Файл: C:\OSPanel\domains\new-ishop2\vendor\wfm\Router.php | Строка: 62
==========
[2026-04-05 06:51:43] Текст ошибки: Страница не найдена | Файл: C:\OSPanel\domains\new-ishop2\vendor\wfm\Router.php | Строка: 62
==========
[2026-04-05 06:51:45] Текст ошибки: Страница не найдена | Файл: C:\OSPanel\domains\new-ishop2\vendor\wfm\Router.php | Строка: 62
==========
[2026-04-05 06:51:45] Текст ошибки: Страница не найдена | Файл: C:\OSPanel\domains\new-ishop2\vendor\wfm\Router.php | Строка: 62
==========
[2026-04-05 06:51:45] Текст ошибки: Страница не найдена | Файл: C:\OSPanel\domains\new-ishop2\vendor\wfm\Router.php | Строка: 62
==========
[2026-04-05 06:51:46] Текст ошибки: Страница не найдена | Файл: C:\OSPanel\domains\new-ishop2\vendor\wfm\Router.php | Строка: 62
==========
[2026-04-05 06:51:46] Текст ошибки: Страница не найдена | Файл: C:\OSPanel\domains\new-ishop2\vendor\wfm\Router.php | Строка: 62
==========
[2026-04-05 06:51:46] Текст ошибки: Страница не найдена | Файл: C:\OSPanel\domains\new-ishop2\vendor\wfm\Router.php | Строка: 62
==========
[2026-04-05 06:52:20] Текст ошибки: Страница не найдена | Файл: C:\OSPanel\domains\new-ishop2\vendor\wfm\Router.php | Строка: 62
==========
[2026-04-05 06:52:20] Текст ошибки: Страница не найдена | Файл: C:\OSPanel\domains\new-ishop2\vendor\wfm\Router.php | Строка: 62
==========
[2026-04-05 06:52:20] Текст ошибки: Страница не найдена | Файл: C:\OSPanel\domains\new-ishop2\vendor\wfm\Router.php | Строка: 62
==========
[2026-04-05 06:52:25] Текст ошибки: Страница не найдена | Файл: C:\OSPanel\domains\new-ishop2\vendor\wfm\Router.php | Строка: 62
==========
[2026-04-05 06:52:25] Текст ошибки: Страница не найдена | Файл: C:\OSPanel\domains\new-ishop2\vendor\wfm\Router.php | Строка: 62
==========
[2026-04-05 06:52:25] Текст ошибки: Страница не найдена | Файл: C:\OSPanel\domains\new-ishop2\vendor\wfm\Router.php | Строка: 62
==========
[2026-04-05 06:52:29] Текст ошибки: Страница не найдена | Файл: C:\OSPanel\domains\new-ishop2\vendor\wfm\Router.php | Строка: 62
==========
[2026-04-05 06:52:29] Текст ошибки: Страница не найдена | Файл: C:\OSPanel\domains\new-ishop2\vendor\wfm\Router.php | Строка: 62
==========
[2026-04-05 06:52:29] Текст ошибки: Страница не найдена | Файл: C:\OSPanel\domains\new-ishop2\vendor\wfm\Router.php | Строка: 62
==========
[2026-04-05 06:52:34] Текст ошибки: Страница не найдена | Файл: C:\OSPanel\domains\new-ishop2\vendor\wfm\Router.php | Строка: 62
==========
[2026-04-05 06:52:34] Текст ошибки: Страница не найдена | Файл: C:\OSPanel\domains\new-ishop2\vendor\wfm\Router.php | Строка: 62
==========
[2026-04-05 06:52:34] Текст ошибки: Страница не найдена | Файл: C:\OSPanel\domains\new-ishop2\vendor\wfm\Router.php | Строка: 62
==========
[2026-04-05 06:52:34] Текст ошибки: Страница не найдена | Файл: C:\OSPanel\domains\new-ishop2\vendor\wfm\Router.php | Строка: 62
==========
[2026-04-05 06:52:34] Текст ошибки: Страница не найдена | Файл: C:\OSPanel\domains\new-ishop2\vendor\wfm\Router.php | Строка: 62
==========
[2026-04-05 06:52:34] Текст ошибки: Страница не найдена | Файл: C:\OSPanel\domains\new-ishop2\vendor\wfm\Router.php | Строка: 62
==========
[2026-04-05 06:52:34] Текст ошибки: Страница не найдена | Файл: C:\OSPanel\domains\new-ishop2\vendor\wfm\Router.php | Строка: 62
==========
[2026-04-05 06:52:37] Текст ошибки: Страница не найдена | Файл: C:\OSPanel\domains\new-ishop2\vendor\wfm\Router.php | Строка: 62
==========
[2026-04-05 06:52:37] Текст ошибки: Страница не найдена | Файл: C:\OSPanel\domains\new-ishop2\vendor\wfm\Router.php | Строка: 62
==========
[2026-04-05 06:52:37] Текст ошибки: Страница не найдена | Файл: C:\OSPanel\domains\new-ishop2\vendor\wfm\Router.php | Строка: 62
==========
[2026-04-05 06:52:37] Текст ошибки: Страница не найдена | Файл: C:\OSPanel\domains\new-ishop2\vendor\wfm\Router.php | Строка: 62
==========
[2026-04-05 06:52:37] Текст ошибки: Страница не найдена | Файл: C:\OSPanel\domains\new-ishop2\vendor\wfm\Router.php | Строка: 62
==========
[2026-04-05 06:52:43] Текст ошибки: Страница не найдена | Файл: C:\OSPanel\domains\new-ishop2\vendor\wfm\Router.php | Строка: 62
==========
[2026-04-05 06:52:43] Текст ошибки: Страница не найдена | Файл: C:\OSPanel\domains\new-ishop2\vendor\wfm\Router.php | Строка: 62
==========
[2026-04-05 06:52:43] Текст ошибки: Страница не найдена | Файл: C:\OSPanel\domains\new-ishop2\vendor\wfm\Router.php | Строка: 62
==========
[2026-04-05 06:52:43] Текст ошибки: Страница не найдена | Файл: C:\OSPanel\domains\new-ishop2\vendor\wfm\Router.php | Строка: 62
==========
[2026-04-05 06:52:43] Текст ошибки: Страница не найдена | Файл: C:\OSPanel\domains\new-ishop2\vendor\wfm\Router.php | Строка: 62
==========
[2026-04-05 06:52:43] Текст ошибки: Страница не найдена | Файл: C:\OSPanel\domains\new-ishop2\vendor\wfm\Router.php | Строка: 62
==========
[2026-04-05 06:52:43] Текст ошибки: Страница не найдена | Файл: C:\OSPanel\domains\new-ishop2\vendor\wfm\Router.php | Строка: 62
==========
[2026-04-05 06:52:43] Текст ошибки: Страница не найдена | Файл: C:\OSPanel\domains\new-ishop2\vendor\wfm\Router.php | Строка: 62
==========
[2026-04-05 06:52:48] Текст ошибки: Страница не найдена | Файл: C:\OSPanel\domains\new-ishop2\vendor\wfm\Router.php | Строка: 62
==========
[2026-04-05 06:52:48] Текст ошибки: Страница не найдена | Файл: C:\OSPanel\domains\new-ishop2\vendor\wfm\Router.php | Строка: 62
==========
[2026-04-05 06:52:48] Текст ошибки: Страница не найдена | Файл: C:\OSPanel\domains\new-ishop2\vendor\wfm\Router.php | Строка: 62
==========
[2026-04-07 04:24:55] Текст ошибки: Страница не найдена | Файл: C:\OSPanel\domains\new-ishop2\vendor\wfm\Router.php | Строка: 62
==========
[2026-04-07 04:24:55] Текст ошибки: Страница не найдена | Файл: C:\OSPanel\domains\new-ishop2\vendor\wfm\Router.php | Строка: 62
==========
[2026-04-07 04:24:55] Текст ошибки: Страница не найдена | Файл: C:\OSPanel\domains\new-ishop2\vendor\wfm\Router.php | Строка: 62
==========
[2026-04-07 04:41:43] Текст ошибки: Страница не найдена | Файл: C:\OSPanel\domains\new-ishop2\vendor\wfm\Router.php | Строка: 62
==========
[2026-04-07 04:41:43] Текст ошибки: Страница не найдена | Файл: C:\OSPanel\domains\new-ishop2\vendor\wfm\Router.php | Строка: 62
==========
[2026-04-07 04:41:43] Текст ошибки: Страница не найдена | Файл: C:\OSPanel\domains\new-ishop2\vendor\wfm\Router.php | Строка: 62
==========
[2026-04-07 04:41:53] Текст ошибки: Страница не найдена | Файл: C:\OSPanel\domains\new-ishop2\vendor\wfm\Router.php | Строка: 62
==========
[2026-04-07 04:41:53] Текст ошибки: Страница не найдена | Файл: C:\OSPanel\domains\new-ishop2\vendor\wfm\Router.php | Строка: 62
==========
[2026-04-07 05:11:24] Текст ошибки: Страница не найдена | Файл: C:\OSPanel\domains\new-ishop2\vendor\wfm\Router.php | Строка: 62
==========
[2026-04-07 05:11:24] Текст ошибки: Страница не найдена | Файл: C:\OSPanel\domains\new-ishop2\vendor\wfm\Router.php | Строка: 62
==========
[2026-04-07 05:11:24] Текст ошибки: Страница не найдена | Файл: C:\OSPanel\domains\new-ishop2\vendor\wfm\Router.php | Строка: 62
==========
[2026-04-07 05:11:28] Текст ошибки: Страница не найдена | Файл: C:\OSPanel\domains\new-ishop2\vendor\wfm\Router.php | Строка: 62
==========
[2026-04-07 05:11:28] Текст ошибки: Страница не найдена | Файл: C:\OSPanel\domains\new-ishop2\vendor\wfm\Router.php | Строка: 62
==========
[2026-04-07 05:11:28] Текст ошибки: Страница не найдена | Файл: C:\OSPanel\domains\new-ishop2\vendor\wfm\Router.php | Строка: 62
==========
[2026-04-07 05:11:28] Текст ошибки: Страница не найдена | Файл: C:\OSPanel\domains\new-ishop2\vendor\wfm\Router.php | Строка: 62
==========
[2026-04-07 05:11:28] Текст ошибки: Страница не найдена | Файл: C:\OSPanel\domains\new-ishop2\vendor\wfm\Router.php | Строка: 62
==========
[2026-04-07 05:11:28] Текст ошибки: Страница не найдена | Файл: C:\OSPanel\domains\new-ishop2\vendor\wfm\Router.php | Строка: 62
==========
[2026-04-07 05:11:28] Текст ошибки: Страница не найдена | Файл: C:\OSPanel\domains\new-ishop2\vendor\wfm\Router.php | Строка: 62
==========
[2026-04-07 05:11:34] Текст ошибки: Страница не найдена | Файл: C:\OSPanel\domains\new-ishop2\vendor\wfm\Router.php | Строка: 62
==========
[2026-04-07 05:11:34] Текст ошибки: Страница не найдена | Файл: C:\OSPanel\domains\new-ishop2\vendor\wfm\Router.php | Строка: 62
==========
[2026-04-07 05:11:34] Текст ошибки: Страница не найдена | Файл: C:\OSPanel\domains\new-ishop2\vendor\wfm\Router.php | Строка: 62
==========
[2026-04-07 05:11:40] Текст ошибки: Страница не найдена | Файл: C:\OSPanel\domains\new-ishop2\vendor\wfm\Router.php | Строка: 62
==========
[2026-04-07 05:11:40] Текст ошибки: Страница не найдена | Файл: C:\OSPanel\domains\new-ishop2\vendor\wfm\Router.php | Строка: 62
==========
[2026-04-07 05:11:40] Текст ошибки: Страница не найдена | Файл: C:\OSPanel\domains\new-ishop2\vendor\wfm\Router.php | Строка: 62
==========
[2026-04-07 05:11:40] Текст ошибки: Страница не найдена | Файл: C:\OSPanel\domains\new-ishop2\vendor\wfm\Router.php | Строка: 62
==========
[2026-04-07 05:11:40] Текст ошибки: Страница не найдена | Файл: C:\OSPanel\domains\new-ishop2\vendor\wfm\Router.php | Строка: 62
==========
[2026-04-07 05:11:40] Текст ошибки: Страница не найдена | Файл: C:\OSPanel\domains\new-ishop2\vendor\wfm\Router.php | Строка: 62
==========
[2026-04-07 05:11:40] Текст ошибки: Страница не найдена | Файл: C:\OSPanel\domains\new-ishop2\vendor\wfm\Router.php | Строка: 62
==========
[2026-04-07 05:11:40] Текст ошибки: Страница не найдена | Файл: C:\OSPanel\domains\new-ishop2\vendor\wfm\Router.php | Строка: 62
==========
[2026-04-07 05:11:45] Текст ошибки: Страница не найдена | Файл: C:\OSPanel\domains\new-ishop2\vendor\wfm\Router.php | Строка: 62
==========
[2026-04-07 05:11:45] Текст ошибки: Страница не найдена | Файл: C:\OSPanel\domains\new-ishop2\vendor\wfm\Router.php | Строка: 62
==========
[2026-04-07 05:11:45] Текст ошибки: Страница не найдена | Файл: C:\OSPanel\domains\new-ishop2\vendor\wfm\Router.php | Строка: 62
==========
[2026-04-07 05:11:45] Текст ошибки: Страница не найдена | Файл: C:\OSPanel\domains\new-ishop2\vendor\wfm\Router.php | Строка: 62
==========
[2026-04-07 05:11:45] Текст ошибки: Страница не найдена | Файл: C:\OSPanel\domains\new-ishop2\vendor\wfm\Router.php | Строка: 62
==========
[2026-04-07 05:11:45] Текст ошибки: Страница не найдена | Файл: C:\OSPanel\domains\new-ishop2\vendor\wfm\Router.php | Строка: 62
==========
[2026-04-07 05:11:49] Текст ошибки: Страница не найдена | Файл: C:\OSPanel\domains\new-ishop2\vendor\wfm\Router.php | Строка: 62
==========
[2026-04-07 05:11:49] Текст ошибки: Страница не найдена | Файл: C:\OSPanel\domains\new-ishop2\vendor\wfm\Router.php | Строка: 62
==========
[2026-04-07 05:11:49] Текст ошибки: Страница не найдена | Файл: C:\OSPanel\domains\new-ishop2\vendor\wfm\Router.php | Строка: 62
==========
[2026-04-07 05:11:58] Текст ошибки: Страница не найдена | Файл: C:\OSPanel\domains\new-ishop2\vendor\wfm\Router.php | Строка: 62
==========
[2026-04-07 05:11:58] Текст ошибки: Страница не найдена | Файл: C:\OSPanel\domains\new-ishop2\vendor\wfm\Router.php | Строка: 62
==========
[2026-04-07 05:11:58] Текст ошибки: Страница не найдена | Файл: C:\OSPanel\domains\new-ishop2\vendor\wfm\Router.php | Строка: 62
==========
[2026-04-07 05:11:58] Текст ошибки: Страница не найдена | Файл: C:\OSPanel\domains\new-ishop2\vendor\wfm\Router.php | Строка: 62
==========
[2026-04-07 05:11:58] Текст ошибки: Страница не найдена | Файл: C:\OSPanel\domains\new-ishop2\vendor\wfm\Router.php | Строка: 62
==========
[2026-04-07 05:12:01] Текст ошибки: Страница не найдена | Файл: C:\OSPanel\domains\new-ishop2\vendor\wfm\Router.php | Строка: 62
==========
[2026-04-07 05:12:01] Текст ошибки: Страница не найдена | Файл: C:\OSPanel\domains\new-ishop2\vendor\wfm\Router.php | Строка: 62
==========
[2026-04-07 05:12:01] Текст ошибки: Страница не найдена | Файл: C:\OSPanel\domains\new-ishop2\vendor\wfm\Router.php | Строка: 62
==========
[2026-04-07 05:12:01] Текст ошибки: Страница не найдена | Файл: C:\OSPanel\domains\new-ishop2\vendor\wfm\Router.php | Строка: 62
==========
[2026-04-07 05:12:01] Текст ошибки: Страница не найдена | Файл: C:\OSPanel\domains\new-ishop2\vendor\wfm\Router.php | Строка: 62
==========
[2026-04-07 05:12:01] Текст ошибки: Страница не найдена | Файл: C:\OSPanel\domains\new-ishop2\vendor\wfm\Router.php | Строка: 62
==========
[2026-04-07 05:12:01] Текст ошибки: Страница не найдена | Файл: C:\OSPanel\domains\new-ishop2\vendor\wfm\Router.php | Строка: 62
==========
[2026-04-07 05:12:05] Текст ошибки: Страница не найдена | Файл: C:\OSPanel\domains\new-ishop2\vendor\wfm\Router.php | Строка: 62
==========
[2026-04-07 05:12:05] Текст ошибки: Страница не найдена | Файл: C:\OSPanel\domains\new-ishop2\vendor\wfm\Router.php | Строка: 62
==========
[2026-04-07 05:12:05] Текст ошибки: Страница не найдена | Файл: C:\OSPanel\domains\new-ishop2\vendor\wfm\Router.php | Строка: 62
==========
[2026-04-07 05:12:09] Текст ошибки: Страница не найдена | Файл: C:\OSPanel\domains\new-ishop2\vendor\wfm\Router.php | Строка: 62
==========
[2026-04-07 05:12:09] Текст ошибки: Страница не найдена | Файл: C:\OSPanel\domains\new-ishop2\vendor\wfm\Router.php | Строка: 62
==========
[2026-04-07 05:12:09] Текст ошибки: Страница не найдена | Файл: C:\OSPanel\domains\new-ishop2\vendor\wfm\Router.php | Строка: 62
==========
[2026-04-07 05:12:37] Текст ошибки: Страница не найдена | Файл: C:\OSPanel\domains\new-ishop2\vendor\wfm\Router.php | Строка: 62
==========
[2026-04-07 05:12:37] Текст ошибки: Страница не найдена | Файл: C:\OSPanel\domains\new-ishop2\vendor\wfm\Router.php | Строка: 62
==========
[2026-04-07 05:12:47] Текст ошибки: Страница не найдена | Файл: C:\OSPanel\domains\new-ishop2\vendor\wfm\Router.php | Строка: 62
==========
[2026-04-07 05:12:47] Текст ошибки: Страница не найдена | Файл: C:\OSPanel\domains\new-ishop2\vendor\wfm\Router.php | Строка: 62
==========
[2026-04-07 05:12:47] Текст ошибки: Страница не найдена | Файл: C:\OSPanel\domains\new-ishop2\vendor\wfm\Router.php | Строка: 62
==========
[2026-04-07 05:12:55] Текст ошибки: Страница не найдена | Файл: C:\OSPanel\domains\new-ishop2\vendor\wfm\Router.php | Строка: 62
==========
[2026-04-07 05:15:48] Текст ошибки: Страница не найдена | Файл: C:\OSPanel\domains\new-ishop2\vendor\wfm\Router.php | Строка: 62
==========
[2026-04-07 05:15:48] Текст ошибки: Страница не найдена | Файл: C:\OSPanel\domains\new-ishop2\vendor\wfm\Router.php | Строка: 62
==========
[2026-04-07 05:15:53] Текст ошибки: Страница не найдена | Файл: C:\OSPanel\domains\new-ishop2\vendor\wfm\Router.php | Строка: 62
==========
[2026-04-07 05:15:54] Текст ошибки: Страница не найдена | Файл: C:\OSPanel\domains\new-ishop2\vendor\wfm\Router.php | Строка: 62
==========
[2026-04-07 05:16:09] Текст ошибки: Страница не найдена | Файл: C:\OSPanel\domains\new-ishop2\vendor\wfm\Router.php | Строка: 62
==========
[2026-04-07 05:16:09] Текст ошибки: Страница не найдена | Файл: C:\OSPanel\domains\new-ishop2\vendor\wfm\Router.php | Строка: 62
==========
[2026-04-07 05:16:09] Текст ошибки: Страница не найдена | Файл: C:\OSPanel\domains\new-ishop2\vendor\wfm\Router.php | Строка: 62
==========
[2026-04-07 05:16:09] Текст ошибки: Страница не найдена | Файл: C:\OSPanel\domains\new-ishop2\vendor\wfm\Router.php | Строка: 62
==========
[2026-04-07 05:16:09] Текст ошибки: Страница не найдена | Файл: C:\OSPanel\domains\new-ishop2\vendor\wfm\Router.php | Строка: 62
==========
[2026-04-07 05:16:09] Текст ошибки: Страница не найдена | Файл: C:\OSPanel\domains\new-ishop2\vendor\wfm\Router.php | Строка: 62
==========
[2026-04-07 05:16:09] Текст ошибки: Страница не найдена | Файл: C:\OSPanel\domains\new-ishop2\vendor\wfm\Router.php | Строка: 62
==========
[2026-04-07 05:23:52] Текст ошибки: Страница не найдена | Файл: C:\OSPanel\domains\new-ishop2\vendor\wfm\Router.php | Строка: 62
==========
[2026-04-07 05:23:52] Текст ошибки: Страница не найдена | Файл: C:\OSPanel\domains\new-ishop2\vendor\wfm\Router.php | Строка: 62
==========
[2026-04-07 05:23:52] Текст ошибки: Страница не найдена | Файл: C:\OSPanel\domains\new-ishop2\vendor\wfm\Router.php | Строка: 62
==========
[2026-04-07 05:23:56] Текст ошибки: Страница не найдена | Файл: C:\OSPanel\domains\new-ishop2\vendor\wfm\Router.php | Строка: 62
==========
[2026-04-07 05:23:56] Текст ошибки: Страница не найдена | Файл: C:\OSPanel\domains\new-ishop2\vendor\wfm\Router.php | Строка: 62
==========
[2026-04-07 05:23:56] Текст ошибки: Страница не найдена | Файл: C:\OSPanel\domains\new-ishop2\vendor\wfm\Router.php | Строка: 62
==========
[2026-04-07 05:23:59] Текст ошибки: Страница не найдена | Файл: C:\OSPanel\domains\new-ishop2\vendor\wfm\Router.php | Строка: 62
==========
[2026-04-07 05:23:59] Текст ошибки: Страница не найдена | Файл: C:\OSPanel\domains\new-ishop2\vendor\wfm\Router.php | Строка: 62
==========
[2026-04-07 05:24:03] Текст ошибки: Страница не найдена | Файл: C:\OSPanel\domains\new-ishop2\vendor\wfm\Router.php | Строка: 62
==========
[2026-04-07 05:24:03] Текст ошибки: Страница не найдена | Файл: C:\OSPanel\domains\new-ishop2\vendor\wfm\Router.php | Строка: 62
==========
[2026-04-07 05:24:03] Текст ошибки: Страница не найдена | Файл: C:\OSPanel\domains\new-ishop2\vendor\wfm\Router.php | Строка: 62
==========
[2026-04-07 05:24:03] Текст ошибки: Страница не найдена | Файл: C:\OSPanel\domains\new-ishop2\vendor\wfm\Router.php | Строка: 62
==========
[2026-04-07 05:24:03] Текст ошибки: Страница не найдена | Файл: C:\OSPanel\domains\new-ishop2\vendor\wfm\Router.php | Строка: 62
==========
[2026-04-07 05:24:03] Текст ошибки: Страница не найдена | Файл: C:\OSPanel\domains\new-ishop2\vendor\wfm\Router.php | Строка: 62
==========
[2026-04-07 05:24:03] Текст ошибки: Страница не найдена | Файл: C:\OSPanel\domains\new-ishop2\vendor\wfm\Router.php | Строка: 62
==========
[2026-04-07 05:24:03] Текст ошибки: Страница не найдена | Файл: C:\OSPanel\domains\new-ishop2\vendor\wfm\Router.php | Строка: 62
==========
[2026-04-07 05:24:08] Текст ошибки: Страница не найдена | Файл: C:\OSPanel\domains\new-ishop2\vendor\wfm\Router.php | Строка: 62
==========
[2026-04-07 05:24:08] Текст ошибки: Страница не найдена | Файл: C:\OSPanel\domains\new-ishop2\vendor\wfm\Router.php | Строка: 62
==========
[2026-04-07 05:24:08] Текст ошибки: Страница не найдена | Файл: C:\OSPanel\domains\new-ishop2\vendor\wfm\Router.php | Строка: 62
==========
[2026-04-07 10:12:37] Текст ошибки: Страница не найдена | Файл: C:\OSPanel\domains\new-ishop2\vendor\wfm\Router.php | Строка: 62
==========
[2026-04-07 10:12:37] Текст ошибки: Страница не найдена | Файл: C:\OSPanel\domains\new-ishop2\vendor\wfm\Router.php | Строка: 62
==========
[2026-04-07 10:12:40] Текст ошибки: Страница не найдена | Файл: C:\OSPanel\domains\new-ishop2\vendor\wfm\Router.php | Строка: 62
==========
[2026-04-07 10:12:40] Текст ошибки: Страница не найдена | Файл: C:\OSPanel\domains\new-ishop2\vendor\wfm\Router.php | Строка: 62
==========
[2026-04-07 10:12:40] Текст ошибки: Страница не найдена | Файл: C:\OSPanel\domains\new-ishop2\vendor\wfm\Router.php | Строка: 62
==========
[2026-04-08 16:40:06] Текст ошибки: Страница не найдена | Файл: C:\OSPanel\domains\new-ishop2\vendor\wfm\Router.php | Строка: 62
==========
[2026-04-12 04:31:13] Текст ошибки: Страница не найдена | Файл: C:\OSPanel\domains\new-ishop2\vendor\wfm\Router.php | Строка: 62
==========
[2026-04-12 04:31:13] Текст ошибки: Страница не найдена | Файл: C:\OSPanel\domains\new-ishop2\vendor\wfm\Router.php | Строка: 62
==========
[2026-04-12 04:31:13] Текст ошибки: Страница не найдена | Файл: C:\OSPanel\domains\new-ishop2\vendor\wfm\Router.php | Строка: 62
==========
[2026-04-19 09:36:33] Текст ошибки: Страница не найдена | Файл: C:\OSPanel\domains\new-ishop2\vendor\wfm\Router.php | Строка: 62
==========
[2026-04-19 09:36:33] Текст ошибки: Страница не найдена | Файл: C:\OSPanel\domains\new-ishop2\vendor\wfm\Router.php | Строка: 62
==========
[2026-04-19 09:36:33] Текст ошибки: Страница не найдена | Файл: C:\OSPanel\domains\new-ishop2\vendor\wfm\Router.php | Строка: 62
==========
[2026-04-19 09:37:05] Текст ошибки: Страница не найдена | Файл: C:\OSPanel\domains\new-ishop2\vendor\wfm\Router.php | Строка: 62
==========
[2026-04-19 09:37:05] Текст ошибки: Страница не найдена | Файл: C:\OSPanel\domains\new-ishop2\vendor\wfm\Router.php | Строка: 62
==========
[2026-04-19 09:37:14] Текст ошибки: Страница не найдена | Файл: C:\OSPanel\domains\new-ishop2\vendor\wfm\Router.php | Строка: 62
==========
[2026-04-19 09:43:55] Текст ошибки: Страница не найдена | Файл: C:\OSPanel\domains\new-ishop2\vendor\wfm\Router.php | Строка: 62
==========
[2026-04-19 09:43:55] Текст ошибки: Страница не найдена | Файл: C:\OSPanel\domains\new-ishop2\vendor\wfm\Router.php | Строка: 62
==========
[2026-04-19 10:09:11] Текст ошибки: Страница не найдена | Файл: C:\OSPanel\domains\new-ishop2\vendor\wfm\Router.php | Строка: 62
==========
[2026-04-19 10:09:11] Текст ошибки: Страница не найдена | Файл: C:\OSPanel\domains\new-ishop2\vendor\wfm\Router.php | Строка: 62
==========
[2026-04-19 10:09:11] Текст ошибки: Страница не найдена | Файл: C:\OSPanel\domains\new-ishop2\vendor\wfm\Router.php | Строка: 62
==========
[2026-04-19 10:09:11] Текст ошибки: Страница не найдена | Файл: C:\OSPanel\domains\new-ishop2\vendor\wfm\Router.php | Строка: 62
==========
[2026-04-19 10:09:11] Текст ошибки: Страница не найдена | Файл: C:\OSPanel\domains\new-ishop2\vendor\wfm\Router.php | Строка: 62
==========
[2026-04-19 10:12:43] Текст ошибки: Страница не найдена | Файл: C:\OSPanel\domains\new-ishop2\vendor\wfm\Router.php | Строка: 62
==========
[2026-04-19 10:12:43] Текст ошибки: Страница не найдена | Файл: C:\OSPanel\domains\new-ishop2\vendor\wfm\Router.php | Строка: 62
==========
[2026-04-19 10:12:43] Текст ошибки: Страница не найдена | Файл: C:\OSPanel\domains\new-ishop2\vendor\wfm\Router.php | Строка: 62
==========
[2026-04-28 14:46:19] Текст ошибки: Страница не найдена | Файл: C:\OSPanel\domains\new-ishop2\vendor\wfm\Router.php | Строка: 62
==========
[2026-04-28 14:46:19] Текст ошибки: Страница не найдена | Файл: C:\OSPanel\domains\new-ishop2\vendor\wfm\Router.php | Строка: 62
==========
[2026-04-28 14:46:19] Текст ошибки: Страница не найдена | Файл: C:\OSPanel\domains\new-ishop2\vendor\wfm\Router.php | Строка: 62
==========
[2026-04-28 14:50:39] Текст ошибки: Страница не найдена | Файл: C:\OSPanel\domains\new-ishop2\vendor\wfm\Router.php | Строка: 62
==========
[2026-04-28 14:50:39] Текст ошибки: Страница не найдена | Файл: C:\OSPanel\domains\new-ishop2\vendor\wfm\Router.php | Строка: 62
==========
[2026-04-28 14:50:39] Текст ошибки: Страница не найдена | Файл: C:\OSPanel\domains\new-ishop2\vendor\wfm\Router.php | Строка: 62
==========
[2026-04-28 14:50:39] Текст ошибки: Страница не найдена | Файл: C:\OSPanel\domains\new-ishop2\vendor\wfm\Router.php | Строка: 62
==========
[2026-04-28 14:50:56] Текст ошибки: Страница не найдена | Файл: C:\OSPanel\domains\new-ishop2\vendor\wfm\Router.php | Строка: 62
==========
[2026-04-28 14:50:56] Текст ошибки: Страница не найдена | Файл: C:\OSPanel\domains\new-ishop2\vendor\wfm\Router.php | Строка: 62
==========
[2026-04-28 14:50:56] Текст ошибки: Страница не найдена | Файл: C:\OSPanel\domains\new-ishop2\vendor\wfm\Router.php | Строка: 62
==========
[2026-04-28 14:51:58] Текст ошибки: Страница не найдена | Файл: C:\OSPanel\domains\new-ishop2\vendor\wfm\Router.php | Строка: 62
==========
[2026-04-28 14:51:58] Текст ошибки: Страница не найдена | Файл: C:\OSPanel\domains\new-ishop2\vendor\wfm\Router.php | Строка: 62
==========
[2026-04-28 14:52:29] Текст ошибки: Страница не найдена | Файл: C:\OSPanel\domains\new-ishop2\vendor\wfm\Router.php | Строка: 62
==========
[2026-04-28 14:52:29] Текст ошибки: Страница не найдена | Файл: C:\OSPanel\domains\new-ishop2\vendor\wfm\Router.php | Строка: 62
==========
[2026-04-28 14:52:51] Текст ошибки: Страница не найдена | Файл: C:\OSPanel\domains\new-ishop2\vendor\wfm\Router.php | Строка: 62
==========
[2026-04-28 14:52:51] Текст ошибки: Страница не найдена | Файл: C:\OSPanel\domains\new-ishop2\vendor\wfm\Router.php | Строка: 62
==========
[2026-04-28 14:52:51] Текст ошибки: Страница не найдена | Файл: C:\OSPanel\domains\new-ishop2\vendor\wfm\Router.php | Строка: 62
==========
[2026-04-28 14:52:54] Текст ошибки: Страница не найдена | Файл: C:\OSPanel\domains\new-ishop2\vendor\wfm\Router.php | Строка: 62
==========
[2026-04-28 14:52:54] Текст ошибки: Страница не найдена | Файл: C:\OSPanel\domains\new-ishop2\vendor\wfm\Router.php | Строка: 62
==========
[2026-04-28 14:52:54] Текст ошибки: Страница не найдена | Файл: C:\OSPanel\domains\new-ishop2\vendor\wfm\Router.php | Строка: 62
==========
[2026-04-28 14:52:56] Текст ошибки: Страница не найдена | Файл: C:\OSPanel\domains\new-ishop2\vendor\wfm\Router.php | Строка: 62
==========
[2026-04-28 14:52:56] Текст ошибки: Страница не найдена | Файл: C:\OSPanel\domains\new-ishop2\vendor\wfm\Router.php | Строка: 62
==========
[2026-04-28 14:52:56] Текст ошибки: Страница не найдена | Файл: C:\OSPanel\domains\new-ishop2\vendor\wfm\Router.php | Строка: 62
==========
[2026-04-28 15:33:46] Текст ошибки: Страница не найдена | Файл: C:\OSPanel\domains\new-ishop2\vendor\wfm\Router.php | Строка: 62
==========
[2026-04-28 15:33:46] Текст ошибки: Страница не найдена | Файл: C:\OSPanel\domains\new-ishop2\vendor\wfm\Router.php | Строка: 62
==========
[2026-04-28 15:33:46] Текст ошибки: Страница не найдена | Файл: C:\OSPanel\domains\new-ishop2\vendor\wfm\Router.php | Строка: 62
==========
[2026-04-28 15:35:33] Текст ошибки: Страница не найдена | Файл: C:\OSPanel\domains\new-ishop2\vendor\wfm\Router.php | Строка: 62
==========
[2026-04-28 15:35:54] Текст ошибки: Страница не найдена | Файл: C:\OSPanel\domains\new-ishop2\vendor\wfm\Router.php | Строка: 62
==========
[2026-04-28 15:35:59] Текст ошибки: Страница не найдена | Файл: C:\OSPanel\domains\new-ishop2\vendor\wfm\Router.php | Строка: 62
==========
[2026-04-28 15:36:36] Текст ошибки: Страница не найдена | Файл: C:\OSPanel\domains\new-ishop2\vendor\wfm\Router.php | Строка: 62
==========
[2026-04-28 15:36:36] Текст ошибки: Страница не найдена | Файл: C:\OSPanel\domains\new-ishop2\vendor\wfm\Router.php | Строка: 62
==========
[2026-04-28 15:36:36] Текст ошибки: Страница не найдена | Файл: C:\OSPanel\domains\new-ishop2\vendor\wfm\Router.php | Строка: 62
==========
[2026-04-28 15:36:41] Текст ошибки: Страница не найдена | Файл: C:\OSPanel\domains\new-ishop2\vendor\wfm\Router.php | Строка: 62
==========
[2026-04-28 15:36:41] Текст ошибки: Страница не найдена | Файл: C:\OSPanel\domains\new-ishop2\vendor\wfm\Router.php | Строка: 62
==========
[2026-04-28 15:36:41] Текст ошибки: Страница не найдена | Файл: C:\OSPanel\domains\new-ishop2\vendor\wfm\Router.php | Строка: 62
==========
[2026-04-28 15:36:49] Текст ошибки: Страница не найдена | Файл: C:\OSPanel\domains\new-ishop2\vendor\wfm\Router.php | Строка: 62
==========
[2026-04-28 15:36:49] Текст ошибки: Страница не найдена | Файл: C:\OSPanel\domains\new-ishop2\vendor\wfm\Router.php | Строка: 62
==========
[2026-04-29 04:07:47] Текст ошибки: Страница не найдена | Файл: C:\OSPanel\domains\new-ishop2\vendor\wfm\Router.php | Строка: 62
==========
[2026-04-29 04:07:49] Текст ошибки: Страница не найдена | Файл: C:\OSPanel\domains\new-ishop2\vendor\wfm\Router.php | Строка: 62
==========
[2026-04-29 04:36:48] Текст ошибки: Страница не найдена | Файл: C:\OSPanel\domains\new-ishop2\vendor\wfm\Router.php | Строка: 62
==========
[2026-04-29 04:36:48] Текст ошибки: Страница не найдена | Файл: C:\OSPanel\domains\new-ishop2\vendor\wfm\Router.php | Строка: 62
==========
[2026-04-29 04:36:48] Текст ошибки: Страница не найдена | Файл: C:\OSPanel\domains\new-ishop2\vendor\wfm\Router.php | Строка: 62
==========
[2026-04-29 04:36:50] Текст ошибки: Страница не найдена | Файл: C:\OSPanel\domains\new-ishop2\vendor\wfm\Router.php | Строка: 62
==========
[2026-04-29 04:36:50] Текст ошибки: Страница не найдена | Файл: C:\OSPanel\domains\new-ishop2\vendor\wfm\Router.php | Строка: 62
==========
[2026-04-29 04:36:50] Текст ошибки: Страница не найдена | Файл: C:\OSPanel\domains\new-ishop2\vendor\wfm\Router.php | Строка: 62
==========
[2026-04-29 04:36:55] Текст ошибки: Страница не найдена | Файл: C:\OSPanel\domains\new-ishop2\vendor\wfm\Router.php | Строка: 62
==========
[2026-04-29 04:36:55] Текст ошибки: Страница не найдена | Файл: C:\OSPanel\domains\new-ishop2\vendor\wfm\Router.php | Строка: 62
==========
[2026-04-29 04:36:55] Текст ошибки: Страница не найдена | Файл: C:\OSPanel\domains\new-ishop2\vendor\wfm\Router.php | Строка: 62
==========
[2026-04-29 04:37:23] Текст ошибки: Страница не найдена | Файл: C:\OSPanel\domains\new-ishop2\vendor\wfm\Router.php | Строка: 62
==========
[2026-04-29 04:37:23] Текст ошибки: Страница не найдена | Файл: C:\OSPanel\domains\new-ishop2\vendor\wfm\Router.php | Строка: 62
==========
[2026-04-29 04:37:23] Текст ошибки: Страница не найдена | Файл: C:\OSPanel\domains\new-ishop2\vendor\wfm\Router.php | Строка: 62
==========
[2026-04-29 04:37:26] Текст ошибки: Страница не найдена | Файл: C:\OSPanel\domains\new-ishop2\vendor\wfm\Router.php | Строка: 62
==========
[2026-04-29 04:37:26] Текст ошибки: Страница не найдена | Файл: C:\OSPanel\domains\new-ishop2\vendor\wfm\Router.php | Строка: 62
==========
[2026-04-29 04:37:28] Текст ошибки: Страница не найдена | Файл: C:\OSPanel\domains\new-ishop2\vendor\wfm\Router.php | Строка: 62
==========
[2026-04-29 04:37:28] Текст ошибки: Страница не найдена | Файл: C:\OSPanel\domains\new-ishop2\vendor\wfm\Router.php | Строка: 62
==========
[2026-04-29 04:37:28] Текст ошибки: Страница не найдена | Файл: C:\OSPanel\domains\new-ishop2\vendor\wfm\Router.php | Строка: 62
==========
[2026-04-29 04:37:52] Текст ошибки: Страница не найдена | Файл: C:\OSPanel\domains\new-ishop2\vendor\wfm\Router.php | Строка: 62
==========
[2026-04-29 04:37:52] Текст ошибки: Страница не найдена | Файл: C:\OSPanel\domains\new-ishop2\vendor\wfm\Router.php | Строка: 62
==========
[2026-04-29 04:37:55] Текст ошибки: Страница не найдена | Файл: C:\OSPanel\domains\new-ishop2\vendor\wfm\Router.php | Строка: 62
==========
[2026-04-29 04:37:55] Текст ошибки: Страница не найдена | Файл: C:\OSPanel\domains\new-ishop2\vendor\wfm\Router.php | Строка: 62
==========
[2026-04-29 04:37:55] Текст ошибки: Страница не найдена | Файл: C:\OSPanel\domains\new-ishop2\vendor\wfm\Router.php | Строка: 62
==========
[2026-04-29 04:38:46] Текст ошибки: Страница не найдена | Файл: C:\OSPanel\domains\new-ishop2\vendor\wfm\Router.php | Строка: 62
==========
[2026-04-29 04:39:33] Текст ошибки: Страница не найдена | Файл: C:\OSPanel\domains\new-ishop2\vendor\wfm\Router.php | Строка: 62
==========
[2026-04-29 04:40:12] Текст ошибки: Страница не найдена | Файл: C:\OSPanel\domains\new-ishop2\vendor\wfm\Router.php | Строка: 62
==========
[2026-04-29 04:40:12] Текст ошибки: Страница не найдена | Файл: C:\OSPanel\domains\new-ishop2\vendor\wfm\Router.php | Строка: 62
==========
[2026-04-29 04:40:12] Текст ошибки: Страница не найдена | Файл: C:\OSPanel\domains\new-ishop2\vendor\wfm\Router.php | Строка: 62
==========
[2026-04-29 04:40:17] Текст ошибки: Страница не найдена | Файл: C:\OSPanel\domains\new-ishop2\vendor\wfm\Router.php | Строка: 62
==========
[2026-04-29 04:40:17] Текст ошибки: Страница не найдена | Файл: C:\OSPanel\domains\new-ishop2\vendor\wfm\Router.php | Строка: 62
==========
[2026-04-29 04:40:17] Текст ошибки: Страница не найдена | Файл: C:\OSPanel\domains\new-ishop2\vendor\wfm\Router.php | Строка: 62
==========
[2026-04-29 04:40:22] Текст ошибки: Страница не найдена | Файл: C:\OSPanel\domains\new-ishop2\vendor\wfm\Router.php | Строка: 62
==========
[2026-04-29 04:40:22] Текст ошибки: Страница не найдена | Файл: C:\OSPanel\domains\new-ishop2\vendor\wfm\Router.php | Строка: 62
==========
[2026-04-29 04:44:32] Текст ошибки: Страница не найдена | Файл: C:\OSPanel\domains\new-ishop2\vendor\wfm\Router.php | Строка: 62
==========
[2026-04-29 04:44:32] Текст ошибки: Страница не найдена | Файл: C:\OSPanel\domains\new-ishop2\vendor\wfm\Router.php | Строка: 62
==========
[2026-04-29 04:44:32] Текст ошибки: Страница не найдена | Файл: C:\OSPanel\domains\new-ishop2\vendor\wfm\Router.php | Строка: 62
==========
[2026-04-29 04:45:08] Текст ошибки: Страница не найдена | Файл: C:\OSPanel\domains\new-ishop2\vendor\wfm\Router.php | Строка: 62
==========
[2026-04-29 04:45:08] Текст ошибки: Страница не найдена | Файл: C:\OSPanel\domains\new-ishop2\vendor\wfm\Router.php | Строка: 62
==========
[2026-04-29 04:45:08] Текст ошибки: Страница не найдена | Файл: C:\OSPanel\domains\new-ishop2\vendor\wfm\Router.php | Строка: 62
==========
[2026-04-29 04:45:22] Текст ошибки: Страница не найдена | Файл: C:\OSPanel\domains\new-ishop2\vendor\wfm\Router.php | Строка: 62
==========
[2026-04-29 04:45:22] Текст ошибки: Страница не найдена | Файл: C:\OSPanel\domains\new-ishop2\vendor\wfm\Router.php | Строка: 62
==========
[2026-04-29 04:45:22] Текст ошибки: Страница не найдена | Файл: C:\OSPanel\domains\new-ishop2\vendor\wfm\Router.php | Строка: 62
==========
[2026-04-29 04:45:29] Текст ошибки: Страница не найдена | Файл: C:\OSPanel\domains\new-ishop2\vendor\wfm\Router.php | Строка: 62
==========
[2026-04-29 04:45:29] Текст ошибки: Страница не найдена | Файл: C:\OSPanel\domains\new-ishop2\vendor\wfm\Router.php | Строка: 62
==========
[2026-04-29 04:55:19] Текст ошибки: Страница не найдена | Файл: C:\OSPanel\domains\new-ishop2\vendor\wfm\Router.php | Строка: 62
==========
[2026-04-29 04:55:19] Текст ошибки: Страница не найдена | Файл: C:\OSPanel\domains\new-ishop2\vendor\wfm\Router.php | Строка: 62
==========
[2026-04-29 04:55:19] Текст ошибки: Страница не найдена | Файл: C:\OSPanel\domains\new-ishop2\vendor\wfm\Router.php | Строка: 62
==========
[2026-04-29 04:55:23] Текст ошибки: Страница не найдена | Файл: C:\OSPanel\domains\new-ishop2\vendor\wfm\Router.php | Строка: 62
==========
[2026-04-29 04:55:23] Текст ошибки: Страница не найдена | Файл: C:\OSPanel\domains\new-ishop2\vendor\wfm\Router.php | Строка: 62
==========
[2026-04-29 04:55:23] Текст ошибки: Страница не найдена | Файл: C:\OSPanel\domains\new-ishop2\vendor\wfm\Router.php | Строка: 62
==========
[2026-04-29 04:55:27] Текст ошибки: Страница не найдена | Файл: C:\OSPanel\domains\new-ishop2\vendor\wfm\Router.php | Строка: 62
==========
[2026-04-29 04:55:27] Текст ошибки: Страница не найдена | Файл: C:\OSPanel\domains\new-ishop2\vendor\wfm\Router.php | Строка: 62
==========
[2026-04-29 04:55:27] Текст ошибки: Страница не найдена | Файл: C:\OSPanel\domains\new-ishop2\vendor\wfm\Router.php | Строка: 62
==========
[2026-04-29 04:55:30] Текст ошибки: Страница не найдена | Файл: C:\OSPanel\domains\new-ishop2\vendor\wfm\Router.php | Строка: 62
==========
[2026-04-29 04:55:30] Текст ошибки: Страница не найдена | Файл: C:\OSPanel\domains\new-ishop2\vendor\wfm\Router.php | Строка: 62
==========
[2026-04-29 04:55:30] Текст ошибки: Страница не найдена | Файл: C:\OSPanel\domains\new-ishop2\vendor\wfm\Router.php | Строка: 62
==========
[2026-04-29 04:57:52] Текст ошибки: Страница не найдена | Файл: C:\OSPanel\domains\new-ishop2\vendor\wfm\Router.php | Строка: 62
==========
[2026-04-29 04:57:52] Текст ошибки: Страница не найдена | Файл: C:\OSPanel\domains\new-ishop2\vendor\wfm\Router.php | Строка: 62
==========
[2026-04-29 04:57:52] Текст ошибки: Страница не найдена | Файл: C:\OSPanel\domains\new-ishop2\vendor\wfm\Router.php | Строка: 62
==========
[2026-04-29 05:02:13] Текст ошибки: Страница не найдена | Файл: C:\OSPanel\domains\new-ishop2\vendor\wfm\Router.php | Строка: 62
==========
[2026-04-29 05:02:13] Текст ошибки: Страница не найдена | Файл: C:\OSPanel\domains\new-ishop2\vendor\wfm\Router.php | Строка: 62
==========
[2026-04-29 05:02:13] Текст ошибки: Страница не найдена | Файл: C:\OSPanel\domains\new-ishop2\vendor\wfm\Router.php | Строка: 62
==========
[2026-04-29 05:02:16] Текст ошибки: Страница не найдена | Файл: C:\OSPanel\domains\new-ishop2\vendor\wfm\Router.php | Строка: 62
==========
[2026-04-29 05:02:16] Текст ошибки: Страница не найдена | Файл: C:\OSPanel\domains\new-ishop2\vendor\wfm\Router.php | Строка: 62
==========
[2026-04-29 05:02:16] Текст ошибки: Страница не найдена | Файл: C:\OSPanel\domains\new-ishop2\vendor\wfm\Router.php | Строка: 62
==========
[2026-04-29 05:02:20] Текст ошибки: Страница не найдена | Файл: C:\OSPanel\domains\new-ishop2\vendor\wfm\Router.php | Строка: 62
==========
[2026-04-29 05:02:20] Текст ошибки: Страница не найдена | Файл: C:\OSPanel\domains\new-ishop2\vendor\wfm\Router.php | Строка: 62
==========
[2026-04-29 05:02:20] Текст ошибки: Страница не найдена | Файл: C:\OSPanel\domains\new-ishop2\vendor\wfm\Router.php | Строка: 62
==========
[2026-04-29 05:02:23] Текст ошибки: Страница не найдена | Файл: C:\OSPanel\domains\new-ishop2\vendor\wfm\Router.php | Строка: 62
==========
[2026-04-29 05:02:23] Текст ошибки: Страница не найдена | Файл: C:\OSPanel\domains\new-ishop2\vendor\wfm\Router.php | Строка: 62
==========
[2026-04-29 05:02:23] Текст ошибки: Страница не найдена | Файл: C:\OSPanel\domains\new-ishop2\vendor\wfm\Router.php | Строка: 62
==========
[2026-04-29 05:03:46] Текст ошибки: Страница не найдена | Файл: C:\OSPanel\domains\new-ishop2\vendor\wfm\Router.php | Строка: 62
==========
[2026-04-29 05:03:46] Текст ошибки: Страница не найдена | Файл: C:\OSPanel\domains\new-ishop2\vendor\wfm\Router.php | Строка: 62
==========
[2026-04-29 05:03:46] Текст ошибки: Страница не найдена | Файл: C:\OSPanel\domains\new-ishop2\vendor\wfm\Router.php | Строка: 62
==========
[2026-04-29 05:03:49] Текст ошибки: Страница не найдена | Файл: C:\OSPanel\domains\new-ishop2\vendor\wfm\Router.php | Строка: 62
==========
[2026-04-29 05:03:49] Текст ошибки: Страница не найдена | Файл: C:\OSPanel\domains\new-ishop2\vendor\wfm\Router.php | Строка: 62
==========
[2026-04-29 05:03:49] Текст ошибки: Страница не найдена | Файл: C:\OSPanel\domains\new-ishop2\vendor\wfm\Router.php | Строка: 62
==========
[2026-04-29 05:03:52] Текст ошибки: Страница не найдена | Файл: C:\OSPanel\domains\new-ishop2\vendor\wfm\Router.php | Строка: 62
==========
[2026-04-29 05:03:52] Текст ошибки: Страница не найдена | Файл: C:\OSPanel\domains\new-ishop2\vendor\wfm\Router.php | Строка: 62
==========
[2026-04-29 05:03:52] Текст ошибки: Страница не найдена | Файл: C:\OSPanel\domains\new-ishop2\vendor\wfm\Router.php | Строка: 62
==========
[2026-04-29 05:03:55] Текст ошибки: Страница не найдена | Файл: C:\OSPanel\domains\new-ishop2\vendor\wfm\Router.php | Строка: 62
==========
[2026-04-29 05:03:55] Текст ошибки: Страница не найдена | Файл: C:\OSPanel\domains\new-ishop2\vendor\wfm\Router.php | Строка: 62
==========
[2026-04-29 05:03:55] Текст ошибки: Страница не найдена | Файл: C:\OSPanel\domains\new-ishop2\vendor\wfm\Router.php | Строка: 62
==========
[2026-04-29 05:04:29] Текст ошибки: Страница не найдена | Файл: C:\OSPanel\domains\new-ishop2\vendor\wfm\Router.php | Строка: 62
==========
[2026-04-29 05:04:29] Текст ошибки: Страница не найдена | Файл: C:\OSPanel\domains\new-ishop2\vendor\wfm\Router.php | Строка: 62
==========
[2026-04-29 05:04:29] Текст ошибки: Страница не найдена | Файл: C:\OSPanel\domains\new-ishop2\vendor\wfm\Router.php | Строка: 62
==========
[2026-04-29 05:04:32] Текст ошибки: Страница не найдена | Файл: C:\OSPanel\domains\new-ishop2\vendor\wfm\Router.php | Строка: 62
==========
[2026-04-29 05:04:48] Текст ошибки: Страница не найдена | Файл: C:\OSPanel\domains\new-ishop2\vendor\wfm\Router.php | Строка: 62
==========
[2026-04-29 05:04:48] Текст ошибки: Страница не найдена | Файл: C:\OSPanel\domains\new-ishop2\vendor\wfm\Router.php | Строка: 62
==========
[2026-04-29 05:04:48] Текст ошибки: Страница не найдена | Файл: C:\OSPanel\domains\new-ishop2\vendor\wfm\Router.php | Строка: 62
==========
[2026-04-29 05:04:53] Текст ошибки: Страница не найдена | Файл: C:\OSPanel\domains\new-ishop2\vendor\wfm\Router.php | Строка: 62
==========
[2026-04-29 05:05:23] Текст ошибки: Страница не найдена | Файл: C:\OSPanel\domains\new-ishop2\vendor\wfm\Router.php | Строка: 62
==========
[2026-04-29 05:05:23] Текст ошибки: Страница не найдена | Файл: C:\OSPanel\domains\new-ishop2\vendor\wfm\Router.php | Строка: 62
==========
[2026-04-29 05:05:23] Текст ошибки: Страница не найдена | Файл: C:\OSPanel\domains\new-ishop2\vendor\wfm\Router.php | Строка: 62
==========
[2026-04-29 05:05:27] Текст ошибки: Страница не найдена | Файл: C:\OSPanel\domains\new-ishop2\vendor\wfm\Router.php | Строка: 62
==========
[2026-04-29 05:05:27] Текст ошибки: Страница не найдена | Файл: C:\OSPanel\domains\new-ishop2\vendor\wfm\Router.php | Строка: 62
==========
[2026-04-29 05:05:27] Текст ошибки: Страница не найдена | Файл: C:\OSPanel\domains\new-ishop2\vendor\wfm\Router.php | Строка: 62
==========
[2026-04-29 10:58:41] Текст ошибки: Страница не найдена | Файл: C:\OSPanel\domains\new-ishop2\vendor\wfm\Router.php | Строка: 62
==========
[2026-04-29 10:58:41] Текст ошибки: Страница не найдена | Файл: C:\OSPanel\domains\new-ishop2\vendor\wfm\Router.php | Строка: 62
==========
[2026-04-29 10:58:41] Текст ошибки: Страница не найдена | Файл: C:\OSPanel\domains\new-ishop2\vendor\wfm\Router.php | Строка: 62
==========
[2026-04-29 10:58:41] Текст ошибки: Страница не найдена | Файл: C:\OSPanel\domains\new-ishop2\vendor\wfm\Router.php | Строка: 62
==========
[2026-04-29 10:58:41] Текст ошибки: Страница не найдена | Файл: C:\OSPanel\domains\new-ishop2\vendor\wfm\Router.php | Строка: 62
==========
[2026-04-29 10:58:41] Текст ошибки: Страница не найдена | Файл: C:\OSPanel\domains\new-ishop2\vendor\wfm\Router.php | Строка: 62
==========
[2026-04-29 10:58:42] Текст ошибки: Страница не найдена | Файл: C:\OSPanel\domains\new-ishop2\vendor\wfm\Router.php | Строка: 62
==========
[2026-04-29 10:58:42] Текст ошибки: Страница не найдена | Файл: C:\OSPanel\domains\new-ishop2\vendor\wfm\Router.php | Строка: 62
==========
[2026-04-29 10:58:42] Текст ошибки: Страница не найдена | Файл: C:\OSPanel\domains\new-ishop2\vendor\wfm\Router.php | Строка: 62
==========
[2026-04-29 10:59:29] Текст ошибки: Страница не найдена | Файл: C:\OSPanel\domains\new-ishop2\vendor\wfm\Router.php | Строка: 62
==========
[2026-04-29 10:59:29] Текст ошибки: Страница не найдена | Файл: C:\OSPanel\domains\new-ishop2\vendor\wfm\Router.php | Строка: 62
==========
[2026-04-29 10:59:31] Текст ошибки: Страница не найдена | Файл: C:\OSPanel\domains\new-ishop2\vendor\wfm\Router.php | Строка: 62
==========
[2026-04-29 10:59:31] Текст ошибки: Страница не найдена | Файл: C:\OSPanel\domains\new-ishop2\vendor\wfm\Router.php | Строка: 62
==========
[2026-04-29 10:59:31] Текст ошибки: Страница не найдена | Файл: C:\OSPanel\domains\new-ishop2\vendor\wfm\Router.php | Строка: 62
==========
[2026-04-29 10:59:36] Текст ошибки: Страница не найдена | Файл: C:\OSPanel\domains\new-ishop2\vendor\wfm\Router.php | Строка: 62
==========
[2026-04-29 10:59:36] Текст ошибки: Страница не найдена | Файл: C:\OSPanel\domains\new-ishop2\vendor\wfm\Router.php | Строка: 62
==========
[2026-04-29 10:59:36] Текст ошибки: Страница не найдена | Файл: C:\OSPanel\domains\new-ishop2\vendor\wfm\Router.php | Строка: 62
==========
[2026-04-29 10:59:46] Текст ошибки: Страница не найдена | Файл: C:\OSPanel\domains\new-ishop2\vendor\wfm\Router.php | Строка: 62
==========
[2026-04-29 10:59:46] Текст ошибки: Страница не найдена | Файл: C:\OSPanel\domains\new-ishop2\vendor\wfm\Router.php | Строка: 62
==========
[2026-04-29 11:05:27] Текст ошибки: Страница не найдена | Файл: C:\OSPanel\domains\new-ishop2\vendor\wfm\Router.php | Строка: 62
==========
[2026-04-29 11:05:27] Текст ошибки: Страница не найдена | Файл: C:\OSPanel\domains\new-ishop2\vendor\wfm\Router.php | Строка: 62
==========
[2026-04-29 11:05:27] Текст ошибки: Страница не найдена | Файл: C:\OSPanel\domains\new-ishop2\vendor\wfm\Router.php | Строка: 62
==========
[2026-04-29 11:08:42] Текст ошибки: Страница не найдена | Файл: C:\OSPanel\domains\new-ishop2\vendor\wfm\Router.php | Строка: 62
==========
[2026-04-29 11:08:42] Текст ошибки: Страница не найдена | Файл: C:\OSPanel\domains\new-ishop2\vendor\wfm\Router.php | Строка: 62
==========
[2026-04-29 11:08:43] Текст ошибки: Страница не найдена | Файл: C:\OSPanel\domains\new-ishop2\vendor\wfm\Router.php | Строка: 62
==========
[2026-04-29 11:10:13] Текст ошибки: Страница не найдена | Файл: C:\OSPanel\domains\new-ishop2\vendor\wfm\Router.php | Строка: 62
==========
[2026-04-29 11:10:13] Текст ошибки: Страница не найдена | Файл: C:\OSPanel\domains\new-ishop2\vendor\wfm\Router.php | Строка: 62
==========
[2026-04-29 11:10:13] Текст ошибки: Страница не найдена | Файл: C:\OSPanel\domains\new-ishop2\vendor\wfm\Router.php | Строка: 62
==========
[2026-04-29 11:30:05] Текст ошибки: Страница не найдена | Файл: C:\OSPanel\domains\new-ishop2\vendor\wfm\Router.php | Строка: 62
==========
[2026-04-29 11:30:05] Текст ошибки: Страница не найдена | Файл: C:\OSPanel\domains\new-ishop2\vendor\wfm\Router.php | Строка: 62
==========
[2026-04-29 11:30:05] Текст ошибки: Страница не найдена | Файл: C:\OSPanel\domains\new-ishop2\vendor\wfm\Router.php | Строка: 62
==========
[2026-04-29 11:34:14] Текст ошибки: Страница не найдена | Файл: C:\OSPanel\domains\new-ishop2\vendor\wfm\Router.php | Строка: 62
==========
[2026-04-29 11:34:14] Текст ошибки: Страница не найдена | Файл: C:\OSPanel\domains\new-ishop2\vendor\wfm\Router.php | Строка: 62
==========
[2026-04-29 11:34:14] Текст ошибки: Страница не найдена | Файл: C:\OSPanel\domains\new-ishop2\vendor\wfm\Router.php | Строка: 62
==========
[2026-04-29 11:34:18] Текст ошибки: Страница не найдена | Файл: C:\OSPanel\domains\new-ishop2\vendor\wfm\Router.php | Строка: 62
==========
[2026-04-29 11:34:18] Текст ошибки: Страница не найдена | Файл: C:\OSPanel\domains\new-ishop2\vendor\wfm\Router.php | Строка: 62
==========
[2026-04-29 12:59:42] Текст ошибки: Страница не найдена | Файл: C:\OSPanel\domains\new-ishop2\vendor\wfm\Router.php | Строка: 62
==========
[2026-04-29 12:59:42] Текст ошибки: Страница не найдена | Файл: C:\OSPanel\domains\new-ishop2\vendor\wfm\Router.php | Строка: 62
==========
[2026-04-29 12:59:42] Текст ошибки: Страница не найдена | Файл: C:\OSPanel\domains\new-ishop2\vendor\wfm\Router.php | Строка: 62
==========
[2026-04-29 13:02:23] Текст ошибки: Страница не найдена | Файл: C:\OSPanel\domains\new-ishop2\vendor\wfm\Router.php | Строка: 62
==========
[2026-04-29 13:02:23] Текст ошибки: Страница не найдена | Файл: C:\OSPanel\domains\new-ishop2\vendor\wfm\Router.php | Строка: 62
==========
[2026-04-29 13:02:23] Текст ошибки: Страница не найдена | Файл: C:\OSPanel\domains\new-ishop2\vendor\wfm\Router.php | Строка: 62
==========
[2026-04-29 13:10:14] Текст ошибки: Страница не найдена | Файл: C:\OSPanel\domains\new-ishop2\vendor\wfm\Router.php | Строка: 62
==========
[2026-04-29 13:10:14] Текст ошибки: Страница не найдена | Файл: C:\OSPanel\domains\new-ishop2\vendor\wfm\Router.php | Строка: 62
==========
[2026-04-29 13:10:14] Текст ошибки: Страница не найдена | Файл: C:\OSPanel\domains\new-ishop2\vendor\wfm\Router.php | Строка: 62
==========
[2026-04-29 13:10:25] Текст ошибки: Страница не найдена | Файл: C:\OSPanel\domains\new-ishop2\vendor\wfm\Router.php | Строка: 62
==========
[2026-04-29 13:10:25] Текст ошибки: Страница не найдена | Файл: C:\OSPanel\domains\new-ishop2\vendor\wfm\Router.php | Строка: 62
==========
[2026-04-29 13:17:18] Текст ошибки: Undefined variable $len | Файл: C:\OSPanel\domains\new-ishop2\app\views\parts\header.php | Строка: 33
==========
[2026-04-29 13:17:59] Текст ошибки: Страница не найдена | Файл: C:\OSPanel\domains\new-ishop2\vendor\wfm\Router.php | Строка: 62
==========
[2026-04-29 13:17:59] Текст ошибки: Страница не найдена | Файл: C:\OSPanel\domains\new-ishop2\vendor\wfm\Router.php | Строка: 62
==========
[2026-04-29 13:17:59] Текст ошибки: Страница не найдена | Файл: C:\OSPanel\domains\new-ishop2\vendor\wfm\Router.php | Строка: 62
==========
[2026-04-29 13:18:13] Текст ошибки: Страница не найдена | Файл: C:\OSPanel\domains\new-ishop2\vendor\wfm\Router.php | Строка: 62
==========
[2026-04-29 13:18:13] Текст ошибки: Страница не найдена | Файл: C:\OSPanel\domains\new-ishop2\vendor\wfm\Router.php | Строка: 62
==========
[2026-04-29 13:22:17] Текст ошибки: Страница не найдена | Файл: C:\OSPanel\domains\new-ishop2\vendor\wfm\Router.php | Строка: 62
==========
[2026-04-29 13:22:17] Текст ошибки: Страница не найдена | Файл: C:\OSPanel\domains\new-ishop2\vendor\wfm\Router.php | Строка: 62
==========
[2026-04-29 13:22:17] Текст ошибки: Страница не найдена | Файл: C:\OSPanel\domains\new-ishop2\vendor\wfm\Router.php | Строка: 62
==========
[2026-04-29 13:22:28] Текст ошибки: Страница не найдена | Файл: C:\OSPanel\domains\new-ishop2\vendor\wfm\Router.php | Строка: 62
==========
[2026-04-29 13:22:28] Текст ошибки: Страница не найдена | Файл: C:\OSPanel\domains\new-ishop2\vendor\wfm\Router.php | Строка: 62
==========
[2026-04-29 13:22:28] Текст ошибки: Страница не найдена | Файл: C:\OSPanel\domains\new-ishop2\vendor\wfm\Router.php | Строка: 62
==========
[2026-04-29 13:22:34] Текст ошибки: Страница не найдена | Файл: C:\OSPanel\domains\new-ishop2\vendor\wfm\Router.php | Строка: 62
==========
[2026-04-29 13:22:34] Текст ошибки: Страница не найдена | Файл: C:\OSPanel\domains\new-ishop2\vendor\wfm\Router.php | Строка: 62
==========
[2026-04-29 13:22:34] Текст ошибки: Страница не найдена | Файл: C:\OSPanel\domains\new-ishop2\vendor\wfm\Router.php | Строка: 62
==========
[2026-04-29 13:24:57] Текст ошибки: Страница не найдена | Файл: C:\OSPanel\domains\new-ishop2\vendor\wfm\Router.php | Строка: 62
==========
[2026-04-29 13:24:57] Текст ошибки: Страница не найдена | Файл: C:\OSPanel\domains\new-ishop2\vendor\wfm\Router.php | Строка: 62
==========
[2026-04-29 13:24:57] Текст ошибки: Страница не найдена | Файл: C:\OSPanel\domains\new-ishop2\vendor\wfm\Router.php | Строка: 62
==========
[2026-04-29 13:25:03] Текст ошибки: Страница не найдена | Файл: C:\OSPanel\domains\new-ishop2\vendor\wfm\Router.php | Строка: 62
==========
[2026-04-29 13:25:03] Текст ошибки: Страница не найдена | Файл: C:\OSPanel\domains\new-ishop2\vendor\wfm\Router.php | Строка: 62
==========
[2026-04-29 13:25:08] Текст ошибки: Страница не найдена | Файл: C:\OSPanel\domains\new-ishop2\vendor\wfm\Router.php | Строка: 62
==========
[2026-04-29 13:25:08] Текст ошибки: Страница не найдена | Файл: C:\OSPanel\domains\new-ishop2\vendor\wfm\Router.php | Строка: 62
==========
[2026-04-29 13:25:08] Текст ошибки: Страница не найдена | Файл: C:\OSPanel\domains\new-ishop2\vendor\wfm\Router.php | Строка: 62
==========
[2026-04-29 13:25:50] Текст ошибки: Страница не найдена | Файл: C:\OSPanel\domains\new-ishop2\vendor\wfm\Router.php | Строка: 62
==========
[2026-04-29 13:25:50] Текст ошибки: Страница не найдена | Файл: C:\OSPanel\domains\new-ishop2\vendor\wfm\Router.php | Строка: 62
==========
[2026-04-29 13:25:50] Текст ошибки: Страница не найдена | Файл: C:\OSPanel\domains\new-ishop2\vendor\wfm\Router.php | Строка: 62
==========
[2026-04-29 13:25:55] Текст ошибки: Страница не найдена | Файл: C:\OSPanel\domains\new-ishop2\vendor\wfm\Router.php | Строка: 62
==========
[2026-04-29 13:25:55] Текст ошибки: Страница не найдена | Файл: C:\OSPanel\domains\new-ishop2\vendor\wfm\Router.php | Строка: 62
==========
[2026-04-29 13:25:55] Текст ошибки: Страница не найдена | Файл: C:\OSPanel\domains\new-ishop2\vendor\wfm\Router.php | Строка: 62
==========
[2026-04-29 13:28:21] Текст ошибки: Страница не найдена | Файл: C:\OSPanel\domains\new-ishop2\vendor\wfm\Router.php | Строка: 62
==========
[2026-04-29 13:28:21] Текст ошибки: Страница не найдена | Файл: C:\OSPanel\domains\new-ishop2\vendor\wfm\Router.php | Строка: 62
==========
[2026-04-29 13:28:21] Текст ошибки: Страница не найдена | Файл: C:\OSPanel\domains\new-ishop2\vendor\wfm\Router.php | Строка: 62
==========
[2026-04-29 13:28:24] Текст ошибки: Страница не найдена | Файл: C:\OSPanel\domains\new-ishop2\vendor\wfm\Router.php | Строка: 62
==========
[2026-04-29 13:28:24] Текст ошибки: Страница не найдена | Файл: C:\OSPanel\domains\new-ishop2\vendor\wfm\Router.php | Строка: 62
==========
[2026-04-29 13:28:24] Текст ошибки: Страница не найдена | Файл: C:\OSPanel\domains\new-ishop2\vendor\wfm\Router.php | Строка: 62
==========
[2026-04-29 13:28:32] Текст ошибки: Страница не найдена | Файл: C:\OSPanel\domains\new-ishop2\vendor\wfm\Router.php | Строка: 62
==========
[2026-04-29 13:28:32] Текст ошибки: Страница не найдена | Файл: C:\OSPanel\domains\new-ishop2\vendor\wfm\Router.php | Строка: 62
==========
[2026-04-29 13:28:32] Текст ошибки: Страница не найдена | Файл: C:\OSPanel\domains\new-ishop2\vendor\wfm\Router.php | Строка: 62
==========
[2026-04-29 13:28:34] Текст ошибки: Страница не найдена | Файл: C:\OSPanel\domains\new-ishop2\vendor\wfm\Router.php | Строка: 62
==========
[2026-04-29 13:28:34] Текст ошибки: Страница не найдена | Файл: C:\OSPanel\domains\new-ishop2\vendor\wfm\Router.php | Строка: 62
==========
[2026-04-29 13:28:39] Текст ошибки: Страница не найдена | Файл: C:\OSPanel\domains\new-ishop2\vendor\wfm\Router.php | Строка: 62
==========
[2026-04-29 13:28:39] Текст ошибки: Страница не найдена | Файл: C:\OSPanel\domains\new-ishop2\vendor\wfm\Router.php | Строка: 62
==========
[2026-04-29 13:28:39] Текст ошибки: Страница не найдена | Файл: C:\OSPanel\domains\new-ishop2\vendor\wfm\Router.php | Строка: 62
==========
[2026-04-29 13:29:24] Текст ошибки: Страница не найдена | Файл: C:\OSPanel\domains\new-ishop2\vendor\wfm\Router.php | Строка: 62
==========
[2026-04-29 13:29:24] Текст ошибки: Страница не найдена | Файл: C:\OSPanel\domains\new-ishop2\vendor\wfm\Router.php | Строка: 62
==========
[2026-04-29 13:29:24] Текст ошибки: Страница не найдена | Файл: C:\OSPanel\domains\new-ishop2\vendor\wfm\Router.php | Строка: 62
==========
[2026-04-29 14:17:25] Текст ошибки: Страница не найдена | Файл: C:\OSPanel\domains\new-ishop2\vendor\wfm\Router.php | Строка: 62
==========
[2026-04-29 14:17:25] Текст ошибки: Страница не найдена | Файл: C:\OSPanel\domains\new-ishop2\vendor\wfm\Router.php | Строка: 62
==========
[2026-04-29 14:17:25] Текст ошибки: Страница не найдена | Файл: C:\OSPanel\domains\new-ishop2\vendor\wfm\Router.php | Строка: 62
==========
[2026-04-29 14:22:34] Текст ошибки: Страница не найдена | Файл: C:\OSPanel\domains\new-ishop2\vendor\wfm\Router.php | Строка: 62
==========
[2026-04-29 14:22:34] Текст ошибки: Страница не найдена | Файл: C:\OSPanel\domains\new-ishop2\vendor\wfm\Router.php | Строка: 62
==========
[2026-04-29 14:22:34] Текст ошибки: Страница не найдена | Файл: C:\OSPanel\domains\new-ishop2\vendor\wfm\Router.php | Строка: 62
==========
[2026-04-29 14:23:43] Текст ошибки: Страница не найдена | Файл: C:\OSPanel\domains\new-ishop2\vendor\wfm\Router.php | Строка: 62
==========
[2026-04-29 14:23:43] Текст ошибки: Страница не найдена | Файл: C:\OSPanel\domains\new-ishop2\vendor\wfm\Router.php | Строка: 62
==========
[2026-04-29 14:23:43] Текст ошибки: Страница не найдена | Файл: C:\OSPanel\domains\new-ishop2\vendor\wfm\Router.php | Строка: 62
==========
[2026-04-29 14:23:43] Текст ошибки: Страница не найдена | Файл: C:\OSPanel\domains\new-ishop2\vendor\wfm\Router.php | Строка: 62
==========
[2026-04-29 14:24:33] Текст ошибки: Страница не найдена | Файл: C:\OSPanel\domains\new-ishop2\vendor\wfm\Router.php | Строка: 62
==========
[2026-04-29 14:24:33] Текст ошибки: Страница не найдена | Файл: C:\OSPanel\domains\new-ishop2\vendor\wfm\Router.php | Строка: 62
==========
[2026-04-29 14:24:33] Текст ошибки: Страница не найдена | Файл: C:\OSPanel\domains\new-ishop2\vendor\wfm\Router.php | Строка: 62
==========
[2026-04-29 14:24:39] Текст ошибки: Страница не найдена | Файл: C:\OSPanel\domains\new-ishop2\vendor\wfm\Router.php | Строка: 62
==========
[2026-04-29 14:24:39] Текст ошибки: Страница не найдена | Файл: C:\OSPanel\domains\new-ishop2\vendor\wfm\Router.php | Строка: 62
==========
[2026-04-29 14:24:39] Текст ошибки: Страница не найдена | Файл: C:\OSPanel\domains\new-ishop2\vendor\wfm\Router.php | Строка: 62
==========
[2026-04-29 14:24:40] Текст ошибки: Страница не найдена | Файл: C:\OSPanel\domains\new-ishop2\vendor\wfm\Router.php | Строка: 62
==========
[2026-04-29 14:24:40] Текст ошибки: Страница не найдена | Файл: C:\OSPanel\domains\new-ishop2\vendor\wfm\Router.php | Строка: 62
==========
[2026-04-29 14:24:40] Текст ошибки: Страница не найдена | Файл: C:\OSPanel\domains\new-ishop2\vendor\wfm\Router.php | Строка: 62
==========
[2026-04-29 14:26:58] Текст ошибки: Страница не найдена | Файл: C:\OSPanel\domains\new-ishop2\vendor\wfm\Router.php | Строка: 62
==========
[2026-04-29 14:26:58] Текст ошибки: Страница не найдена | Файл: C:\OSPanel\domains\new-ishop2\vendor\wfm\Router.php | Строка: 62
==========
[2026-04-29 14:26:58] Текст ошибки: Страница не найдена | Файл: C:\OSPanel\domains\new-ishop2\vendor\wfm\Router.php | Строка: 62
==========
[2026-04-29 14:27:01] Текст ошибки: Страница не найдена | Файл: C:\OSPanel\domains\new-ishop2\vendor\wfm\Router.php | Строка: 62
==========
[2026-04-29 14:27:01] Текст ошибки: Страница не найдена | Файл: C:\OSPanel\domains\new-ishop2\vendor\wfm\Router.php | Строка: 62
==========
[2026-04-29 14:27:01] Текст ошибки: Страница не найдена | Файл: C:\OSPanel\domains\new-ishop2\vendor\wfm\Router.php | Строка: 62
==========
[2026-04-29 14:27:08] Текст ошибки: Страница не найдена | Файл: C:\OSPanel\domains\new-ishop2\vendor\wfm\Router.php | Строка: 62
==========
[2026-04-29 14:27:08] Текст ошибки: Страница не найдена | Файл: C:\OSPanel\domains\new-ishop2\vendor\wfm\Router.php | Строка: 62
==========
[2026-04-29 14:27:08] Текст ошибки: Страница не найдена | Файл: C:\OSPanel\domains\new-ishop2\vendor\wfm\Router.php | Строка: 62
==========
[2026-04-29 14:27:23] Текст ошибки: Страница не найдена | Файл: C:\OSPanel\domains\new-ishop2\vendor\wfm\Router.php | Строка: 62
==========
[2026-04-29 14:27:23] Текст ошибки: Страница не найдена | Файл: C:\OSPanel\domains\new-ishop2\vendor\wfm\Router.php | Строка: 62
==========
[2026-04-29 14:27:23] Текст ошибки: Страница не найдена | Файл: C:\OSPanel\domains\new-ishop2\vendor\wfm\Router.php | Строка: 62
==========
[2026-04-29 14:27:42] Текст ошибки: Страница не найдена | Файл: C:\OSPanel\domains\new-ishop2\vendor\wfm\Router.php | Строка: 62
==========
[2026-04-29 14:30:25] Текст ошибки: Страница не найдена | Файл: C:\OSPanel\domains\new-ishop2\vendor\wfm\Router.php | Строка: 62
==========
[2026-04-29 14:30:25] Текст ошибки: Страница не найдена | Файл: C:\OSPanel\domains\new-ishop2\vendor\wfm\Router.php | Строка: 62
==========
[2026-04-29 14:30:25] Текст ошибки: Страница не найдена | Файл: C:\OSPanel\domains\new-ishop2\vendor\wfm\Router.php | Строка: 62
==========
[2026-04-29 14:33:55] Текст ошибки: Страница не найдена | Файл: C:\OSPanel\domains\new-ishop2\vendor\wfm\Router.php | Строка: 62
==========
[2026-04-29 14:33:55] Текст ошибки: Страница не найдена | Файл: C:\OSPanel\domains\new-ishop2\vendor\wfm\Router.php | Строка: 62
==========
[2026-04-29 14:33:55] Текст ошибки: Страница не найдена | Файл: C:\OSPanel\domains\new-ishop2\vendor\wfm\Router.php | Строка: 62
==========
[2026-04-29 14:34:01] Текст ошибки: Страница не найдена | Файл: C:\OSPanel\domains\new-ishop2\vendor\wfm\Router.php | Строка: 62
==========
[2026-04-29 14:34:01] Текст ошибки: Страница не найдена | Файл: C:\OSPanel\domains\new-ishop2\vendor\wfm\Router.php | Строка: 62
==========
[2026-04-29 14:34:01] Текст ошибки: Страница не найдена | Файл: C:\OSPanel\domains\new-ishop2\vendor\wfm\Router.php | Строка: 62
==========
[2026-04-29 14:34:07] Текст ошибки: Страница не найдена | Файл: C:\OSPanel\domains\new-ishop2\vendor\wfm\Router.php | Строка: 62
==========
[2026-04-29 14:34:07] Текст ошибки: Страница не найдена | Файл: C:\OSPanel\domains\new-ishop2\vendor\wfm\Router.php | Строка: 62
==========
[2026-04-29 14:34:07] Текст ошибки: Страница не найдена | Файл: C:\OSPanel\domains\new-ishop2\vendor\wfm\Router.php | Строка: 62
==========
[2026-04-29 14:42:47] Текст ошибки: Страница не найдена | Файл: C:\OSPanel\domains\new-ishop2\vendor\wfm\Router.php | Строка: 62
==========
[2026-04-29 14:42:47] Текст ошибки: Страница не найдена | Файл: C:\OSPanel\domains\new-ishop2\vendor\wfm\Router.php | Строка: 62
==========
[2026-04-29 14:42:47] Текст ошибки: Страница не найдена | Файл: C:\OSPanel\domains\new-ishop2\vendor\wfm\Router.php | Строка: 62
==========
[2026-04-29 14:42:50] Текст ошибки: Страница не найдена | Файл: C:\OSPanel\domains\new-ishop2\vendor\wfm\Router.php | Строка: 62
==========
[2026-04-29 14:42:50] Текст ошибки: Страница не найдена | Файл: C:\OSPanel\domains\new-ishop2\vendor\wfm\Router.php | Строка: 62
==========
[2026-04-29 14:42:52] Текст ошибки: Страница не найдена | Файл: C:\OSPanel\domains\new-ishop2\vendor\wfm\Router.php | Строка: 62
==========
[2026-04-29 14:42:52] Текст ошибки: Страница не найдена | Файл: C:\OSPanel\domains\new-ishop2\vendor\wfm\Router.php | Строка: 62
==========
[2026-04-29 14:42:52] Текст ошибки: Страница не найдена | Файл: C:\OSPanel\domains\new-ishop2\vendor\wfm\Router.php | Строка: 62
==========
[2026-04-29 14:43:50] Текст ошибки: Страница не найдена | Файл: C:\OSPanel\domains\new-ishop2\vendor\wfm\Router.php | Строка: 62
==========
[2026-04-29 14:43:50] Текст ошибки: Страница не найдена | Файл: C:\OSPanel\domains\new-ishop2\vendor\wfm\Router.php | Строка: 62
==========
[2026-04-29 14:43:50] Текст ошибки: Страница не найдена | Файл: C:\OSPanel\domains\new-ishop2\vendor\wfm\Router.php | Строка: 62
==========
[2026-04-29 14:43:52] Текст ошибки: Страница не найдена | Файл: C:\OSPanel\domains\new-ishop2\vendor\wfm\Router.php | Строка: 62
==========
[2026-04-29 14:43:52] Текст ошибки: Страница не найдена | Файл: C:\OSPanel\domains\new-ishop2\vendor\wfm\Router.php | Строка: 62
==========
[2026-04-29 14:43:52] Текст ошибки: Страница не найдена | Файл: C:\OSPanel\domains\new-ishop2\vendor\wfm\Router.php | Строка: 62
==========
[2026-04-29 14:43:56] Текст ошибки: Страница не найдена | Файл: C:\OSPanel\domains\new-ishop2\vendor\wfm\Router.php | Строка: 62
==========
[2026-04-29 14:43:56] Текст ошибки: Страница не найдена | Файл: C:\OSPanel\domains\new-ishop2\vendor\wfm\Router.php | Строка: 62
==========
[2026-04-29 14:43:56] Текст ошибки: Страница не найдена | Файл: C:\OSPanel\domains\new-ishop2\vendor\wfm\Router.php | Строка: 62
==========
[2026-04-30 04:11:25] Текст ошибки: Страница не найдена | Файл: C:\OSPanel\domains\new-ishop2\vendor\wfm\Router.php | Строка: 62
==========
[2026-04-30 04:11:25] Текст ошибки: Страница не найдена | Файл: C:\OSPanel\domains\new-ishop2\vendor\wfm\Router.php | Строка: 62
==========
[2026-04-30 04:32:03] Текст ошибки: Страница не найдена | Файл: C:\OSPanel\domains\new-ishop2\vendor\wfm\Router.php | Строка: 62
==========
[2026-04-30 04:32:03] Текст ошибки: Страница не найдена | Файл: C:\OSPanel\domains\new-ishop2\vendor\wfm\Router.php | Строка: 62
==========
[2026-04-30 04:32:03] Текст ошибки: Страница не найдена | Файл: C:\OSPanel\domains\new-ishop2\vendor\wfm\Router.php | Строка: 62
==========
[2026-04-30 04:32:06] Текст ошибки: Страница не найдена | Файл: C:\OSPanel\domains\new-ishop2\vendor\wfm\Router.php | Строка: 62
==========
[2026-04-30 04:32:17] Текст ошибки: Страница не найдена | Файл: C:\OSPanel\domains\new-ishop2\vendor\wfm\Router.php | Строка: 62
==========
[2026-04-30 04:32:17] Текст ошибки: Страница не найдена | Файл: C:\OSPanel\domains\new-ishop2\vendor\wfm\Router.php | Строка: 62
==========
[2026-04-30 04:32:17] Текст ошибки: Страница не найдена | Файл: C:\OSPanel\domains\new-ishop2\vendor\wfm\Router.php | Строка: 62
==========
[2026-04-30 04:32:23] Текст ошибки: Страница не найдена | Файл: C:\OSPanel\domains\new-ishop2\vendor\wfm\Router.php | Строка: 62
==========
[2026-04-30 04:32:23] Текст ошибки: Страница не найдена | Файл: C:\OSPanel\domains\new-ishop2\vendor\wfm\Router.php | Строка: 62
==========
[2026-04-30 04:32:23] Текст ошибки: Страница не найдена | Файл: C:\OSPanel\domains\new-ishop2\vendor\wfm\Router.php | Строка: 62
==========
[2026-04-30 04:32:24] Текст ошибки: Страница не найдена | Файл: C:\OSPanel\domains\new-ishop2\vendor\wfm\Router.php | Строка: 62
==========
[2026-04-30 05:21:41] Текст ошибки: Страница не найдена | Файл: C:\OSPanel\domains\new-ishop2\vendor\wfm\Router.php | Строка: 62
==========
[2026-04-30 05:21:41] Текст ошибки: Страница не найдена | Файл: C:\OSPanel\domains\new-ishop2\vendor\wfm\Router.php | Строка: 62
==========
[2026-04-30 05:21:41] Текст ошибки: Страница не найдена | Файл: C:\OSPanel\domains\new-ishop2\vendor\wfm\Router.php | Строка: 62
==========
